contact_uuid,first_name,last_name,source,language_code,decision,country,region,state,messages,topic,Unnamed: 11,messages_cleaned
57d33318-8dad-4f74-bba9-5baf5b1d6c82,Sarah,Jones,Website,en,I do not want to follow Jesus,United States,Ontario,Texas,"I have been using alcohol to numb my pain, but I know it’s not the answer. How do I find healing through God instead?",Alcoholism and Drug Addiction,20.0,using alcohol numb pain know find healing god instead
fac69206-6fcb-4f4f-81dc-b2750948f2f0,Nathan,Anderson,Website,en,I just decided to follow Jesus,South Africa,Cape Town,New York,"I have been through detox before, but I always go back. How do I make a lasting change?",Alcoholism and Drug Addiction,,detox always go make lasting change
8e008cea-799a-4aa5-ab05-f81e5f75f806,Ryan,Martin,Social Media,en,I want to come back to Jesus,Canada,Sydney,London,I feel like my past defines me. How do I embrace the future that God has for me?,Alcoholism and Drug Addiction,,feel like past defines embrace future god
f2f99a14-b354-4c6f-80eb-ddcd6971f97d,David,Brown,Social Media,en,I just decided to follow Jesus,Australia,Cape Town,Ontario,I feel like I am at war with myself. How do I find peace in God’s promises?,Alcoholism and Drug Addiction,,feel like war find peace promises
d90ff358-b4f6-4822-bf73-fd321822d4ee,Ashley,Davis,Social Media,en,I am not sure about Jesus,South Africa,New York,Ontario,"I used to believe in God, but my addiction made me question everything. How do I find my faith again?",Alcoholism and Drug Addiction,,used believe god addiction made question find faith
058d007c-1ab2-4118-8266-d6761c1ad0c7,Lauren,Anderson,Referral,en,Christian - grow in my faith,South Africa,Texas,New York,I am afraid of disappointing the people who are helping me through recovery. How do I stay accountable?,Alcoholism and Drug Addiction,,afraid disappointing people helping stay accountable
96de0c35-3c6b-4d42-94ae-cabf59dfccbd,Nathan,Martin,Email,en,I just decided to follow Jesus,Australia,Cape Town,New York,I have lost everything because of my addiction. How do I rebuild my life with God’s help?,Alcoholism and Drug Addiction,,lost everything rebuild life help
cfc0948a-e849-42ac-87ed-6e41b8dbcbe5,Emily,Moore,Email,en,I am not sure about Jesus,Australia,California,Western Cape,"I want to be free from addiction, but I feel like I don’t deserve it. Can God still save me?",Alcoholism and Drug Addiction,,want free addiction feel like deserve god still save
b7e27af4-2ba1-4505-81e2-066108a9e778,David,Brown,Email,en,Christian - grow in my faith,South Africa,London,Texas,I feel so weak in my recovery journey. How do I rely on God’s strength instead of my own?,Alcoholism and Drug Addiction,,feel weak recovery rely strength instead
6cf164e4-f044-45b6-8ce4-ac2828cb93e8,Samantha,Garcia,Email,en,Christian - grow in my faith,South Africa,California,New South Wales,I have been trying to quit in secret because I am afraid of judgment. How do I ask for help without shame?,Alcoholism and Drug Addiction,,trying quit secret afraid ask help without shame
ebb3bda8-9b06-459b-be0a-91c40c188f07,David,Gonzalez,Event,en,I just decided to follow Jesus,South Africa,Texas,New South Wales,I feel like no one understands what I am going through. Does God really see my struggles?,Alcoholism and Drug Addiction,,feel like one understands going god really see struggles
733e69d0-814c-4a0f-a9aa-63ea3093ea2b,Hannah,Jones,Website,en,I want to come back to Jesus,United States,London,New South Wales,"I have been sober for a while, but I still have cravings. How do I stay strong in my faith?",Alcoholism and Drug Addiction,,sober still stay strong faith
366c5e25-104f-4958-9539-6c5a68cf3ed9,Matthew,Jones,Email,en,I do not want to follow Jesus,United States,Texas,London,"I know that God forgives me, but I still feel so guilty. How do I truly accept His grace?",Alcoholism and Drug Addiction,,know god forgives still feel truly accept grace
c6e4d497-e571-478c-afa1-355a7ffd0c70,Sarah,Jackson,Event,en,I am not sure about Jesus,United States,Cape Town,New York,"I want to serve God, but I feel like my past disqualifies me. Can He still use me for something good?",Alcoholism and Drug Addiction,,want serve god feel like past disqualifies still use something good
a689b5cc-01d6-42ee-ad93-38989405cb8f,Ashley,Lopez,Event,en,Christian - grow in my faith,United States,California,Texas,I feel like I have been battling addiction alone for so long. How do I trust that God is really with me?,Alcoholism and Drug Addiction,,feel like battling addiction alone trust god really
069b9de6-dbf8-4eb3-9e0c-9c6d8eb52f61,Ashley,Rodriguez,Event,en,Christian - grow in my faith,South Africa,Texas,New York,I have broken so many promises to my family because of my addiction. How do I rebuild trust with them?,Alcoholism and Drug Addiction,,broken many promises family rebuild trust
700e5784-cc5c-4816-aa29-a144c0b5ab18,Madison,Rodriguez,Website,en,I just decided to follow Jesus,United States,Ontario,California,"I have lost my job due to my drinking, and I feel ashamed. How do I start over and believe that I still have a future?",Alcoholism and Drug Addiction,,lost job due drinking feel start believe still future
6c0d65b0-78e1-45d9-920b-8c1ac000be49,Daniel,Rodriguez,Social Media,en,I just decided to follow Jesus,United States,London,Texas,I feel like my addiction has made me unworthy of love. How do I believe that God still has a purpose for me?,Alcoholism and Drug Addiction,,feel like addiction made unworthy believe god still purpose
075287d5-614d-4f36-bea7-c8c17037fac2,Daniel,Thomas,Email,en,I want to come back to Jesus,Australia,Cape Town,New York,"I have tried support groups before, but I still struggle. How do I combine faith with practical recovery?",Alcoholism and Drug Addiction,,tried support groups still combine faith practical recovery
c675574a-e8cf-470b-8a4d-96b3ff177c55,Lauren,Rodriguez,Social Media,en,I want to come back to Jesus,United States,Cape Town,Texas,I feel like I have lost all self-control. How do I let God take control of my life?,Alcoholism and Drug Addiction,,feel like lost let god take control life
fbfbc7c9-64a0-414b-961e-d876ae193bc6,Joshua,Jones,Social Media,en,I do not want to follow Jesus,South Africa,Texas,New York,"I lost my child, and the pain is unbearable. How do I trust God’s goodness after such a devastating loss?",Crisis,24.0,lost child pain trust goodness devastating loss
d8933106-8afc-4f5d-be1b-b31127eb87f6,Michael,Martin,Website,en,I am not sure about Jesus,South Africa,New York,London,I feel distant from God and numb in my faith. How do I reconnect with Him?,Crisis,,feel distant god numb reconnect
490b4359-dea8-49ea-a385-0277e956ad13,Andrew,Moore,Event,en,I am not sure about Jesus,United States,New York,Western Cape,"I am afraid of failing, so I never take risks. How can faith help me overcome fear?",Crisis,,afraid failing never take faith help overcome fear
e38ad4f8-83cc-43be-955d-ba8ba9f9cf2e,Nathan,Taylor,Website,en,I am not sure about Jesus,United States,Texas,Western Cape,"I want to believe in miracles, but I haven’t seen one in my life. How do I strengthen my faith?",Crisis,,want believe miracles seen one strengthen faith
844a7913-0dd2-4be2-bbc9-1ec2acdd8f70,Lauren,Johnson,Referral,en,I want to come back to Jesus,United Kingdom,California,California,"I’ve hurt the people closest to me, and now I feel like I’ve lost everything. Can I rebuild my relationships through faith?",Crisis,,hurt people closest feel like lost rebuild relationships faith
6b4dc993-ed04-41f0-99bb-e7dbc1fe77d7,Sarah,Taylor,Website,en,I want to come back to Jesus,South Africa,New York,California,I feel like a failure as a parent because my child has lost their way. How do I keep praying for them without losing hope?,Crisis,,feel like failure parent child lost keep praying without losing hope
5481a800-3b39-44b7-bcbf-76f82c6dc403,Lauren,Wilson,Event,en,Christian - grow in my faith,United States,California,New York,"I grew up in a toxic family, and I don’t know how to break the cycle. How does faith help me create a better future?",Crisis,,grew toxic family know break faith help create better future
8f2713c7-093d-423b-82c3-5792af5c3f3e,Daniel,Garcia,Referral,en,I am not sure about Jesus,United Kingdom,Cape Town,New York,"I feel completely exhausted—emotionally, physically, and spiritually. How do I find rest in God?",Crisis,,feel completely physically find rest god
3b761f0e-e97a-4096-b861-1beb19efa1a8,Nathan,Thomas,Event,en,I want to come back to Jesus,United Kingdom,California,Western Cape,"I am surrounded by negativity, and it’s weighing me down. How do I keep my faith strong in a toxic environment?",Crisis,,surrounded negativity weighing keep faith strong toxic environment
0257d78f-b1fc-45f9-a691-28782f5bd3f5,Ashley,Jones,Event,en,I do not want to follow Jesus,South Africa,Cape Town,New York,"I feel like my past defines me, and I will never be free from my mistakes. Can God really give me a new beginning?",Crisis,,feel like past defines never free god really give new beginning
27519cda-ea7f-4dc4-87e7-0c482261db6e,Michael,Wilson,Referral,en,I just decided to follow Jesus,United Kingdom,Sydney,California,"I keep falling back into bad habits, even though I want to change. How do I break free from this cycle?",Crisis,,keep falling back bad habits even though want break free cycle
cdc7a91e-cbdf-4b49-9bc4-ef65b5a734e0,Ashley,Garcia,Social Media,en,I want to come back to Jesus,South Africa,London,Western Cape,I feel like I have no control over my emotions. How do I let God bring peace to my heart?,Crisis,,feel like control let god bring peace heart
a90b23e8-455a-445f-8e79-a6df383e7f7c,Ryan,Anderson,Website,en,I do not want to follow Jesus,Australia,London,New South Wales,I feel like I don’t belong anywhere. How do I find my place in God’s plan?,Crisis,,feel like belong find place plan
9cdd1fd3-4ef2-436e-80f6-57a75372d8ab,Sarah,Miller,Email,en,I just decided to follow Jesus,United Kingdom,New York,Ontario,"I have been struggling with my faith for a long time, and I don’t know how to fix it. Where do I start?",Crisis,,struggling faith long time know fix start
9fe389ad-edd7-4019-9217-bd22fb33897f,Emily,Johnson,Website,en,I do not want to follow Jesus,South Africa,Sydney,California,"I was in a bad accident, and now I struggle with fear every day. How can I trust God with my future?",Crisis,,bad accident struggle fear every trust god future
ea70f405-2a5a-468a-8dc7-da193b1da148,Matthew,Taylor,Social Media,en,I am not sure about Jesus,United States,Ontario,New South Wales,I have lost all motivation to keep going. How do I find purpose again?,Crisis,,lost motivation keep find purpose
bb36eaa5-2033-4663-88d7-e7166710a5d6,Sarah,Smith,Website,en,I want to come back to Jesus,South Africa,Sydney,London,"I lost my job recently, and I feel completely hopeless. I don't know how I will provide for my family. Can God help me through this?",Crisis,,lost job recently feel completely know provide god help
f972b6e3-b04a-4c57-b8df-8d409201e292,Samantha,Garcia,Referral,en,Christian - grow in my faith,Canada,London,London,"I have been struggling with deep depression, and I feel like God has abandoned me. How do I hold onto faith when I feel so alone?",Crisis,,struggling deep depression feel like god abandoned hold onto faith feel alone
aa7afb54-9975-4c07-82a0-122c636f69ae,Nathan,Johnson,Social Media,en,I want to come back to Jesus,South Africa,California,Western Cape,"I am dealing with extreme anxiety, and I don’t know how to control my thoughts. Does the Bible offer any guidance on overcoming fear?",Crisis,,dealing extreme anxiety know control bible offer guidance overcoming fear
64255954-9187-4946-8ce9-d866ab112069,Daniel,Jones,Email,en,I do not want to follow Jesus,Australia,London,Western Cape,"My loved one passed away, and I feel like a part of me is missing. I don’t know how to move forward. Can faith help me find healing?",Crisis,,loved one passed away feel like part know move faith help find healing
29741b60-a116-4dbc-9692-d6c5f30fe903,Sophia,Rodriguez,Email,en,I just decided to follow Jesus,United Kingdom,New York,Ontario,"I am going through a divorce, and I feel so broken. How can I trust that God has a plan for me when everything is falling apart?",Crisis,,going divorce feel trust god plan everything falling apart
59647734-51b1-4a82-859a-ad02e2d661a2,Lauren,Davis,Social Media,en,Christian - grow in my faith,South Africa,Texas,Texas,I have made so many mistakes in my life that I don’t feel worthy of God's love. Can He really forgive me?,Crisis,,made many mistakes life feel worthy god really forgive
5352d288-b6dc-4517-92a5-a13bbac5f564,Lauren,Gonzalez,Event,en,Christian - grow in my faith,Australia,Texas,Texas,I feel like I am constantly being attacked by negative thoughts and emotions. How do I find peace in the middle of this storm?,Crisis,,feel like constantly attacked negative thoughts find peace middle storm
d8e33094-28db-4b7e-915e-97311d307939,James,Jackson,Event,en,I do not want to follow Jesus,South Africa,California,New York,I have lost all motivation to keep going. I feel like giving up. How can I find strength through faith?,Crisis,,lost motivation keep feel like giving find strength faith
dd94abe5-5fce-4c81-8816-4d9c1d7c66c3,Matthew,Martin,Event,en,I do not want to follow Jesus,Canada,London,New York,"My family keeps bringing up my past mistakes, and it makes it hard to move forward. How do I deal with guilt and shame?",Family and Marriage,,family keeps bringing past mistakes makes hard move deal guilt shame
826b6478-502b-4fb5-8542-87f689740e2b,Matthew,Martin,Social Media,en,I do not want to follow Jesus,United Kingdom,Texas,New South Wales,"I want to be the spiritual leader of my home, but I feel inadequate. How do I step into this role?",Family and Marriage,,want spiritual leader home feel step role
7c5a796e-1234-4745-a920-db4c8e60beb3,Olivia,Hernandez,Event,en,I just decided to follow Jesus,South Africa,California,California,"My wife is overwhelmed with raising our kids, and I don’t know how to support her. What can I do to help?",Family and Marriage,,wife overwhelmed raising kids know support help
a653073e-4811-4d1c-ba89-92886ecb3d36,Daniel,Martinez,Event,en,I do not want to follow Jesus,United States,Cape Town,Texas,"We are struggling with infertility, and I feel like my faith is being tested. How do I find peace in God’s timing?",Family and Marriage,,struggling infertility feel like faith find peace timing
1feb26da-1a0f-41c8-8b93-015ba4f956f6,Daniel,Moore,Email,en,I want to come back to Jesus,South Africa,Texas,New York,"I have been keeping secrets from my family, and I know I need to be honest. How do I start that conversation?",Family and Marriage,,keeping secrets family know need start conversation
ca3d3719-4401-437d-a7ab-06f11c7da637,Olivia,Taylor,Email,en,I want to come back to Jesus,South Africa,Texas,Western Cape,"My spouse is struggling with addiction, and I don’t know how to help them. How can I support them through faith?",Family and Marriage,,spouse struggling addiction know help support faith
5d46be37-847e-400c-a4cc-916775a43e62,Nathan,Martin,Social Media,en,I do not want to follow Jesus,United States,California,Texas,"I want to lead my children in prayer, but I feel nervous. How do I teach them to pray with confidence?",Family and Marriage,,want lead children prayer feel teach pray confidence
80f95c6f-f3b7-462a-87fb-f51e92aebdfe,Joshua,Anderson,Email,en,Christian - grow in my faith,United Kingdom,California,London,My family life is full of stress and chaos. How do I bring peace and stability into our home?,Family and Marriage,,family life full stress bring peace stability home
43c26aab-96bf-480c-b5ca-e5bda09bd1e2,Olivia,Jones,Website,en,Christian - grow in my faith,South Africa,New York,Texas,I feel like I am not the parent I should be. How can I be more patient and loving toward my children?,Family and Marriage,,feel like parent patient loving toward children
9340b1de-a7a1-4b06-8d0a-100c14b69a84,Andrew,Martin,Email,en,Christian - grow in my faith,Canada,Ontario,London,"My spouse and I have completely different views on faith, and it’s causing strain in our relationship. How can we find common ground?",Family and Marriage,,spouse completely different views faith causing strain find common ground
e2175544-195c-4368-8dfd-51cef5416037,Samantha,Williams,Email,en,Christian - grow in my faith,United Kingdom,California,London,I feel like I have lost respect for my husband because of past mistakes. How can I rebuild our trust and admiration?,Family and Marriage,,feel like lost respect husband past rebuild trust admiration
68915c83-26d2-40c3-a8dc-bf6fc5821497,Madison,Wilson,Social Media,en,I want to come back to Jesus,South Africa,London,New York,"My wife feels like I don’t listen to her, and I want to change that. How can I be a better listener and partner?",Family and Marriage,,wife feels like listen want change better listener partner
c4a37a09-3b39-4fba-8f82-61e99b04f7d4,John,Jones,Email,en,I do not want to follow Jesus,Australia,Texas,Ontario,"Our marriage used to be filled with joy, but now we feel like roommates. How can we bring back the love and excitement?",Family and Marriage,,marriage used filled joy feel like bring back love excitement
67cea530-3644-492a-a4ad-8b8da8c0538d,Michael,Anderson,Email,en,I am not sure about Jesus,Canada,California,California,"My spouse doesn’t pray with me, and I feel like we are spiritually disconnected. How do I encourage them without pushing?",Family and Marriage,,spouse pray feel like spiritually encourage without pushing
e3fd9f6a-3550-4d76-bdc9-804835a706a8,Matthew,Moore,Social Media,en,I do not want to follow Jesus,United States,Sydney,Western Cape,"I grew up in a home where love was not openly shown, and now I struggle to express affection to my spouse. How do I change that?",Family and Marriage,,grew home love openly shown struggle express affection change
1cb33b0e-d0b4-4247-8b48-cf846529e833,Lauren,Martinez,Website,en,Christian - grow in my faith,Australia,Sydney,Texas,"I regret marrying my spouse, but I don’t believe in divorce. How can I find a way to love them again?",Family and Marriage,,regret marrying spouse believe find way love
523de87e-0548-4b51-ba1e-4bbb5e1582af,Hannah,Davis,Website,en,I am not sure about Jesus,Australia,London,California,"My child has turned away from their faith, and it breaks my heart. How can I bring them back to God?",Family and Marriage,,child turned away faith breaks bring back god
47b90723-d46a-4714-a157-08015c128046,Ryan,Johnson,Website,en,I do not want to follow Jesus,United Kingdom,Ontario,New York,"My in-laws are always criticizing my parenting, and it’s causing tension in my marriage. How do I handle this situation biblically?",Family and Marriage,,always criticizing parenting causing tension handle situation biblically
a4533590-5727-4531-824f-0fc8dd6271aa,Joshua,Wilson,Social Media,en,Christian - grow in my faith,Australia,Sydney,New York,"I have been distant from my spouse emotionally, and I want to reconnect. Where do I start?",Family and Marriage,,distant spouse emotionally want start
ed83f99c-c2aa-46b7-a7a8-8df418d9a3f8,Andrew,Rodriguez,Website,en,I am not sure about Jesus,Australia,Ontario,New South Wales,"My husband is struggling with depression, and I don’t know how to support him. How can I help without making things worse?",Family and Marriage,,husband struggling depression know support help without making things worse
147c0a34-bbaf-4c45-a51a-72937a17f8c5,Michael,Gonzalez,Website,en,I just decided to follow Jesus,United States,California,New York,"We keep bringing up past arguments, and it’s damaging our relationship. How do we truly forgive and move forward?",Family and Marriage,,keep bringing past arguments damaging truly forgive move forward
6bf42bd6-ab23-4305-885e-e2dab8260e2e,Sophia,Miller,Email,en,I do not want to follow Jesus,Australia,Ontario,New South Wales,My spouse and I haven’t had quality time together in months. How can we prioritize our relationship in the midst of our busy lives?,Family and Marriage,,spouse quality time together prioritize relationship midst busy lives
0b9f8571-fa95-43a1-a480-10bf3e88bc1e,Lauren,Thomas,Social Media,en,I am not sure about Jesus,United Kingdom,Cape Town,London,Does becoming a Christian mean giving up all my old habits?,General,,becoming christian mean giving old habits
d9605d83-53e6-4ca2-bbbe-993cbca440f0,Lauren,Johnson,Event,en,I do not want to follow Jesus,Canada,New York,Texas,How does Christianity define success in life?,General,,christianity define success life
8f0e6cae-529e-4214-b147-edfeb562c1c3,Nathan,Moore,Email,en,I want to come back to Jesus,South Africa,California,London,How can I recognize God’s guidance in my daily life?,General,,recognize guidance daily life
aa9dbfe1-a6a3-4bb3-a5bc-61260d27ed4a,Madison,Rodriguez,Event,en,I do not want to follow Jesus,South Africa,London,New York,"Why do people worship God, and what does it mean to truly worship?",General,,people worship god mean truly worship
86f0ed40-db4e-4187-9a05-8e04be6e0458,Joshua,Hernandez,Website,en,I am not sure about Jesus,United States,London,New York,How do I build a stronger prayer life?,General,,build stronger prayer life
d0483976-d30e-41c6-a9fe-2cd99d4ca680,Sarah,Smith,Event,en,I do not want to follow Jesus,South Africa,Cape Town,Ontario,What does the Bible say about finding true happiness?,General,,bible say finding true happiness
95ff1fea-6066-4e5b-bd02-acae870e07a7,Samantha,Wilson,Website,en,I just decided to follow Jesus,Canada,Cape Town,Texas,"I want to forgive someone who hurt me deeply, but I don’t know how. Can Christianity help?",General,,want forgive someone hurt deeply know christianity help
002f62a1-5152-4148-bc0c-c93c5836e3f4,Madison,Martinez,Email,en,I just decided to follow Jesus,Australia,New York,Texas,"Can faith and science go together, or do they contradict each other?",General,,faith science go together contradict
b3940917-d92c-471b-abd1-efbda42905d4,James,Garcia,Website,en,I want to come back to Jesus,South Africa,Texas,Western Cape,How do I find a church that is right for me?,General,,find church right
15c01175-6ab3-40f1-9b88-515277af7d03,Madison,Williams,Social Media,en,I am not sure about Jesus,Canada,New York,Western Cape,What does Christianity say about dealing with anxiety and stress?,General,,christianity say dealing anxiety stress
b94bd4a4-ddf4-4140-84a3-e6956342d981,Madison,Davis,Referral,en,I just decided to follow Jesus,Australia,London,New South Wales,I have been betrayed by people in my life. Can God heal my heart?,General,,betrayed people god heal heart
47e1c4f3-2783-46ff-bdb6-9dc6f2cfc56c,Samantha,Brown,Referral,en,I just decided to follow Jesus,United Kingdom,Cape Town,New South Wales,What role does gratitude play in a Christian’s life?,General,,role gratitude play life
fdb6b5c8-d563-431f-b948-870854cb338d,Samantha,Brown,Email,en,I just decided to follow Jesus,South Africa,Sydney,Western Cape,How can I rely on God when things don’t go the way I planned?,General,,rely god things go way planned
d3ee9b99-3d5d-425e-8d88-e8657d50b4f7,Michael,Garcia,Website,en,Christian - grow in my faith,Canada,London,New South Wales,Why do some people seem to experience miracles while others don’t?,General,,people seem experience miracles others
04de19a4-e72e-4287-955f-18fe7cec081b,John,Rodriguez,Website,en,I do not want to follow Jesus,United Kingdom,Sydney,Ontario,How does the Bible help guide us through life’s challenges?,General,,bible help guide us challenges
e427f7f7-418d-47e5-a955-762f2b453ff8,Sophia,Thomas,Email,en,I am not sure about Jesus,Australia,Texas,Ontario,What is the meaning of grace in Christianity?,General,,meaning grace christianity
c11a9b20-d385-4fca-b4c9-ff121c28b063,Emily,Johnson,Email,en,I just decided to follow Jesus,Canada,Texas,Western Cape,Why do Christians celebrate Easter and Christmas?,General,,christians celebrate easter christmas
cb5ed136-ef59-4d7e-a57b-9897a4c62866,Jessica,Rodriguez,Website,en,I just decided to follow Jesus,United States,Texas,New York,How can I develop a heart that truly loves God?,General,,develop heart truly loves god
e29edfab-5cde-4b68-b589-e47e04ea7b7e,Daniel,Miller,Social Media,en,Christian - grow in my faith,United States,Cape Town,New South Wales,How do I stay faithful to God when the world seems against my beliefs?,General,,stay faithful god world seems beliefs
d72cd639-d394-403c-b840-ecb82f219b4b,Matthew,Brown,Email,en,I do not want to follow Jesus,United Kingdom,London,California,How do I live my life in a way that pleases God?,General,,live life way pleases god
d9a7d41c-be7f-4790-a3e4-78d887ef23ce,Daniel,Thomas,Referral,en,I just decided to follow Jesus,Australia,Ontario,New York,I feel spiritually oppressed when I enter certain places. How do I keep myself protected?,Spiritual Warfare,14.0,feel spiritually oppressed enter certain keep protected
69b6c840-b373-4772-a173-7482c822c277,Matthew,Johnson,Social Media,en,I want to come back to Jesus,Canada,Texas,London,"I feel an overwhelming sense of guilt, even for things I know God has forgiven me for. Could this be an attack?",Spiritual Warfare,,feel overwhelming sense guilt even things know god forgiven could attack
75126fd1-adba-47e9-a92a-dfd1e02af1b3,Olivia,Moore,Event,en,I am not sure about Jesus,United States,Sydney,New South Wales,"I have been trying to read scripture, but I feel like I don’t understand it. How do I pray for wisdom and clarity?",Spiritual Warfare,,trying read scripture feel like understand pray wisdom clarity
2f671eef-12b1-4ddc-a3a8-ef3684857399,Emily,Jones,Website,en,I do not want to follow Jesus,South Africa,California,New South Wales,How do I surround myself with God’s presence when I feel attacked?,Spiritual Warfare,,surround presence feel attacked
3cc45430-81c0-4ef1-adf7-2b8009e73030,Samantha,Davis,Email,en,I want to come back to Jesus,Canada,Sydney,Western Cape,I feel like my children are being exposed to things that are harmful spiritually. How do I cover them in prayer?,Spiritual Warfare,,feel like children exposed things harmful cover prayer
6152f553-0c80-4d75-aa01-588602234016,Emily,Anderson,Event,en,I do not want to follow Jesus,United States,California,Western Cape,I have noticed more conflict in my relationships ever since I started following Christ. Could this be a spiritual battle?,Spiritual Warfare,,noticed conflict relationships ever since started following could spiritual battle
a91bd556-e7d9-420d-80bb-659b60f86ae6,Ryan,Thomas,Referral,en,I am not sure about Jesus,Canada,Cape Town,London,I feel physically exhausted when I try to worship or pray. Could this be a spiritual attack?,Spiritual Warfare,,feel physically exhausted try worship could spiritual attack
8eb51d2e-3548-4b66-b135-b9b0839e8774,John,Gonzalez,Email,en,Christian - grow in my faith,United States,Texas,New York,How do I stay strong in faith when everything around me seems to be working against me?,Spiritual Warfare,,stay strong faith everything around seems working
1d33dd98-c5d0-450f-8b03-b9a9457d2b65,Jessica,Rodriguez,Referral,en,I am not sure about Jesus,South Africa,California,Ontario,I feel like I am constantly facing opposition at work whenever I try to live out my faith. How should I respond?,Spiritual Warfare,,feel like constantly facing opposition work whenever try live respond
fd795797-dea3-4b21-870f-99f6c91b63f2,Sarah,Rodriguez,Website,en,I am not sure about Jesus,Canada,California,London,I feel like the enemy is using my past mistakes to keep me from moving forward. How do I overcome this?,Spiritual Warfare,,feel like enemy using past mistakes keep moving overcome
29b5b035-ea5d-452a-bb2c-8e14d01862fa,Andrew,Johnson,Social Media,en,Christian - grow in my faith,Canada,Texas,London,I feel like giving up because life keeps getting harder. Could this be the enemy trying to discourage me?,Spiritual Warfare,,feel like giving life keeps getting could enemy trying discourage
20b7b520-1bc0-4422-a47d-3146ba6ed55b,Ashley,Wilson,Social Media,en,Christian - grow in my faith,South Africa,California,London,I feel like something is trying to keep me from fulfilling my purpose. How do I break free from this?,Spiritual Warfare,,feel like something trying keep fulfilling break free
c73e4f33-8ffb-4897-bffd-991e50806532,James,Taylor,Website,en,I just decided to follow Jesus,United Kingdom,Sydney,Texas,"I have experienced moments of peace, but they never seem to last. How do I walk in lasting victory?",Spiritual Warfare,,experienced moments peace never seem walk lasting victory
888aaff1-a303-41b2-b9ad-a10c66b68a09,Michael,Smith,Email,en,I am not sure about Jesus,Australia,New York,London,"Every time I step out in faith, something happens to make me doubt myself. Is this spiritual warfare?",Spiritual Warfare,,every time step faith something happens make doubt spiritual warfare
a0d45de2-f150-4958-af86-23f2cf24ff65,User,Test,Website,en,,Unknown,Unknown,Unknown,I got into a serious car accident. I feel shaken and afraid.,Crisis,,got serious car feel shaken afraid
873068e9-364b-41a0-a42b-e01c8f4651fa,User,Test,Website,en,,Unknown,Unknown,Unknown,I was assaulted and can’t stop shaking.,Crisis,,assaulted stop shaking
aa6f7b31-90cb-4067-8cca-f5fc188891e3,User,Test,Website,en,,Unknown,Unknown,Unknown,I drink to forget everything. I don’t want to live like this anymore.,Alcoholism and Drug Addiction,,drink forget want live like anymore
1250a704-d0e0-4ed9-b710-c0a559d75a5d,User,Test,Website,en,,Unknown,Unknown,Unknown,I feel like I’m failing everyone who depends on me.,Crisis,,feel like failing everyone depends
860ed15e-88f0-4b0b-a096-40b61339abf0,User,Test,Website,en,,Unknown,Unknown,Unknown,I don’t feel safe anymore. Everything is chaos.,Crisis,,feel safe everything chaos
4d433a5b-4aee-4c77-96ba-e6b1022be459,User,Test,Website,en,,Unknown,Unknown,Unknown,Nothing excites me anymore.,General,,nothing excites anymore
f846fa27-ee7a-4031-a8c7-8384a62edfc7,User,Test,Website,en,,Unknown,Unknown,Unknown,There’s a dark presence in my home I can’t explain.,Spiritual Warfare,,dark presence home explain
9c67d719-777a-4f84-be0e-3c2c56277216,User,Test,Website,en,,Unknown,Unknown,Unknown,"I’m constantly anxious, and I think it's spiritual.",Spiritual Warfare,,constantly anxious think spiritual
ee6b4209-ebec-4422-8ef9-29432f72ce88,User,Test,Website,en,,Unknown,Unknown,Unknown,My addiction is tearing apart my marriage.,Alcoholism and Drug Addiction,,addiction tearing apart marriage
145cd9f3-30de-4967-86f4-9cb027fe9bb1,User,Test,Website,en,,Unknown,Unknown,Unknown,I feel disconnected from everyone and everything.,General,,feel disconnected everyone everything
8108824d-e0e0-4eff-90c9-0a41de388b2d,User,Test,Website,en,,Unknown,Unknown,Unknown,"I want to be better, but I don’t know where to start.",General,,want better know start
68d516b6-7c4a-41dc-9538-186ce9e45716,User,Test,Website,en,,Unknown,Unknown,Unknown,I used to be strong. Now I can’t go a day without using.,Alcoholism and Drug Addiction,,used go day without using
9980df7b-14a2-46b1-9225-440112281cda,User,Test,Website,en,,Unknown,Unknown,Unknown,I want to run away from all this pain.,Family and Marriage,,want run away pain
3ac6c827-3e05-4699-9722-eeb737a0191b,User,Test,Website,en,,Unknown,Unknown,Unknown,I wish I could start over.,General,,wish could start
efd51893-da0b-4e6a-975b-8577cfee9abf,User,Test,Website,en,,Unknown,Unknown,Unknown,"Everything seems fine, but something’s missing.",General,,everything seems fine missing
c3a044dd-97ff-4814-800a-2f5a141ac55a,User,Test,Website,en,,Unknown,Unknown,Unknown,My spouse and I barely talk anymore. I don’t know what happened.,Family and Marriage,,spouse barely talk know happened
fc46f951-4f6e-437a-aaa4-f7f7ff8f7c85,User,Test,Website,en,,Unknown,Unknown,Unknown,I feel like I'm screaming but no one hears me.,Suicide,,feel like screaming one hears
e002e6b1-1e47-453a-b6fe-a633752e9f24,User,Test,Website,en,,Unknown,Unknown,Unknown,I need help figuring out who I am.,General,,need help figuring
33dabc37-0593-41e1-a3ea-a4a367c2c25a,User,Test,Website,en,,Unknown,Unknown,Unknown,I need something to believe in again.,General,,need something believe
f87e815e-d1bb-4604-9534-eeb2c10cc398,User,Test,Website,en,,Unknown,Unknown,Unknown,Every day feels the same and it’s exhausting.,General,,every day feels exhausting
a92a18b9-3bf7-49d3-8241-ee70132db9e7,User,Test,Website,en,,Unknown,Unknown,Unknown,No one knows how badly I need help with alcohol.,Alcoholism and Drug Addiction,,one knows badly need help alcohol
ae1b676f-c55e-4518-a286-b0e8ce6a4baa,User,Test,Website,en,,Unknown,Unknown,Unknown,"I’m trying to walk with God, but I feel surrounded by evil.",Spiritual Warfare,,trying walk god feel surrounded evil
95cdcf79-36ba-4743-9040-27c373370175,User,Test,Website,en,,Unknown,Unknown,Unknown,My partner doesn’t support me emotionally.,Family and Marriage,,partner support emotionally
2fbc1091-50a1-46ec-b111-f3ac9b1017c6,User,Test,Website,en,,Unknown,Unknown,Unknown,We keep fighting over little things. Is love enough to fix this?,Family and Marriage,,keep fighting little love enough fix
52082720-295d-48dc-9192-aaab5c8ba3d4,User,Test,Website,en,,Unknown,Unknown,Unknown,I’m lost and scared after being evicted.,Crisis,,lost scared evicted
55da8355-7f6f-4eaa-b71c-4a14c08f9f81,User,Test,Website,en,,Unknown,Unknown,Unknown,I want to heal our relationship but don’t know how.,Family and Marriage,,want heal relationship know
fab2c5a2-0b0c-4174-a932-c12bc42fdbae,User,Test,Website,en,,Unknown,Unknown,Unknown,How do I stay strong when I feel so weak?,General,,stay strong feel weak
1fe8fd2d-c382-4cb5-8509-e7acd1fad263,User,Test,Website,en,,Unknown,Unknown,Unknown,My faith is under fire and I need help.,Spiritual Warfare,,faith fire need help
abcc255d-11c7-4a69-b42d-4d259abdd7f4,User,Test,Website,en,,Unknown,Unknown,Unknown,My life is spinning out of control because of drugs.,Alcoholism and Drug Addiction,,life spinning control drugs
bbb78dae-e7de-48a4-95b5-6d9c260a6942,User,Test,Website,en,,Unknown,Unknown,Unknown,I feel like no one understands me.,General,,feel like one understands
f27abbde-fd26-4353-a148-5668c483074d,User,Test,Website,en,,Unknown,Unknown,Unknown,My town was hit by a flood. I’ve lost everything.,Crisis,,town hit lost everything
0da053d1-97e8-42f0-8a8a-b99253c368e1,User,Test,Website,en,,Unknown,Unknown,Unknown,Everything is moving too fast and I’m panicking.,Crisis,,everything moving fast panicking
4d602211-8136-48d9-8db8-26b3963e9e1e,User,Test,Website,en,,Unknown,Unknown,Unknown,My home is falling apart and so is my life.,Crisis,,home falling apart life
c6f5147a-ed27-45c0-a2a3-784e4392b002,User,Test,Website,en,,Unknown,Unknown,Unknown,Will I ever be free from this addiction?,Alcoholism and Drug Addiction,,ever free addiction
2949cc18-b5b1-4b0b-af0f-ed09ae7f18ba,User,Test,Website,en,,Unknown,Unknown,Unknown,Addiction is stealing my joy. I want it back.,Alcoholism and Drug Addiction,,addiction stealing want back
63dae28d-4117-4bf5-ac63-3220e63db4d4,User,Test,Website,en,,Unknown,Unknown,Unknown,I don’t want to die from this addiction.,Alcoholism and Drug Addiction,,want die addiction
06bf1233-0f21-466c-8c91-fdd2f1b3ddc6,User,Test,Website,en,,Unknown,Unknown,Unknown,This emergency has taken a toll on my faith.,Crisis,,emergency taken toll faith
f0e83f0a-ba7e-426d-8119-e5c8bbaa57af,User,Test,Website,en,,Unknown,Unknown,Unknown,I’m overwhelmed with everything crashing down at once.,Crisis,,overwhelmed everything crashing
a6e623d4-2d90-431f-8270-a1494556c039,User,Test,Website,en,,Unknown,Unknown,Unknown,I feel like I’m constantly being tested and tempted.,Spiritual Warfare,,feel like constantly tested tempted
f05fc1d9-8209-443d-a7d7-e176d592029a,User,Test,Website,en,,Unknown,Unknown,Unknown,Our marriage is more like a business agreement now.,Family and Marriage,,marriage like business agreement
c48e4d00-5daa-4e57-b852-9daea6e45fcf,User,Test,Website,en,,Unknown,Unknown,Unknown,I'm tired of being strong all the time.,General,,tired strong time
5301ea37-e038-41df-93d7-72829154da83,User,Test,Website,en,,Unknown,Unknown,Unknown,My partner doesn't share the same values anymore.,Family and Marriage,,partner share values anymore
04e17e8d-8dfe-439d-990b-15a7e8d7c7c7,User,Test,Website,en,,Unknown,Unknown,Unknown,I fear I’m beyond saving because of my addiction.,Alcoholism and Drug Addiction,,fear beyond saving addiction
25ca2a24-900b-4671-b63f-e0fe5782597f,User,Test,Website,en,,Unknown,Unknown,Unknown,It’s hard to keep fighting every day.,Suicide,,hard keep fighting every day
1c787da5-48b8-42ed-b910-8e4bcaf6b2a7,User,Test,Website,en,,Unknown,Unknown,Unknown,My family disapproves of who I love.,Family and Marriage,,family disapproves love
d1a9e99b-a884-4b19-9719-38e69c0378ae,User,Test,Website,en,,Unknown,Unknown,Unknown,There’s so much yelling in our home. I miss peace.,Family and Marriage,,much yelling miss peace
badd08d1-84fb-431c-9e28-463606ebb886,User,Test,Website,en,,Unknown,Unknown,Unknown,I feel like I’m being pulled away from God.,Spiritual Warfare,,feel like pulled away god
d6fecf53-1d18-4871-a6ba-48501dfda6a4,User,Test,Website,en,,Unknown,Unknown,Unknown,I’m scared of myself.,Suicide,,scared
64e280c7-ddfe-4832-a041-18c9b80243c4,User,Test,Website,en,,Unknown,Unknown,Unknown,I’m not sure I can hold on much longer.,Suicide,,sure hold much longer
dae0a6c7-7c93-4acc-9d76-a7a3bf859c81,User,Test,Website,en,,Unknown,Unknown,Unknown,I feel like I’m failing at life.,General,,feel like failing life
67a6f16e-de48-48af-ac63-30269872f407,User,Test,Website,en,,Unknown,Unknown,Unknown,I keep hearing lies in my mind that I can’t silence.,Spiritual Warfare,,keep hearing lies mind silence
143520d7-91dc-4d3d-bdd0-de670d12557a,User,Test,Website,en,,Unknown,Unknown,Unknown,I’m afraid to admit I have a problem with drugs.,Alcoholism and Drug Addiction,,afraid admit problem drugs
dd70512b-9620-4680-873f-093f43ff1e55,User,Test,Website,en,,Unknown,Unknown,Unknown,I feel trapped in a body that wants to die.,Suicide,,feel trapped body wants die
9aea1693-9127-4ebe-a9f2-5c518b0e3585,User,Test,Website,en,,Unknown,Unknown,Unknown,How do I find peace in all this noise?,General,,find peace noise
b157b21f-3992-4a9b-a2c5-19742ec71396,User,Test,Website,en,,Unknown,Unknown,Unknown,I’m stuck between my parents’ expectations and my own desires.,Family and Marriage,,stuck expectations desires
089c428c-5e73-4136-924c-a5b888f2e187,User,Test,Website,en,,Unknown,Unknown,Unknown,I’m in a legal battle I can’t afford to fight.,Crisis,,legal battle afford fight
6dc82a15-46f6-4271-9989-4c3ff355da34,User,Test,Website,en,,Unknown,Unknown,Unknown,"I think my partner is cheating, but I’m afraid to ask.",Family and Marriage,,think partner cheating afraid ask
0c4863c9-37c8-4768-a973-1d91b6f557f2,User,Test,Website,en,,Unknown,Unknown,Unknown,I don’t feel safe emotionally in my own home.,Family and Marriage,,feel safe emotionally home
d3759a04-17be-4e44-a73c-a006aab9ab67,User,Test,Website,en,,Unknown,Unknown,Unknown,I feel like my prayers are being blocked.,Spiritual Warfare,,feel like prayers blocked
4ab94106-f274-45d9-9f6f-40334878eaaf,User,Test,Website,en,,Unknown,Unknown,Unknown,We lost our house and are living in our car.,Crisis,,lost house living car
c6d55e69-94ba-4d35-837d-1ec71c5102d6,User,Test,Website,en,,Unknown,Unknown,Unknown,"I love my partner, but we’re growing apart.",Family and Marriage,,love partner growing apart
4bfb8546-3abb-41dc-b470-bb6fb2fa08af,User,Test,Website,en,,Unknown,Unknown,Unknown,I’ve been through a traumatic event and can’t sleep.,Crisis,,traumatic event sleep
de86689d-3ce2-4865-ad77-762c1f9f907a,User,Test,Website,en,,Unknown,Unknown,Unknown,I feel helpless against the cravings.,Alcoholism and Drug Addiction,,feel helpless cravings
5ee5e1ae-c43d-4e18-be4c-032cda20ee78,User,Test,Website,en,,Unknown,Unknown,Unknown,"I love my family, but I don’t feel loved back.",Family and Marriage,,love family feel loved back
8096667a-dcf3-46a4-810d-32aeafab8a2f,User,Test,Website,en,,Unknown,Unknown,Unknown,"Every time I try to quit, I relapse. Is there hope for me?",Alcoholism and Drug Addiction,,every time try quit hope
94b7bb41-ec52-446a-929d-259ce6dba377,User,Test,Website,en,,Unknown,Unknown,Unknown,I’m tired of fighting this battle on my own.,Spiritual Warfare,,tired fighting battle
096e0f40-8d46-4b27-8d75-5a7c3aa6de0d,User,Test,Website,en,,Unknown,Unknown,Unknown,I just want peace in my mind.,General,,want peace mind
542eb3b2-30cd-4041-bf9e-d63745c5f610,User,Test,Website,en,,Unknown,Unknown,Unknown,Life feels like it’s moving too fast and I can’t keep up.,General,,life feels like moving fast keep
1bf7f750-6c37-4cd0-8734-a3899d1c4abe,User,Test,Website,en,,Unknown,Unknown,Unknown,I’m scared I’ll overdose one day.,Alcoholism and Drug Addiction,,scared overdose one day
4605ee9e-7ad2-4f53-a9ea-4f6eef3f72c1,User,Test,Website,en,,Unknown,Unknown,Unknown,I’ve been hiding my suicidal thoughts for a long time.,Suicide,,hiding suicidal thoughts long time
b98717d2-0260-4149-b2a1-b4968a30e4c8,User,Test,Website,en,,Unknown,Unknown,Unknown,My life just turned upside down and I don’t know what to do.,Crisis,,life turned upside know
0c42e599-e3c5-42e2-97e3-513c60204adf,User,Test,Website,en,,Unknown,Unknown,Unknown,I feel like I’m constantly being judged.,General,,feel like constantly judged
97d55735-9beb-4825-8349-c2d348ac2283,User,Test,Website,en,,Unknown,Unknown,Unknown,I feel spiritually attacked when I try to do good.,Spiritual Warfare,,feel spiritually attacked try good
c4a65e9f-8804-434b-b403-5915db601bff,User,Test,Website,en,,Unknown,Unknown,Unknown,I feel like nothing matters anymore.,Suicide,,feel like nothing matters anymore
71fd9a1b-901e-4c23-8818-41e2ae47384d,User,Test,Website,en,,Unknown,Unknown,Unknown,I feel distant from my kids and don’t know how to reconnect.,Family and Marriage,,feel distant kids know reconnect
f31cd617-d502-48e1-a220-57a6fc5d09e6,User,Test,Website,en,,Unknown,Unknown,Unknown,My addiction is ruining my relationships. I need help.,Alcoholism and Drug Addiction,,addiction ruining need help
b55467db-510f-43a5-9a1f-d60b1edab06d,User,Test,Website,en,,Unknown,Unknown,Unknown,I’m lost and need direction right now.,Crisis,,lost need direction right
f52779c1-9623-4984-88eb-51e69a892685,User,Test,Website,en,,Unknown,Unknown,Unknown,I’m exhausted by my own thoughts.,Suicide,,exhausted thoughts
c77b50e9-a350-4ede-a87b-080ccac46eb3,User,Test,Website,en,,Unknown,Unknown,Unknown,I’ve lost all hope.,Suicide,,lost hope
f063af79-8bda-4c09-a1f7-86643b4394ed,User,Test,Website,en,,Unknown,Unknown,Unknown,I’ve been thinking about ending my life.,Suicide,,thinking ending life
f9f3e96b-a80e-4493-95c9-30bc944ebc8a,User,Test,Website,en,,Unknown,Unknown,Unknown,I feel dead inside.,Suicide,,feel dead inside
056efa50-7428-4e79-b70a-efcc5981a16a,User,Test,Website,en,,Unknown,Unknown,Unknown,I’m living in a shelter and feel so hopeless.,Crisis,,living shelter feel hopeless
5e171ea2-c132-4c43-b1c6-5211e17477d8,User,Test,Website,en,,Unknown,Unknown,Unknown,I’m overwhelmed and don’t know how to manage everything.,General,,overwhelmed know manage everything
194232b1-ad31-47a6-af9e-9d49c426381e,User,Test,Website,en,,Unknown,Unknown,Unknown,"Even when I’m surrounded by people, I feel invisible.",Suicide,,even surrounded people feel invisible
225e3878-dc54-4244-96dc-9a493d067137,User,Test,Website,en,,Unknown,Unknown,Unknown,I can’t imagine a future for myself.,Suicide,,imagine future
d21bba38-5ca6-45c9-a5ef-02fe312e418e,User,Test,Website,en,,Unknown,Unknown,Unknown,I feel like my life has no meaning.,Suicide,,feel like life meaning
4bc4e410-bf48-4986-a77f-3bee6d92392d,User,Test,Website,en,,Unknown,Unknown,Unknown,I wish I could silence my thoughts.,General,,wish could silence thoughts
fa27f35e-1c09-45e6-95d0-9c0d7df00a78,User,Test,Website,en,,Unknown,Unknown,Unknown,I’m tired of pretending I’m okay.,Suicide,,tired pretending okay
560a715c-4174-45b7-878d-3dbe6e09dde6,User,Test,Website,en,,Unknown,Unknown,Unknown,I don’t know where to go from here.,Crisis,,know go
f551a6b0-237c-4688-8fd5-8775044aac6e,User,Test,Website,en,,Unknown,Unknown,Unknown,I’m facing charges and feel like my life is over.,Crisis,,facing charges feel like life
79928cd3-002a-40f3-978d-422d1da73736,User,Test,Website,en,,Unknown,Unknown,Unknown,The emptiness is unbearable.,Suicide,,emptiness unbearable
d79ed142-53f5-4956-b874-ba79349ebf1d,User,Test,Website,en,,Unknown,Unknown,Unknown,There’s a war going on inside my soul.,Spiritual Warfare,,war going inside soul
00bbadb8-d357-4605-a731-54a57ccfad6a,User,Test,Website,en,,Unknown,Unknown,Unknown,I feel like I'm losing the spiritual battle within me.,Spiritual Warfare,,feel like losing spiritual battle within
542ce794-9065-4484-9562-8e5f97eb3b88,User,Test,Website,en,,Unknown,Unknown,Unknown,I’ve tried everything but nothing helps.,Suicide,,tried everything nothing helps
9e9430a6-f05c-4cbe-966a-e055b1358188,User,Test,Website,en,,Unknown,Unknown,Unknown,I cry myself to sleep almost every night.,Suicide,,cry sleep almost every night
97e5af6c-f746-4740-b94a-b5b3df681ba6,User,Test,Website,en,,Unknown,Unknown,Unknown,My addiction started small. Now it’s taken over my life.,Alcoholism and Drug Addiction,,addiction started taken life
2ef1542d-c4cc-49d6-8203-8f025e1f54ae,User,Test,Website,en,,Unknown,Unknown,Unknown,My child doesn’t talk to me anymore. It breaks my heart.,Family and Marriage,,child talk breaks heart
ec80f4e6-d0fb-4b80-a915-0b6fdbef200c,User,Test,Website,en,,Unknown,Unknown,Unknown,I’ve been in rehab twice. Nothing works.,Alcoholism and Drug Addiction,,rehab nothing works
9ff3304f-0449-476b-9d4b-0826f440f269,User,Test,Website,en,,Unknown,Unknown,Unknown,I can’t afford basic needs anymore. I need help.,Crisis,,afford basic needs need help
3b90b739-e615-42ea-9df6-33d60a765ecd,User,Test,Website,en,,Unknown,Unknown,Unknown,I’ve lost interest in everything I once loved.,Suicide,,lost interest everything loved
a0bb010c-b052-4e6a-a607-00c7bd51c979,User,Test,Website,en,,Unknown,Unknown,Unknown,I feel like my life has already ended.,Suicide,,feel like life already ended
2b191777-2c0f-446b-8f4a-19c710a1e315,User,Test,Website,en,,Unknown,Unknown,Unknown,I’m not sure I’m in love with my spouse anymore.,Family and Marriage,,sure love spouse anymore
53dc01fd-6edf-49e9-8ce2-3c4428a9b509,User,Test,Website,en,,Unknown,Unknown,Unknown,There’s a voice in my head telling me to end it.,Suicide,,voice head telling end
9d2ce85c-423c-4f4c-815e-c4f7fad7d8dd,User,Test,Website,en,,Unknown,Unknown,Unknown,I feel trapped in a loveless relationship.,Family and Marriage,,feel trapped loveless relationship
c15dbaf2-d5de-49f3-b154-d34ae46ee9db,User,Test,Website,en,,Unknown,Unknown,Unknown,I want to break these generational curses in my family.,Spiritual Warfare,,want break generational curses family
04f31282-186d-4178-a447-5731a1b0c95a,User,Test,Website,en,,Unknown,Unknown,Unknown,I drink alone every night. I think I’m addicted.,Alcoholism and Drug Addiction,,drink alone every think addicted
f4fa4279-82a8-4122-9675-dc86bc5ba7fb,User,Test,Website,en,,Unknown,Unknown,Unknown,My spouse avoids me. I feel invisible.,Family and Marriage,,spouse avoids feel invisible
57b4b600-1c8b-4ffc-bfa9-eae1e8d676ff,User,Test,Website,en,,Unknown,Unknown,Unknown,I’ve destroyed everything good in my life with drugs.,Alcoholism and Drug Addiction,,destroyed everything good life drugs
2b96eef4-7a91-421c-9bac-4da242b54bff,User,Test,Website,en,,Unknown,Unknown,Unknown,I feel like I don’t belong anywhere.,General,,feel like belong anywhere
fc9c502b-1cd4-4634-a951-56a1a625f0de,User,Test,Website,en,,Unknown,Unknown,Unknown,I smile in public but I’m falling apart inside.,Suicide,,smile public falling apart inside
8c29232c-ca4a-454a-b4ae-858d89a4a319,User,Test,Website,en,,Unknown,Unknown,Unknown,We’re caught in a warzone and I fear for our lives.,Crisis,,caught warzone fear lives
8c7f301c-68da-409f-b513-aeb2ade11141,User,Test,Website,en,,Unknown,Unknown,Unknown,I’ve lost myself trying to make this marriage work.,Family and Marriage,,lost trying make marriage work
511db034-31e3-46ff-8884-9f2371bd56cb,User,Test,Website,en,,Unknown,Unknown,Unknown,I feel trapped in this cycle of addiction and guilt.,Alcoholism and Drug Addiction,,feel trapped cycle addiction guilt
e14a5e7f-f1ba-480f-a951-f2de82150651,User,Test,Website,en,,Unknown,Unknown,Unknown,The pressure is crushing me from all sides.,Crisis,,pressure crushing sides
5f813e82-519f-4e30-8fd1-b62cd1d476e6,User,Test,Website,en,,Unknown,Unknown,Unknown,Why does life feel so heavy lately?,General,,life feel heavy lately
09736959-ff29-4957-a406-de49920ca3d9,User,Test,Website,en,,Unknown,Unknown,Unknown,Our home is full of tension and I just want peace.,Family and Marriage,,home full tension want peace
d12cdd55-52c8-4028-92fc-2403fb31ef53,User,Test,Website,en,,Unknown,Unknown,Unknown,I’ve hit rock bottom. I don’t know how to get back up.,Alcoholism and Drug Addiction,,hit rock know get back
e294abdb-55eb-43da-990e-41a541f7e451,User,Test,Website,en,,Unknown,Unknown,Unknown,How do I let go of my past?,General,,let go past
83d20d2c-a8bf-4678-adb4-2a91336c46dd,User,Test,Website,en,,Unknown,Unknown,Unknown,I’ve thought about how I would do it.,Suicide,,thought would
08fe71da-2013-4e9c-9c2a-ade94a35bf96,User,Test,Website,en,,Unknown,Unknown,Unknown,I’m scared for my future and can’t think clearly.,Crisis,,scared future think clearly
886364c8-4572-4b25-bd8f-9f4dc6776fd4,User,Test,Website,en,,Unknown,Unknown,Unknown,I don’t see a way out of this pain.,Suicide,,see way pain
eee942ed-d11e-4413-b71d-70c87f6ab8dc,User,Test,Website,en,,Unknown,Unknown,Unknown,I see signs of spiritual warfare all around me.,Spiritual Warfare,,see signs spiritual warfare around
385f8142-93ca-434e-a8c5-91b7946a7fa3,User,Test,Website,en,,Unknown,Unknown,Unknown,"I just want peace, even if it means dying.",Suicide,,want peace even means dying
8047b7ee-e489-4edc-a068-5ae224194e91,User,Test,Website,en,,Unknown,Unknown,Unknown,How do I deal with constant failure?,General,,deal constant failure
88151be3-2050-4cc9-9b82-cea89344803f,User,Test,Website,en,,Unknown,Unknown,Unknown,I’m hiding my addiction from my family. It’s eating me up inside.,Alcoholism and Drug Addiction,,hiding addiction eating inside
1c13ab1a-5697-478f-91e8-0c5ba73ea3d1,User,Test,Website,en,,Unknown,Unknown,Unknown,I’ve become a person I hate.,Alcoholism and Drug Addiction,,become person hate
e3e7475f-3a63-429c-a4cc-d9aec9545c55,User,Test,Website,en,,Unknown,Unknown,Unknown,My mind is a dark place I can’t escape.,Suicide,,mind dark place escape
bc24d5d8-7a2e-41de-9303-3b65844e78f5,User,Test,Website,en,,Unknown,Unknown,Unknown,There was a shooting nearby and I’m terrified.,Crisis,,shooting nearby terrified
9890884f-5e48-4ce5-aab5-23de36813606,User,Test,Website,en,,Unknown,Unknown,Unknown,How do I find my identity?,General,,find identity
b9d99fba-04a8-440d-ae55-d231cb305a02,User,Test,Website,en,,Unknown,Unknown,Unknown,"I need a fresh start, but I’m scared.",General,,need fresh start scared
4dffa041-b8f2-4030-a729-3d00a9e64266,User,Test,Website,en,,Unknown,Unknown,Unknown,I feel like I’m wasting my life.,General,,feel like wasting life
808b67a0-ac98-40a6-865d-078e2fd06f5c,User,Test,Website,en,,Unknown,Unknown,Unknown,I’ve been cursed or spiritually attacked by someone close.,Spiritual Warfare,,cursed spiritually attacked someone close
89e0a326-8bb1-4078-9ebc-23b69aebeeeb,User,Test,Website,en,,Unknown,Unknown,Unknown,"Every day I promise I’ll stop, but I don’t.",Alcoholism and Drug Addiction,,every day promise stop
917b0b33-70b5-4899-bda2-0da4222bd668,User,Test,Website,en,,Unknown,Unknown,Unknown,I fear I’ve let the enemy into my life unknowingly.,Spiritual Warfare,,fear let enemy life unknowingly
36445120-f159-4507-98bc-01f9a9d85ec9,User,Test,Website,en,,Unknown,Unknown,Unknown,My whole future feels like it’s gone.,Crisis,,whole future feels like gone
44f9535e-6bf5-4582-a8ed-206b838687fb,User,Test,Website,en,,Unknown,Unknown,Unknown,I feel alone in the middle of this storm.,Crisis,,feel alone middle storm
5610a03d-7904-468f-be50-66dbe16d494a,User,Test,Website,en,,Unknown,Unknown,Unknown,Why is it so hard to say no to drugs?,Alcoholism and Drug Addiction,,hard say drugs
b36e3a9a-b640-40ef-ba32-1a45af4580e8,User,Test,Website,en,,Unknown,Unknown,Unknown,I’ve tried quitting cold turkey. I couldn’t handle it.,Alcoholism and Drug Addiction,,tried quitting cold handle
135d721f-25bf-4d07-817b-69c49d0435a1,User,Test,Website,en,,Unknown,Unknown,Unknown,I feel unappreciated in my own home.,Family and Marriage,,feel unappreciated home
650b2a94-4198-40a6-bb59-867eb3235f1f,User,Test,Website,en,,Unknown,Unknown,Unknown,The enemy keeps reminding me of my past failures.,Spiritual Warfare,,enemy keeps reminding past failures
ec7c5e80-ff86-4268-b536-79bfa7edcf97,User,Test,Website,en,,Unknown,Unknown,Unknown,I feel like I failed as a parent.,Family and Marriage,,feel like failed parent
53f88e33-843c-4ff2-a88f-ed840eba0026,User,Test,Website,en,,Unknown,Unknown,Unknown,I don’t even recognize myself anymore. Alcohol controls everything.,Alcoholism and Drug Addiction,,even recognize alcohol controls everything
f0c5657f-6711-4715-b7af-3cf37a27db52,User,Test,Website,en,,Unknown,Unknown,Unknown,"Every time I get close to God, I get hit harder.",Spiritual Warfare,,every time get close god get hit harder
add30d5e-30fe-4e3b-8ca3-8f1e83e2e85c,User,Test,Website,en,,Unknown,Unknown,Unknown,"We tried counseling, but nothing changed.",Family and Marriage,,tried counseling nothing changed
7c3bafe9-3b62-42b5-8a06-2f72d7170adf,User,Test,Website,en,,Unknown,Unknown,Unknown,I pray every night to stop drinking but nothing changes.,Alcoholism and Drug Addiction,,pray every night stop drinking nothing changes
bc5c93f4-9155-4fb6-aeda-f1c97268e3bd,User,Test,Website,en,,Unknown,Unknown,Unknown,I’m afraid I’ve opened doors to spiritual oppression.,Spiritual Warfare,,afraid opened doors spiritual oppression
e714faa5-966b-41b6-8621-f2daea60934f,User,Test,Website,en,,Unknown,Unknown,Unknown,I feel rejected and unwanted in my marriage.,Family and Marriage,,feel rejected unwanted marriage
cc075984-6e02-493a-8581-8b3eb148d8bc,User,Test,Website,en,,Unknown,Unknown,Unknown,Why does everything feel so meaningless?,General,,everything feel meaningless
2a525a82-2b34-463a-a6ad-6c3f2bf6b953,User,Test,Website,en,,Unknown,Unknown,Unknown,I just want to feel happy again.,General,,want feel happy
8df84b19-ea59-4e5e-9a91-5617e6428d06,User,Test,Website,en,,Unknown,Unknown,Unknown,"We used to be happy, now it feels like a burden.",Family and Marriage,,used happy feels like burden
a69c522b-0920-4858-812d-575a858ffcc8,User,Test,Website,en,,Unknown,Unknown,Unknown,"I want to be strong in my faith, but I feel weak.",Spiritual Warfare,,want strong faith feel weak
2c8327fc-4a8e-4811-82c4-84f2b4893c1e,User,Test,Website,en,,Unknown,Unknown,Unknown,I need some guidance in my life right now.,General,,need guidance life right
0c660555-bc1b-437b-b00c-7420bc35e234,User,Test,Website,en,,Unknown,Unknown,Unknown,I’m married but feel incredibly lonely.,Family and Marriage,,married feel incredibly lonely
3aa3e0c3-f1bf-4cc4-a174-426ba06bb988,User,Test,Website,en,,Unknown,Unknown,Unknown,I want to find purpose in my life.,General,,want find purpose life
e3577bd2-8dfc-4994-937d-28a207bee301,User,Test,Website,en,,Unknown,Unknown,Unknown,I’ve been having dark dreams that feel so real.,Spiritual Warfare,,dark dreams feel real
1607a43d-0724-4a1e-b46c-34ae590627d3,User,Test,Website,en,,Unknown,Unknown,Unknown,I need strength to resist temptation and stand firm.,Spiritual Warfare,,need strength resist temptation stand firm
9550845b-06b2-4fbb-960a-13870793376f,User,Test,Website,en,,Unknown,Unknown,Unknown,I’m scared our marriage is falling apart.,Family and Marriage,,scared marriage falling apart
22f25a59-e3a9-438a-8791-dcc2870f7762,User,Test,Website,en,,Unknown,Unknown,Unknown,I’m constantly afraid something bad will happen.,Crisis,,constantly afraid something bad happen
7d995e8b-fb0b-4c30-8106-c46a1b6d1279,User,Test,Website,en,,Unknown,Unknown,Unknown,I feel paralyzed by fear and doubt.,Spiritual Warfare,,feel paralyzed fear doubt
02797a36-d598-41a3-86c5-a1d4ee380379,User,Test,Website,en,,Unknown,Unknown,Unknown,I can’t imagine living another day like this.,Suicide,,imagine living another day like
85262243-2a3a-464d-a65e-40e7386b260a,User,Test,Website,en,,Unknown,Unknown,Unknown,I feel like Satan is targeting me.,Spiritual Warfare,,feel like satan targeting
adf86d06-bdc7-4105-bd07-d86e2ad992c6,User,Test,Website,en,,Unknown,Unknown,Unknown,I’ve been betrayed by my closest friend. I feel lost.,Crisis,,betrayed closest feel lost
26628985-1e90-41e2-9573-d05b8f30694f,User,Test,Website,en,,Unknown,Unknown,Unknown,I’m scared of how often I think about death.,Suicide,,scared often think death
97637811-f15f-4794-9f8f-3608f0ccb13c,User,Test,Website,en,,Unknown,Unknown,Unknown,I feel spiritually numb and distant from God.,Spiritual Warfare,,feel spiritually numb distant god
d5842989-c4c5-4c80-8bb4-06aa9bcdd871,User,Test,Website,en,,Unknown,Unknown,Unknown,There’s so much silence in our home now.,Family and Marriage,,much silence home
0c393eb6-084a-4f27-9a07-e3f50a4b35de,User,Test,Website,en,,Unknown,Unknown,Unknown,Why do I feel so empty all the time?,General,,feel empty time
89a35328-79cf-44a3-8124-ee80154cd5fd,User,Test,Website,en,,Unknown,Unknown,Unknown,My partner doesn’t respect me and I feel hurt.,Family and Marriage,,partner respect feel hurt
90c41871-69b6-43a3-a132-b88919ebde49,User,Test,Website,en,,Unknown,Unknown,Unknown,"I want to grow, but I feel stuck.",General,,want grow feel stuck
6e1eaf5f-810a-43bc-8bf5-e1e1c19c384d,User,Test,Website,en,,Unknown,Unknown,Unknown,I feel spiritual warfare is affecting my family.,Spiritual Warfare,,feel spiritual warfare affecting family
43cd91fc-f072-4ca4-9e00-d05e326a83d7,User,Test,Website,en,,Unknown,Unknown,Unknown,My partner just left me and I’m completely broken.,Crisis,,partner left completely broken
41927aac-4aa2-4a89-95bd-0a1f677d8389,User,Test,Website,en,,Unknown,Unknown,Unknown,"The more I pray, the worse things seem to get.",Spiritual Warfare,,pray worse things seem get
57419cd3-dd1c-4740-b9eb-588ca6a8a045,User,Test,Website,en,,Unknown,Unknown,Unknown,I’m tired of pretending everything’s fine.,General,,tired pretending fine
0116f680-c16c-4d8e-ab69-7147a877a18b,User,Test,Website,en,,Unknown,Unknown,Unknown,I just want to be enough for once.,General,,want enough
c5d5f42b-0a39-41c9-8b36-b85154404e0f,User,Test,Website,en,,Unknown,Unknown,Unknown,I think I’m being spiritually attacked through my dreams.,Spiritual Warfare,,think spiritually attacked dreams
1deb1bb9-523d-4b71-8b39-96320442b603,User,Test,Website,en,,Unknown,Unknown,Unknown,I just got laid off and I don’t know how I’ll pay rent.,Crisis,,got laid know pay rent
a5c86036-f21e-4c6e-814b-8691abb2544f,User,Test,Website,en,,Unknown,Unknown,Unknown,I wish someone would just notice how much I’m hurting.,Suicide,,wish someone would notice much hurting
1d751d50-e367-4e0a-8157-c85c8adcd743,User,Test,Website,en,,Unknown,Unknown,Unknown,How do I fight back against spiritual oppression?,Spiritual Warfare,,fight back spiritual oppression
d614f6b1-d06c-44f0-8de1-11697d9ab923,User,Test,Website,en,,Unknown,Unknown,Unknown,I feel like I’m just going through the motions.,General,,feel like going motions
b3271437-6083-4608-a66a-aeb8770e924f,User,Test,Website,en,,Unknown,Unknown,Unknown,I’m just so tired of living.,Suicide,,tired living
7a135e9e-9790-4b5b-8e4e-e04bd9c4a176,User,Test,Website,en,,Unknown,Unknown,Unknown,"I’m trying to stay faithful, but the attacks keep coming.",Spiritual Warfare,,trying stay faithful attacks keep coming
44ab15b0-f204-49ad-bebc-e71a0d27db0d,User,Test,Website,en,,Unknown,Unknown,Unknown,My marriage is on the edge and I feel helpless.,Family and Marriage,,marriage edge feel helpless
8e31c8df-782c-45da-918d-ebdddc057eb1,User,Test,Website,en,,Unknown,Unknown,Unknown,I’m stuck in a country far from home. I feel abandoned.,Crisis,,stuck country far feel abandoned
788e60cf-1a6e-4c21-9b4c-529b31f61aec,User,Test,Website,en,,Unknown,Unknown,Unknown,I feel surrounded by negativity and evil influences.,Spiritual Warfare,,feel surrounded negativity evil influences
17794a25-0cb3-4d3f-95bf-1e8e307eb992,User,Test,Website,en,,Unknown,Unknown,Unknown,My parents favor my siblings and it hurts.,Family and Marriage,,parents favor siblings hurts
88f0eda7-f6f6-4d65-81de-c0826ce7ad57,User,Test,Website,en,,Unknown,Unknown,Unknown,Is recovery really possible for me?,Alcoholism and Drug Addiction,,recovery really possible
6b01513a-2493-4020-b16d-afa54b907035,User,Test,Website,en,,Unknown,Unknown,Unknown,My parents fight all the time. It’s affecting me badly.,Family and Marriage,,parents fight affecting badly
3267232a-b171-424d-b5ea-1ce26e4eb482,User,Test,Website,en,,Unknown,Unknown,Unknown,My spouse and I don’t see eye to eye on parenting.,Family and Marriage,,spouse see eye eye parenting
1dc075f0-812a-41af-bf93-12a15de420de,User,Test,Website,en,,Unknown,Unknown,Unknown,Why does the enemy always seem stronger than me?,Spiritual Warfare,,enemy always seem stronger
1d43944a-7d23-49b5-bb18-0035744476fa,User,Test,Website,en,,Unknown,Unknown,Unknown,"Drugs numbed my pain, but now they’ve become the pain.",Alcoholism and Drug Addiction,,drugs numbed pain become pain
2ecdb86f-59d7-487a-8c27-1dc6e2d148a9,User,Test,Website,en,,Unknown,Unknown,Unknown,I just need someone to talk to today.,General,,need someone talk today
1db36da5-d3b5-40ce-b499-b16a1803d4e6,User,Test,Website,en,,Unknown,Unknown,Unknown,My family is falling apart. I don’t know what to do.,Family and Marriage,,family falling know
aaff82fe-f16d-4856-8e6b-e5f6e4e7282b,User,Test,Website,en,,Unknown,Unknown,Unknown,I’ve been robbed and feel violated.,Crisis,,robbed feel violated
4a158135-1d33-43b2-acb5-b1fcac8b44d8,User,Test,Website,en,,Unknown,Unknown,Unknown,Drugs have taken over my life. I want to stop but don’t know how.,Alcoholism and Drug Addiction,,drugs taken want stop know
e4abba85-4440-4337-8cd5-d142d3f4a57a,User,Test,Website,en,,Unknown,Unknown,Unknown,I’m afraid I’ll act on my thoughts one day.,Suicide,,afraid act thoughts one day
72d35252-94f7-415d-aff5-d7e477fab13d,User,Test,Website,en,,Unknown,Unknown,Unknown,We’re staying together just for appearances.,Family and Marriage,,staying together appearances
f41c4ecc-4140-447a-a726-bb29a9aa1b4f,User,Test,Website,en,,Unknown,Unknown,Unknown,I’m questioning the purpose of it all.,General,,questioning purpose
f0487e90-0f91-495e-b53b-74c6e7d62050,User,Test,Website,en,,Unknown,Unknown,Unknown,We can’t afford my child's medication anymore.,Crisis,,afford child medication anymore
cda9137c-957c-4680-9530-e285a5cad298,User,Test,Website,en,,Unknown,Unknown,Unknown,I want to feel like I matter.,General,,want feel like matter
effec661-e7ce-4e1b-b951-f64f74ae9e4f,User,Test,Website,en,,Unknown,Unknown,Unknown,I feel something dark when I’m alone at night.,Spiritual Warfare,,feel something dark alone night
f2b3998c-ae38-412b-85f6-e4edbe4fe8e2,User,Test,Website,en,,Unknown,Unknown,Unknown,Why do I feel so out of place?,General,,feel place
e8a9f35b-b7ac-4088-8094-d8e36afcac95,User,Test,Website,en,,Unknown,Unknown,Unknown,I feel like I'm losing control of everything in my life.,Crisis,,feel like losing control everything life
8f5eed97-3a44-47e2-87c3-1522e05fd4f3,User,Test,Website,en,,Unknown,Unknown,Unknown,Can God forgive someone with my addiction?,Alcoholism and Drug Addiction,,god forgive someone addiction
e7dc2687-b818-48e3-8532-172cdb2af6dd,User,Test,Website,en,,Unknown,Unknown,Unknown,"Everyone sees me as happy, but I’m battling addiction in secret.",Alcoholism and Drug Addiction,,everyone sees happy battling addiction secret
be909f36-fe03-49fc-a9ca-a3db65895ead,User,Test,Website,en,,Unknown,Unknown,Unknown,Everything I believed in is falling apart.,Crisis,,everything believed falling apart
e3301221-5783-44c2-b59d-94ffa808fe79,User,Test,Website,en,,Unknown,Unknown,Unknown,My partner refuses to talk about our issues.,Family and Marriage,,partner refuses talk issues
ebff7bc6-b903-4533-a162-f31c4ec28a9e,User,Test,Website,en,,Unknown,Unknown,Unknown,"I want the pain to stop, no matter what it takes.",Suicide,,want pain stop matter takes
b736ea39-48c3-4feb-934b-bcc0e28623c0,User,Test,Website,en,,Unknown,Unknown,Unknown,I feel ashamed of my addiction and too scared to ask for help.,Alcoholism and Drug Addiction,,feel ashamed addiction scared ask help
b7c048ce-3d3f-431c-a2d5-c75e0a58eb75,User,Test,Website,en,,Unknown,Unknown,Unknown,My business failed. I feel like a failure too.,Crisis,,business feel like failure
b8c92194-cafc-4e4f-967b-4f338b13ee9c,User,Test,Website,en,,Unknown,Unknown,Unknown,Sometimes I think it’s the only escape I have.,Suicide,,sometimes think escape
71785929-26b8-458c-9a79-3104835c62a5,User,Test,Website,en,,Unknown,Unknown,Unknown,My in-laws make our marriage miserable.,Family and Marriage,,make marriage miserable
6eaea3bf-b8a1-4fe9-ac9c-e0ac367ef8cf,User,Test,Website,en,,Unknown,Unknown,Unknown,I’m trying so hard and it’s still not enough.,General,,trying hard still enough
a0b3ae0f-2045-4501-99d7-0e8738cf0fd9,User,Test,Website,en,,Unknown,Unknown,Unknown,How do I start the journey to recovery?,Alcoholism and Drug Addiction,,start journey recovery
2038fbe1-deec-4af2-bf07-8d4931529fbf,User,Test,Website,en,,Unknown,Unknown,Unknown,My parents never listen. I feel invisible.,Family and Marriage,,parents never feel invisible
3b43231e-112c-4def-8f8f-4d2451c7bad9,User,Test,Website,en,,Unknown,Unknown,Unknown,"I try to pray, but I feel blocked.",Spiritual Warfare,,try pray feel blocked
8196a222-5f86-44c0-a99c-281e73c24431,User,Test,Website,en,,Unknown,Unknown,Unknown,I feel like I'm under constant attack spiritually.,Spiritual Warfare,,feel like constant attack spiritually
66140e2a-1a76-4498-9f7b-2c8b8e8a3be9,User,Test,Website,en,,Unknown,Unknown,Unknown,I wish someone understood how hard this is.,Alcoholism and Drug Addiction,,wish someone understood hard
340d4329-ea88-43d8-a3e8-abbbcc4707c1,User,Test,Website,en,,Unknown,Unknown,Unknown,Nothing brings me joy anymore.,Suicide,,nothing brings joy anymore
439dfdaa-1438-4028-a6dd-7b02741acad4,User,Test,Website,en,,Unknown,Unknown,Unknown,I miss the love we used to have.,Family and Marriage,,miss love used
704b33e1-fe2e-415c-90d5-a879a5a74161,User,Test,Website,en,,Unknown,Unknown,Unknown,I’ve lost jobs and friends because of my drinking. I feel worthless.,Alcoholism and Drug Addiction,,lost jobs friends feel worthless
57b91967-7e66-4b27-9199-a84991c82eee,User,Test,Website,en,,Unknown,Unknown,Unknown,I’m torn between staying for the kids or leaving for my peace.,Family and Marriage,,torn staying kids leaving peace
e7cd9dd2-0d66-482b-a5f7-a8d822b05aaf,User,Test,Website,en,,Unknown,Unknown,Unknown,There’s a heaviness in my spirit I can’t shake.,Spiritual Warfare,,heaviness spirit shake
90f56c54-8a7a-4840-ba08-b908514e16a1,User,Test,Website,en,,Unknown,Unknown,Unknown,I’ve written a goodbye letter but haven’t sent it.,Suicide,,written goodbye letter sent
19b562a5-db91-46ad-9c14-3c3c9f9d0dfa,User,Test,Website,en,,Unknown,Unknown,Unknown,I can’t stop crying. Everything is too much right now.,Crisis,,stop everything much right
5db41b5a-a22c-4224-9f76-e5e2ae1a53fc,User,Test,Website,en,,Unknown,Unknown,Unknown,"I want to put on the armor of God, but I don’t know how.",Spiritual Warfare,,want put armor god know
d4eb0964-d97c-420d-8b16-4c492339eb82,User,Test,Website,en,,Unknown,Unknown,Unknown,I need help fighting spiritual darkness in my life.,Spiritual Warfare,,need help fighting spiritual darkness life
d1818829-8c40-453d-b646-541649867a4a,User,Test,Website,en,,Unknown,Unknown,Unknown,I need a reason to stop drinking.,Alcoholism and Drug Addiction,,need reason stop drinking
ed676aca-158d-4d2a-9d46-5cc15ff4be1e,User,Test,Website,en,,Unknown,Unknown,Unknown,Our communication is broken and I don’t know how to fix it.,Family and Marriage,,communication broken know fix
71ca4605-2f66-4721-9e33-c3c032bcfffd,User,Test,Website,en,,Unknown,Unknown,Unknown,I’m tired of lying to my family about my addiction.,Alcoholism and Drug Addiction,,tired lying family addiction
ffb995d4-110e-4f32-8092-1833d98710cc,User,Test,Website,en,,Unknown,Unknown,Unknown,I’ve been battling demonic thoughts and I’m scared.,Spiritual Warfare,,battling demonic thoughts scared
73708310-5152-4ade-a4fe-65d773dc885a,User,Test,Website,en,,Unknown,Unknown,Unknown,I’m just not motivated anymore. What’s wrong with me?,General,,motivated wrong
4e4bb8d7-2eae-44ce-a4f8-e871dba140b2,User,Test,Website,en,,Unknown,Unknown,Unknown,No one would miss me if I was gone.,Suicide,,one would miss gone
02713757-0e5b-4189-a673-fdcbb01a8184,User,Test,Website,en,,Unknown,Unknown,Unknown,"I don’t want to die, but I don’t want to live either.",Suicide,,want die want live either
2961dba1-92bf-4f84-8165-bacdd4ca364e,User,Test,Website,en,,Unknown,Unknown,Unknown,I’ve been close to ending it more than once.,Suicide,,close ending
c18234fe-0441-4100-bf56-d969e58b6ff9,User,Test,Website,en,,Unknown,Unknown,Unknown,I just got diagnosed with something serious. I’m scared.,Crisis,,got diagnosed something scared
242d3555-b3bb-4b1d-a680-bc0be4fb8378,User,Test,Website,en,,Unknown,Unknown,Unknown,I’ve isolated myself from everyone. I just don’t care anymore.,Suicide,,isolated care anymore
916f8e0c-c718-4550-882b-ac0826b4b0cb,User,Test,Website,en,,Unknown,Unknown,Unknown,I don’t know how to raise my kids right.,Family and Marriage,,know raise kids right
9c8f5756-29c4-414d-a1da-d4a8513a7e78,User,Test,Website,en,,Unknown,Unknown,Unknown,I’m weary from fighting the same spiritual battles.,Spiritual Warfare,,weary fighting spiritual battles
f20f12ab-44fc-43d8-be84-747bce560849,User,Test,Website,en,,Unknown,Unknown,Unknown,Why does being alive feel so hard sometimes?,General,,alive feel hard sometimes
82d1aac5-15db-4580-ac66-086e743f4de0,User,Test,Website,en,,Unknown,Unknown,Unknown,I feel lost in the crowd.,General,,feel lost crowd
0274cc90-0fe4-45b5-b55e-87ef8baeb6c6,User,Test,Website,en,,Unknown,Unknown,Unknown,The darkness keeps getting worse.,Suicide,,darkness keeps getting worse
0345ee4e-8ac2-4c7b-a750-9852b84c2f62,User,Test,Website,en,,Unknown,Unknown,Unknown,"Everyone expects me to have it together, but I don’t.",General,,everyone expects together
e52c4660-1fc8-44d5-80d0-f3f6f1bb60ec,User,Test,Website,en,,Unknown,Unknown,Unknown,My health took a turn for the worse. I feel helpless.,Crisis,,health took turn feel helpless
b85f7231-8b94-495b-b9ac-07353126f3ce,User,Test,Website,en,,Unknown,Unknown,Unknown,I lost everything in a fire. I’m devastated.,Crisis,,lost everything devastated
31d60662-059b-4dd8-8cfc-c9dc28d0a87c,User,Test,Website,en,,Unknown,Unknown,Unknown,There’s a spiritual battle in my mind every day.,Spiritual Warfare,,spiritual battle mind every day
97a7cae8-f4a1-45f4-8c6a-e9b9dcdbee97,User,Test,Website,en,,Unknown,Unknown,Unknown,I’m battling thoughts that aren’t from God.,Spiritual Warfare,,battling thoughts god
b214119f-8920-4db2-9988-ae6789c24c29,User,Test,Website,en,,Unknown,Unknown,Unknown,I can’t seem to break free from drinking. I feel stuck.,Alcoholism and Drug Addiction,,seem break free feel stuck
82dedba5-1bb1-426c-8fd5-91b79f49265b,User,Test,Website,en,,Unknown,Unknown,Unknown,I'm stuck in the same routine and it's draining.,General,,stuck routine draining
0efed6ee-a6ca-46ee-8ad0-4b5af430e2da,User,Test,Website,en,,Unknown,Unknown,Unknown,I’m carrying all the emotional weight in this relationship.,Family and Marriage,,carrying emotional weight relationship
c2845169-3de5-49f2-afed-5e8755b16a82,User,Test,Website,en,,Unknown,Unknown,Unknown,I feel like everyone would be better off without me.,Suicide,,feel like everyone would better without
7f3691e0-1b0c-4c52-ae33-4b1d3eae23ca,User,Test,Website,en,,Unknown,Unknown,Unknown,We have no food and I’m scared for my kids.,Crisis,,food scared kids
7bec84bb-517e-437a-a6c5-24c9722e7a9c,User,Test,Website,en,,Unknown,Unknown,Unknown,My family doesn’t understand me. I feel so alone at home.,Family and Marriage,,family understand feel alone home
6ea3a4a4-c425-419c-a7df-4a731e14330c,User,Test,Website,en,,Unknown,Unknown,Unknown,I’m embarrassed to be seen at an AA meeting.,Alcoholism and Drug Addiction,,embarrassed seen aa meeting
d618fd3d-6509-4e01-9260-23298f09a17d,User,Test,Website,en,,Unknown,Unknown,Unknown,I want to be clean for my children.,Alcoholism and Drug Addiction,,want clean children
d0493278-6ee4-4b6f-88d7-b79e41a28f79,User,Test,Website,en,,Unknown,Unknown,Unknown,No one sees how much pain I’m in.,Suicide,,one sees much pain
7e71e1ad-f2e6-4770-abda-bfeb839dc3fa,User,Test,Website,en,,Unknown,Unknown,Unknown,The stress is making me physically sick.,Crisis,,stress making physically sick
c1022705-f442-4afd-aead-1d02d5dad738,User,Test,Website,en,,Unknown,Unknown,Unknown,My kids don’t deserve a parent like this.,Alcoholism and Drug Addiction,,kids deserve parent like
d17f79b4-98b3-4d0a-8b52-04928a4793e2,User,Test,Website,en,,Unknown,Unknown,Unknown,This crisis came out of nowhere and shattered everything.,Crisis,,crisis came nowhere shattered everything
8fa24c29-6c0b-4503-9ae9-6c4cae50c534,User,Test,Website,en,,Unknown,Unknown,Unknown,I’ve lost count of how many times I’ve relapsed.,Alcoholism and Drug Addiction,,lost count many times relapsed
43cb0e48-c57b-4676-8891-5eafa2e250a9,User,Test,Website,en,,Unknown,Unknown,Unknown,I’m facing a lawsuit and don’t know where to turn.,Crisis,,facing lawsuit know turn
d2d8f9a7-4c36-411a-97aa-6474e95735bb,User,Test,Website,en,,Unknown,Unknown,Unknown,I feel like I’m drowning in problems with no way out.,Crisis,,feel like drowning problems way
5789f95b-864a-44ee-a704-82e982b0fcba,User,Test,Website,en,,Unknown,Unknown,Unknown,Is there a way back for someone like me?,Alcoholism and Drug Addiction,,way back someone like
3b41192d-b03b-41f3-96af-2b9e6cccc96c,User,Test,Website,en,,Unknown,Unknown,Unknown,"I want to forgive my partner, but I can’t forget.",Family and Marriage,,want forgive partner forget
ccf219bc-a019-4b93-abd4-c37c5d54e16b,User,Test,Website,en,,Unknown,Unknown,Unknown,My friends left when I started using. I feel so alone.,Alcoholism and Drug Addiction,,friends left started feel alone
ae667277-9e44-4164-bc05-db026391d038,User,Test,Website,en,,Unknown,Unknown,Unknown,The pain is too much and I can’t take it.,Suicide,,pain much take
4e2923b2-bd9e-4f88-b15e-1660d087901d,User,Test,Website,en,,Unknown,Unknown,Unknown,I’m tired of always putting others first.,General,,tired always putting others first
d0b8b93f-ddc8-4461-b493-572656ef57a3,User,Test,Website,en,,Unknown,Unknown,Unknown,"Every time I read the Bible, I get distracted or discouraged.",Spiritual Warfare,,every time read bible get distracted discouraged
d11b676f-1a8c-4062-8f2e-0ee73ec84bbe,User,Test,Website,en,,Unknown,Unknown,Unknown,Sometimes I just want to disappear.,General,,sometimes want disappear
34133ade-79c0-48a9-8d05-94d041ac195f,User,Test,Website,en,,Unknown,Unknown,Unknown,There’s fighting in my neighborhood and I’m scared to leave the house.,Crisis,,fighting neighborhood scared leave house
6a6c7a84-836d-4861-a9cd-23ece24d26d9,User,Test,Website,en,,Unknown,Unknown,Unknown,I hear voices that make me question my faith.,Spiritual Warfare,,hear voices make question faith
639992c1-c6df-4c8c-a79e-fb0136c685f7,User,Test,Website,en,,Unknown,Unknown,Unknown,I keep falling into the same temptations again and again.,Spiritual Warfare,,keep falling temptations
5eda3e9c-46e8-44f2-b2e4-124b54e596a8,User,Test,Website,en,,Unknown,Unknown,Unknown,I don’t want to live anymore.,Suicide,,want live anymore
0fbcf29b-ec22-4d5b-84c6-cb5c9fc5baac,User,Test,Website,en,,Unknown,Unknown,Unknown,I'm tired of pretending I'm okay when I'm not.,General,,tired pretending okay
b7587d3c-cf43-4717-877d-2baec808339a,User,Test,Website,en,,Unknown,Unknown,Unknown,"Every time I fast or pray more, chaos breaks out.",Spiritual Warfare,,every time fast pray chaos breaks
df07f25a-bd63-4bcc-9c2b-fa86b084f7bc,User,Test,Website,en,,Unknown,Unknown,Unknown,Sometimes I wish I wouldn’t wake up.,Suicide,,sometimes wish wake
0f78616c-6976-4a16-8035-e564c57a2df5,User,Test,Website,en,,Unknown,Unknown,Unknown,I don’t know how to ask for help.,Suicide,,know ask help
110ae38d-4734-4326-8cc1-c82315492c6a,User,Test,Website,en,,Unknown,Unknown,Unknown,"I know the truth, but I keep believing lies.",Spiritual Warfare,,know truth keep believing lies
8487de96-4fa3-4465-848b-a9007a9705ed,User,Test,Website,en,,Unknown,Unknown,Unknown,I just found out my spouse cheated. I’m heartbroken.,Crisis,,found spouse heartbroken
8d5310ac-d269-462b-bc13-b0eefdd2a018,User,Test,Website,en,,Unknown,Unknown,Unknown,I don’t have anyone to talk to during this crisis.,Crisis,,anyone talk crisis
921418ce-4d35-423d-9e1c-9a3425c9316d,User,Test,Website,en,,Unknown,Unknown,Unknown,I need help but I don’t want to be a burden.,Suicide,,need help want burden
02c3dd7c-ef32-4b26-83c0-3b583200f0b3,User,Test,Website,en,,Unknown,Unknown,Unknown,I keep comparing myself to everyone else.,General,,keep comparing everyone else
b75cc5ef-f4e3-43df-92a8-90d411f0d1db,User,Test,Website,en,,Unknown,Unknown,Unknown,I can’t stop overthinking everything.,General,,stop overthinking everything
6e3cd619-8355-487f-873b-af606161180e,User,Test,Website,en,,Unknown,Unknown,Unknown,I’m constantly walking on eggshells at home.,Family and Marriage,,constantly walking eggshells home
cda27ca0-7e09-40a2-b29e-e26b6b908054,User,Test,Website,en,,Unknown,Unknown,Unknown,It feels like a dark cloud follows me everywhere.,Spiritual Warfare,,feels like dark cloud follows everywhere
f12d6b5b-ec42-4564-9eb7-4dc304bb6b27,User,Test,Website,en,,Unknown,Unknown,Unknown,I feel like giving up on my marriage. Nothing works.,Family and Marriage,,feel like giving nothing works
31c04c38-4563-44ab-945c-4fb4849635a0,User,Test,Website,en,,Unknown,Unknown,Unknown,I want to believe I can change. I just don’t know how.,Alcoholism and Drug Addiction,,want believe know
7a1e7ff8-1aa5-4e34-ac59-e46eec981ab4,User,Test,Website,en,,Unknown,Unknown,Unknown,This situation has made me question everything.,Crisis,,situation made question everything
178566dc-284f-4703-85ca-0aa75ff66fd9,User,Test,Website,en,,Unknown,Unknown,Unknown,I’ve never felt this hopeless in my life.,Crisis,,never felt hopeless life
ad5f32b6-feb7-4510-8ca4-99de7a9de6c7,User,Test,Website,en,,Unknown,Unknown,Unknown,My peace is being stolen by dark forces.,Spiritual Warfare,,peace stolen dark forces
e027b1fc-4ffa-4a2c-bbc8-23cf5ad08797,User,Test,Website,en,,Unknown,Unknown,Unknown,Why did I let drugs become my escape?,Alcoholism and Drug Addiction,,let drugs become escape
da3ac0c6-1cb3-4c01-a608-097554c76d64,User,Test,Website,en,,Unknown,Unknown,Unknown,I’ve hidden my addiction for years. I need to talk.,Alcoholism and Drug Addiction,,hidden addiction need talk
82d2fb7f-0e38-4ad2-a789-2d1f7003bbf2,User,Test,Website,en,,Unknown,Unknown,Unknown,We can’t agree on anything anymore.,Family and Marriage,,agree anything anymore
0853bf5b-ca6e-4e44-a208-2e8b19258b0a,User,Test,Website,en,,Unknown,Unknown,Unknown,The thought of ending it is the only relief I feel.,Suicide,,thought ending relief feel
b3a320ad-313e-4347-a7f4-e989c779e6ce,User,Test,Website,en,,Unknown,Unknown,Unknown,How do I find strength to overcome drug abuse?,Alcoholism and Drug Addiction,,find strength overcome drug abuse
4abd7eb0-44ee-4970-8159-0501a2872c2a,User,Test,Website,en,,Unknown,Unknown,Unknown,I want to get clean but I’m scared of withdrawal.,Alcoholism and Drug Addiction,,want get clean scared withdrawal
4b0c98b1-74e5-490f-afe2-0d5d5e6b232f,User,Test,Website,en,,Unknown,Unknown,Unknown,"I want to rebuild our relationship, but I’m exhausted.",Family and Marriage,,want rebuild relationship exhausted
1fbcfadb-cd87-40b8-9d04-1b4d2e84ddfe,User,Test,Website,en,,Unknown,Unknown,Unknown,Why do I feel spiritually drained all the time?,Spiritual Warfare,,feel spiritually drained time
8bedcf71-9b0b-4f80-8cf4-3d7335906568,User,Test,Website,en,,Unknown,Unknown,Unknown,I feel like a burden to everyone around me.,Suicide,,feel like burden everyone around
3d90475d-7d0e-4723-948a-a260b00b0b0f,User,Test,Website,en,,Unknown,Unknown,Unknown,My family is falling apart and I can’t fix it.,Crisis,,family falling apart fix
eb8b4e3f-30ef-4b02-bce2-00429432810e,User,Test,Website,en,,Unknown,Unknown,Unknown,I feel completely alone in this world.,Suicide,,feel completely alone world
eb8b4e3f-30ef-4b02-bce2-00429432810e,User,Test,Website,en,,Unknown,Unknown,Unknown,I don’t even know what I enjoy anymore.,General,,even know enjoy anymore
eb8b4e3f-30ef-4b02-bce2-00429432810e,User,Test,Website,en,,Unknown,Unknown,Unknown,Distractions overwhelm me unexplainably.,Spiritual Warfare,,distractions overwhelm unexplainably
2c7b0988-b1b5-46bc-8305-72202b340ee8,User,Test,Website,en,,Unknown,Unknown,Unknown,"A sudden accident left me in chaos, and I need support right now.",Crisis,,sudden accident left chaos need support right
2c7b0988-b1b5-46bc-8305-72202b340ee9,User,Test,Website,en,,Unknown,Unknown,Unknown,"My partner wants another child, but I’m not ready, creating unresolved tension.",Family and Marriage,,partner wants another child ready creating unresolved tension
2c7b0988-b1b5-46bc-8305-72202b340ee10,User,Test,Website,en,,Unknown,Unknown,Unknown,"I’m worried my binge drinking is affecting my job, but I can't stop.",Alcoholism and Drug Addiction,,worried binge drinking affecting job ca stop
2c7b0988-b1b5-46bc-8305-72202b340ee11,User,Test,Website,en,,Unknown,Unknown,Unknown,"When my cravings hit, I feel powerless to do anything but give in.",Alcoholism and Drug Addiction,,cravings hit feel powerless anything give
2c7b0988-b1b5-46bc-8305-72202b340ee12,User,Test,Website,en,,Unknown,Unknown,Unknown,"When I try to worship, an overwhelming dread grips my heart, stopping me.",Spiritual Warfare,,try worship overwhelming dread grips heart stopping
2c7b0988-b1b5-46bc-8305-72202b340ee13,User,Test,Website,en,,Unknown,Unknown,Unknown,"I have no energy to keep battling these dark thoughts, and I'm scared.",Suicide,,energy keep battling dark thoughts scared
2c7b0988-b1b5-46bc-8305-72202b340ee14,User,Test,Website,en,,Unknown,Unknown,Unknown,"I want to save our relationship, but my spouse has already given up.",Family and Marriage,,want save relationship spouse already given
2c7b0988-b1b5-46bc-8305-72202b340ee15,User,Test,Website,en,,Unknown,Unknown,Unknown,"I'm feeling a bit lost in life, unsure of what steps to take next.",General,,feeling bit lost life unsure steps take next
2c7b0988-b1b5-46bc-8305-72202b340ee16,User,Test,Website,en,,Unknown,Unknown,Unknown,I lost my support system just as my life entered a state of emergency.,Crisis,,lost support system life entered state emergency
2c7b0988-b1b5-46bc-8305-72202b340ee17,User,Test,Website,en,,Unknown,Unknown,Unknown,"I notice negative patterns repeating in my family history, possibly a generational curse.",Spiritual Warfare,,notice negative patterns repeating family history possibly generational curse
2c7b0988-b1b5-46bc-8305-72202b340ee18,User,Test,Website,en,,Unknown,Unknown,Unknown,I feel an urgent need to reinvent myself but don’t know where to begin.,General,,feel urgent need reinvent know begin
2c7b0988-b1b5-46bc-8305-72202b340ee19,User,Test,Website,en,,Unknown,Unknown,Unknown,"In-laws interfere constantly in our marriage, causing strain and resentment.",Family and Marriage,,interfere constantly marriage causing strain resentment
2c7b0988-b1b5-46bc-8305-72202b340ee20,User,Test,Website,en,,Unknown,Unknown,Unknown,"I feel lonely in this marriage, even though we share the same home.",Family and Marriage,,feel lonely marriage even though share home
2c7b0988-b1b5-46bc-8305-72202b340ee21,User,Test,Website,en,,Unknown,Unknown,Unknown,I want to set new boundaries but don’t know how to assert myself effectively.,General,,want set new boundaries know assert effectively
2c7b0988-b1b5-46bc-8305-72202b340ee22,User,Test,Website,en,,Unknown,Unknown,Unknown,"A close friend attempted something drastic, and I’m struggling to cope with the aftermath.",Crisis,,close friend attempted something drastic struggling cope aftermath
2c7b0988-b1b5-46bc-8305-72202b340ee23,User,Test,Website,en,,Unknown,Unknown,Unknown,I'm considering separation because we can’t solve our long-standing trust issues.,Family and Marriage,,considering separation solve trust issues
2c7b0988-b1b5-46bc-8305-72202b340ee24,User,Test,Website,en,,Unknown,Unknown,Unknown,I worry that admitting my drug problem will ruin my reputation forever.,Alcoholism and Drug Addiction,,worry admitting drug problem ruin reputation forever
2c7b0988-b1b5-46bc-8305-72202b340ee25,User,Test,Website,en,,Unknown,Unknown,Unknown,"I have trouble expressing my emotions, which leads to confusion and missed opportunities.",General,,trouble expressing emotions leads confusion missed opportunities
2c7b0988-b1b5-46bc-8305-72202b340ee26,User,Test,Website,en,,Unknown,Unknown,Unknown,"I don’t expect anyone to understand, but I need to tell somebody how I feel.",Suicide,,expect anyone understand need tell somebody feel
2c7b0988-b1b5-46bc-8305-72202b340ee27,User,Test,Website,en,,Unknown,Unknown,Unknown,I feel shame every time I look at my empty bottles in the morning.,Alcoholism and Drug Addiction,,feel shame every time look empty bottles morning
2c7b0988-b1b5-46bc-8305-72202b340ee28,User,Test,Website,en,,Unknown,Unknown,Unknown,I fear my addiction has progressed beyond any hope of recovery or redemption.,Alcoholism and Drug Addiction,,fear addiction progressed beyond hope recovery redemption
2c7b0988-b1b5-46bc-8305-72202b340ee29,User,Test,Website,en,,Unknown,Unknown,Unknown,I worry I won't have the courage to seek help before it’s too late.,Suicide,,worry wo courage seek help late
2c7b0988-b1b5-46bc-8305-72202b340ee30,User,Test,Website,en,,Unknown,Unknown,Unknown,I just discovered a significant betrayal and feel my world is in disarray.,Crisis,,discovered significant betrayal feel world disarray
2c7b0988-b1b5-46bc-8305-72202b340ee31,User,Test,Website,en,,Unknown,Unknown,Unknown,"I want to break this cycle of addiction, but fear and shame hold me back.",Alcoholism and Drug Addiction,,want break cycle addiction fear shame hold back
2c7b0988-b1b5-46bc-8305-72202b340ee32,User,Test,Website,en,,Unknown,Unknown,Unknown,"I started drinking socially, but now I can’t go a day without alcohol.",Alcoholism and Drug Addiction,,started drinking socially go day without alcohol
2c7b0988-b1b5-46bc-8305-72202b340ee33,User,Test,Website,en,,Unknown,Unknown,Unknown,"I’m writing a note in my head every day, imagining how people will react.",Suicide,,writing note head every day imagining people react
2c7b0988-b1b5-46bc-8305-72202b340ee34,User,Test,Website,en,,Unknown,Unknown,Unknown,I isolate myself to hide my addiction from everyone close to me.,Alcoholism and Drug Addiction,,isolate hide addiction everyone close
2c7b0988-b1b5-46bc-8305-72202b340ee35,User,Test,Website,en,,Unknown,Unknown,Unknown,My kids are acting out because they sense the tension in our marriage.,Family and Marriage,,kids acting sense tension marriage
2c7b0988-b1b5-46bc-8305-72202b340ee36,User,Test,Website,en,,Unknown,Unknown,Unknown,"These dark thoughts are growing stronger, and I don't know how to stop them.",Suicide,,dark thoughts growing stronger know stop
2c7b0988-b1b5-46bc-8305-72202b340ee37,User,Test,Website,en,,Unknown,Unknown,Unknown,"My life seems stagnant, and I wonder if I'll ever find my purpose.",General,,life seems stagnant wonder ever find purpose
2c7b0988-b1b5-46bc-8305-72202b340ee38,User,Test,Website,en,,Unknown,Unknown,Unknown,"I can’t remember the last time I enjoyed a day sober, which worries me.",Alcoholism and Drug Addiction,,remember last time enjoyed day sober worries
2c7b0988-b1b5-46bc-8305-72202b340ee39,User,Test,Website,en,,Unknown,Unknown,Unknown,"I’m facing unexplainable oppression that feels deeply spiritual, and I'm scared.",Spiritual Warfare,,facing unexplainable oppression feels deeply spiritual scared
2c7b0988-b1b5-46bc-8305-72202b340ee40,User,Test,Website,en,,Unknown,Unknown,Unknown,"I’m exhausted trying to feel better, and giving up looks like a relief.",Suicide,,exhausted trying feel better giving looks like relief
2c7b0988-b1b5-46bc-8305-72202b340ee41,User,Test,Website,en,,Unknown,Unknown,Unknown,I just lost my job and feel paralyzed by the uncertainty of what's next.,Crisis,,lost job feel paralyzed uncertainty next
2c7b0988-b1b5-46bc-8305-72202b340ee42,User,Test,Website,en,,Unknown,Unknown,Unknown,I keep imagining different methods and can’t stop these terrible visions in my head.,Suicide,,keep imagining different methods stop terrible visions head
2c7b0988-b1b5-46bc-8305-72202b340ee43,User,Test,Website,en,,Unknown,Unknown,Unknown,"I just got evicted and have nowhere else to go, feeling scared and alone.",Crisis,,got evicted nowhere else go feeling scared alone
2c7b0988-b1b5-46bc-8305-72202b340ee44,User,Test,Website,en,,Unknown,Unknown,Unknown,"A traumatic event from last week keeps replaying in my mind, causing sleepless nights.",Crisis,,traumatic event last week keeps replaying mind causing sleepless nights
2c7b0988-b1b5-46bc-8305-72202b340ee45,User,Test,Website,en,,Unknown,Unknown,Unknown,"My home was destroyed, and I don’t know where to turn for shelter.",Crisis,,home destroyed know turn shelter
2c7b0988-b1b5-46bc-8305-72202b340ee46,User,Test,Website,en,,Unknown,Unknown,Unknown,I've realized I don’t handle criticism well and want to change that.,General,,realized handle criticism well want change
2c7b0988-b1b5-46bc-8305-72202b340ee47,User,Test,Website,en,,Unknown,Unknown,Unknown,Our arguments in front of the kids are leaving them upset and confused.,Family and Marriage,,arguments front kids leaving upset confused
2c7b0988-b1b5-46bc-8305-72202b340ee48,User,Test,Website,en,,Unknown,Unknown,Unknown,I’m exploring new perspectives on life and seeking someone to bounce ideas off.,General,,exploring new perspectives life seeking someone bounce ideas
2c7b0988-b1b5-46bc-8305-72202b340ee49,User,Test,Website,en,,Unknown,Unknown,Unknown,I'm reaching out because I’m at rock bottom and see no light ahead.,Suicide,,reaching rock bottom see light ahead
2c7b0988-b1b5-46bc-8305-72202b340ee50,User,Test,Website,en,,Unknown,Unknown,Unknown,"I’m convinced there's a spiritual war going on, and I need guidance to fight.",Spiritual Warfare,,convinced spiritual war going need guidance fight
2c7b0988-b1b5-46bc-8305-72202b340ee51,User,Test,Website,en,,Unknown,Unknown,Unknown,"I’m lonely even though I have people around, and I can’t explain why.",General,,lonely even though people around explain
2c7b0988-b1b5-46bc-8305-72202b340ee52,User,Test,Website,en,,Unknown,Unknown,Unknown,"I’m curious about exploring mindfulness, but I don't know how to begin.",General,,curious exploring mindfulness know begin
2c7b0988-b1b5-46bc-8305-72202b340ee53,User,Test,Website,en,,Unknown,Unknown,Unknown,"Multiple crises are hitting me at once, and I’m desperate for any form of help.",Crisis,,multiple crises hitting desperate form help
2c7b0988-b1b5-46bc-8305-72202b340ee54,User,Test,Website,en,,Unknown,Unknown,Unknown,I need advice on maintaining a healthy co-parenting relationship after our divorce.,Family and Marriage,,need advice maintaining healthy relationship divorce
2c7b0988-b1b5-46bc-8305-72202b340ee55,User,Test,Website,en,,Unknown,Unknown,Unknown,I feel like I'm drowning in responsibilities that I can't handle alone.,Crisis,,feel like drowning responsibilities ca handle alone
2c7b0988-b1b5-46bc-8305-72202b340ee56,User,Test,Website,en,,Unknown,Unknown,Unknown,"I keep comparing myself to others, feeling inferior and discouraged about my progress.",General,,keep comparing others feeling inferior discouraged progress
2c7b0988-b1b5-46bc-8305-72202b340ee57,User,Test,Website,en,,Unknown,Unknown,Unknown,I’m battling self-harming urges alongside suicidal thoughts and feel completely alone.,Suicide,,battling urges alongside suicidal thoughts feel completely alone
2c7b0988-b1b5-46bc-8305-72202b340ee58,User,Test,Website,en,,Unknown,Unknown,Unknown,"We never have time for each other, and our marriage feels stagnant.",Family and Marriage,,never time marriage feels stagnant
2c7b0988-b1b5-46bc-8305-72202b340ee59,User,Test,Website,en,,Unknown,Unknown,Unknown,"An unexplainable depression weighs on my mind, making me think it’s a demonic attack.",Spiritual Warfare,,unexplainable depression weighs mind making think demonic attack
2c7b0988-b1b5-46bc-8305-72202b340ee60,User,Test,Website,en,,Unknown,Unknown,Unknown,"Everything I built is collapsing around me, leaving me numb and terrified.",Crisis,,everything built collapsing around leaving numb terrified
2c7b0988-b1b5-46bc-8305-72202b340ee61,User,Test,Website,en,,Unknown,Unknown,Unknown,"The emptiness is crushing me, making every breath a burden I’d rather not bear.",Suicide,,emptiness crushing making every breath burden rather bear
2c7b0988-b1b5-46bc-8305-72202b340ee62,User,Test,Website,en,,Unknown,Unknown,Unknown,I’m considering a major move but hesitate due to uncertainty and doubt.,General,,considering major move hesitate due uncertainty doubt
2c7b0988-b1b5-46bc-8305-72202b340ee63,User,Test,Website,en,,Unknown,Unknown,Unknown,My sibling and I have drifted apart after a major disagreement.,Family and Marriage,,sibling drifted apart major disagreement
2c7b0988-b1b5-46bc-8305-72202b340ee64,User,Test,Website,en,,Unknown,Unknown,Unknown,"I want to stop feeling everything, and death seems like my only option.",Suicide,,want stop feeling everything death seems like option
2c7b0988-b1b5-46bc-8305-72202b340ee65,User,Test,Website,en,,Unknown,Unknown,Unknown,"An unexpected pregnancy is causing severe conflict, and I feel completely unprepared.",Crisis,,unexpected pregnancy causing severe conflict feel completely unprepared
2c7b0988-b1b5-46bc-8305-72202b340ee66,User,Test,Website,en,,Unknown,Unknown,Unknown,"I want to find my passion, but everything I try leaves me unexcited.",General,,want find passion everything try leaves unexcited
2c7b0988-b1b5-46bc-8305-72202b340ee67,User,Test,Website,en,,Unknown,Unknown,Unknown,"I’ve accomplished my goals, yet I still feel empty and unfulfilled inside.",General,,accomplished goals yet still feel empty unfulfilled inside
2c7b0988-b1b5-46bc-8305-72202b340ee68,User,Test,Website,en,,Unknown,Unknown,Unknown,"My spouse and I argue daily, and our home environment is filled with tension.",Family and Marriage,,spouse argue daily home environment filled tension
2c7b0988-b1b5-46bc-8305-72202b340ee69,User,Test,Website,en,,Unknown,Unknown,Unknown,"Lately, I’ve been restless and can’t pinpoint what’s really bothering me.",General,,lately restless pinpoint really bothering
2c7b0988-b1b5-46bc-8305-72202b340ee70,User,Test,Website,en,,Unknown,Unknown,Unknown,"Whenever I open my heart to the light, darkness seems to intensify around me.",Spiritual Warfare,,whenever open heart light darkness seems intensify around
2c7b0988-b1b5-46bc-8305-72202b340ee71,User,Test,Website,en,,Unknown,Unknown,Unknown,"Unexplainable fears consume me when I attempt to pray, hinting at deeper battles.",Spiritual Warfare,,unexplainable fears consume attempt pray hinting deeper battles
2c7b0988-b1b5-46bc-8305-72202b340ee72,User,Test,Website,en,,Unknown,Unknown,Unknown,"Every phone call brings new bad news, and I'm reaching a breaking point.",Crisis,,every phone call brings new bad news reaching breaking point
2c7b0988-b1b5-46bc-8305-72202b340ee73,User,Test,Website,en,,Unknown,Unknown,Unknown,"The guilt from my addiction feels overwhelming, and I need someone to talk to.",Alcoholism and Drug Addiction,,guilt addiction feels overwhelming need someone talk
2c7b0988-b1b5-46bc-8305-72202b340ee74,User,Test,Website,en,,Unknown,Unknown,Unknown,"I feel disconnected from my partner, and I worry our marriage is crumbling.",Family and Marriage,,feel disconnected partner worry marriage crumbling
2c7b0988-b1b5-46bc-8305-72202b340ee75,User,Test,Website,en,,Unknown,Unknown,Unknown,I want to improve my overall well-being but can’t maintain healthy habits.,General,,want improve overall maintain healthy habits
2c7b0988-b1b5-46bc-8305-72202b340ee76,User,Test,Website,en,,Unknown,Unknown,Unknown,"People around me are turning hostile for no reason, which feels spiritually motivated.",Spiritual Warfare,,people around turning hostile reason feels spiritually motivated
2c7b0988-b1b5-46bc-8305-72202b340ee77,User,Test,Website,en,,Unknown,Unknown,Unknown,"I’m on the verge of losing my home, and everything seems hopeless.",Crisis,,verge losing home everything seems hopeless
2c7b0988-b1b5-46bc-8305-72202b340ee78,User,Test,Website,en,,Unknown,Unknown,Unknown,I want to find meaning in small things but keep getting lost in big worries.,General,,want find meaning small things keep getting lost big worries
2c7b0988-b1b5-46bc-8305-72202b340ee79,User,Test,Website,en,,Unknown,Unknown,Unknown,"I feel trapped in an endless cycle of pain, with no will to carry on.",Suicide,,feel trapped endless cycle pain carry
2c7b0988-b1b5-46bc-8305-72202b340ee80,User,Test,Website,en,,Unknown,Unknown,Unknown,I feel drained every time I try to deepen my faith or pray.,Spiritual Warfare,,feel drained every time try deepen faith pray
2c7b0988-b1b5-46bc-8305-72202b340ee81,User,Test,Website,en,,Unknown,Unknown,Unknown,"I’m convinced no one will miss me, which makes the decision feel easier.",Suicide,,convinced one miss makes decision feel easier
2c7b0988-b1b5-46bc-8305-72202b340ee82,User,Test,Website,en,,Unknown,Unknown,Unknown,I’m overwhelmed by guilt and believe the world is better off without me.,Suicide,,overwhelmed guilt believe world better without
2c7b0988-b1b5-46bc-8305-72202b340ee83,User,Test,Website,en,,Unknown,Unknown,Unknown,"My partner refuses to compromise on major life decisions, leaving me frustrated.",Family and Marriage,,partner refuses compromise major life decisions leaving frustrated
2c7b0988-b1b5-46bc-8305-72202b340ee84,User,Test,Website,en,,Unknown,Unknown,Unknown,"I keep procrastinating important tasks, and it’s beginning to harm my self-esteem.",General,,keep procrastinating important tasks beginning harm
2c7b0988-b1b5-46bc-8305-72202b340ee85,User,Test,Website,en,,Unknown,Unknown,Unknown,I’m going through a transitional phase and need guidance to navigate it successfully.,General,,going transitional phase need guidance navigate successfully
2c7b0988-b1b5-46bc-8305-72202b340ee86,User,Test,Website,en,,Unknown,Unknown,Unknown,I’m disappointed in myself for letting alcohol control my life so completely.,Alcoholism and Drug Addiction,,disappointed letting alcohol control life completely
2c7b0988-b1b5-46bc-8305-72202b340ee87,User,Test,Website,en,,Unknown,Unknown,Unknown,"My attempts at rehab haven’t worked, and I’m discouraged about finding a lasting solution.",Alcoholism and Drug Addiction,,attempts rehab worked discouraged finding lasting solution
2c7b0988-b1b5-46bc-8305-72202b340ee88,User,Test,Website,en,,Unknown,Unknown,Unknown,I need advice on how to handle life’s daily ups and downs better.,General,,need advice handle daily ups downs better
2c7b0988-b1b5-46bc-8305-72202b340ee89,User,Test,Website,en,,Unknown,Unknown,Unknown,"Extended relatives gossip about our marital problems, and it’s adding more stress.",Family and Marriage,,extended relatives gossip marital problems adding stress
2c7b0988-b1b5-46bc-8305-72202b340ee90,User,Test,Website,en,,Unknown,Unknown,Unknown,"We disagree on how to manage our finances, and it's causing constant friction.",Family and Marriage,,disagree manage finances causing constant friction
2c7b0988-b1b5-46bc-8305-72202b340ee91,User,Test,Website,en,,Unknown,Unknown,Unknown,"I don't trust anyone enough to share my suicidal plans, but here I am.",Suicide,,trust anyone enough share suicidal plans
2c7b0988-b1b5-46bc-8305-72202b340ee92,User,Test,Website,en,,Unknown,Unknown,Unknown,"I overthink every decision, leaving me paralyzed in moments that require quick action.",General,,overthink every decision leaving paralyzed moments require quick action
2c7b0988-b1b5-46bc-8305-72202b340ee93,User,Test,Website,en,,Unknown,Unknown,Unknown,I'm bombarded by doubts and fears whenever I open my heart in prayer.,Spiritual Warfare,,bombarded doubts fears whenever open heart prayer
2c7b0988-b1b5-46bc-8305-72202b340ee94,User,Test,Website,en,,Unknown,Unknown,Unknown,"I’m struggling to balance my career and marriage, and tensions are building at home.",Family and Marriage,,struggling balance career marriage tensions building home
2c7b0988-b1b5-46bc-8305-72202b340ee95,User,Test,Website,en,,Unknown,Unknown,Unknown,"Alcohol has become my daily escape, but I realize it's hurting my health.",Alcoholism and Drug Addiction,,alcohol become daily escape realize hurting health
2c7b0988-b1b5-46bc-8305-72202b340ee96,User,Test,Website,en,,Unknown,Unknown,Unknown,"A serious car crash has left me rattled, and I can’t think straight.",Crisis,,serious car crash left rattled think straight
2c7b0988-b1b5-46bc-8305-72202b340ee97,User,Test,Website,en,,Unknown,Unknown,Unknown,"No one seems to notice I’m breaking inside, and I’m done pretending otherwise.",Suicide,,one seems notice breaking inside done pretending otherwise
2c7b0988-b1b5-46bc-8305-72202b340ee98,User,Test,Website,en,,Unknown,Unknown,Unknown,"Life seems overwhelming right now, and I need someone to talk to.",General,,life seems overwhelming right need someone talk
2c7b0988-b1b5-46bc-8305-72202b340ee99,User,Test,Website,en,,Unknown,Unknown,Unknown,"I’m staying only for the children, but deep down I’m unhappy and lonely.",Family and Marriage,,staying children deep unhappy lonely
2c7b0988-b1b5-46bc-8305-72202b340ee100,User,Test,Website,en,,Unknown,Unknown,Unknown,I’m writing this because I'm desperately hoping someone will understand my despair.,Suicide,,writing desperately hoping someone understand despair
2c7b0988-b1b5-46bc-8305-72202b340ee101,User,Test,Website,en,,Unknown,Unknown,Unknown,"Every attempt at talking ends in blame, and I’m exhausted by the cycle.",Family and Marriage,,every attempt talking ends blame exhausted cycle
2c7b0988-b1b5-46bc-8305-72202b340ee102,User,Test,Website,en,,Unknown,Unknown,Unknown,"I can’t envision a future for myself, making me think this is the end.",Suicide,,envision future making think end
2c7b0988-b1b5-46bc-8305-72202b340ee103,User,Test,Website,en,,Unknown,Unknown,Unknown,There’s so much chaos in my life that I can’t find a moment of peace.,Crisis,,much chaos life find moment peace
2c7b0988-b1b5-46bc-8305-72202b340ee104,User,Test,Website,en,,Unknown,Unknown,Unknown,An eerie sense of being watched or followed keeps me on edge daily.,Spiritual Warfare,,eerie sense watched followed keeps edge daily
2c7b0988-b1b5-46bc-8305-72202b340ee105,User,Test,Website,en,,Unknown,Unknown,Unknown,I’m searching for ways to reduce stress and find calm in my everyday life.,General,,searching ways reduce stress find calm everyday life
2c7b0988-b1b5-46bc-8305-72202b340ee106,User,Test,Website,en,,Unknown,Unknown,Unknown,My addiction has made me lose trust in myself and the people around me.,Alcoholism and Drug Addiction,,addiction made lose trust people around
2c7b0988-b1b5-46bc-8305-72202b340ee107,User,Test,Website,en,,Unknown,Unknown,Unknown,I fear this presence could harm my loved ones if I don’t act soon.,Spiritual Warfare,,fear presence could harm loved ones act soon
2c7b0988-b1b5-46bc-8305-72202b340ee108,User,Test,Website,en,,Unknown,Unknown,Unknown,"I sense an entity influencing my thoughts, making me consider harmful ideas.",Spiritual Warfare,,sense entity influencing thoughts making consider harmful ideas
2c7b0988-b1b5-46bc-8305-72202b340ee109,User,Test,Website,en,,Unknown,Unknown,Unknown,"I’m locked in a legal battle, and the stress is more than I can handle.",Crisis,,locked legal battle stress handle
2c7b0988-b1b5-46bc-8305-72202b340ee110,User,Test,Website,en,,Unknown,Unknown,Unknown,"Time slips away so fast, and I’m anxious about wasting my potential.",General,,time slips away fast anxious wasting potential
2c7b0988-b1b5-46bc-8305-72202b340ee111,User,Test,Website,en,,Unknown,Unknown,Unknown,"I feel dead inside already, so ending it for real doesn't seem like much more.",Suicide,,feel dead inside already ending real seem like much
2c7b0988-b1b5-46bc-8305-72202b340ee112,User,Test,Website,en,,Unknown,Unknown,Unknown,"Life has become unbearable, and I'm thinking about ending it all.",Suicide,,life become unbearable thinking ending
2c7b0988-b1b5-46bc-8305-72202b340ee113,User,Test,Website,en,,Unknown,Unknown,Unknown,"I’m sensing dark energy around me, pushing me to give up on everything.",Spiritual Warfare,,sensing dark energy around pushing give everything
2c7b0988-b1b5-46bc-8305-72202b340ee114,User,Test,Website,en,,Unknown,Unknown,Unknown,There’s a nagging feeling that I'm not living up to my true potential.,General,,nagging feeling living true potential
2c7b0988-b1b5-46bc-8305-72202b340ee115,User,Test,Website,en,,Unknown,Unknown,Unknown,"My partner was arrested, leaving me in crisis mode without resources or guidance.",Crisis,,partner arrested leaving crisis mode without resources guidance
2c7b0988-b1b5-46bc-8305-72202b340ee116,User,Test,Website,en,,Unknown,Unknown,Unknown,I’m ready to try new approaches for self-improvement but need some guidance first.,General,,ready try new approaches need guidance first
2c7b0988-b1b5-46bc-8305-72202b340ee117,User,Test,Website,en,,Unknown,Unknown,Unknown,"I’m caught between my parents’ expectations and my spouse’s needs, feeling torn apart.",Family and Marriage,,caught expectations needs feeling torn apart
2c7b0988-b1b5-46bc-8305-72202b340ee118,User,Test,Website,en,,Unknown,Unknown,Unknown,"I discovered a medical emergency in my family, and I’m overwhelmed by fear.",Crisis,,discovered medical emergency family overwhelmed fear
2c7b0988-b1b5-46bc-8305-72202b340ee119,User,Test,Website,en,,Unknown,Unknown,Unknown,"An unexpected lawsuit threatens my livelihood, and I'm worried about losing everything.",Crisis,,unexpected lawsuit threatens livelihood worried losing everything
2c7b0988-b1b5-46bc-8305-72202b340ee120,User,Test,Website,en,,Unknown,Unknown,Unknown,"A serious health issue was diagnosed, and now I'm completely overwhelmed with anxiety.",Crisis,,serious health issue diagnosed completely overwhelmed anxiety
2c7b0988-b1b5-46bc-8305-72202b340ee121,User,Test,Website,en,,Unknown,Unknown,Unknown,I've pushed everyone away and now I’m left with nowhere to turn.,Suicide,,pushed everyone away left nowhere turn
2c7b0988-b1b5-46bc-8305-72202b340ee122,User,Test,Website,en,,Unknown,Unknown,Unknown,I can’t focus on anything because my thoughts keep racing from one disaster to another.,Crisis,,focus anything thoughts keep racing one disaster another
2c7b0988-b1b5-46bc-8305-72202b340ee123,User,Test,Website,en,,Unknown,Unknown,Unknown,"I’m under immense pressure from work and family, and it’s pushing me to the edge.",Crisis,,immense pressure work family pushing edge
2c7b0988-b1b5-46bc-8305-72202b340ee124,User,Test,Website,en,,Unknown,Unknown,Unknown,The sudden death of a close friend is tearing me apart emotionally.,Crisis,,sudden death close friend tearing apart emotionally
2c7b0988-b1b5-46bc-8305-72202b340ee125,User,Test,Website,en,,Unknown,Unknown,Unknown,"I feel stuck in the aftermath of a natural disaster, unsure how to recover.",Crisis,,feel stuck aftermath natural disaster unsure recover
2c7b0988-b1b5-46bc-8305-72202b340ee126,User,Test,Website,en,,Unknown,Unknown,Unknown,"I'm trying to wean off pills, but withdrawal symptoms make me relapse quickly.",Alcoholism and Drug Addiction,,trying wean pills withdrawal symptoms make relapse quickly
2c7b0988-b1b5-46bc-8305-72202b340ee127,User,Test,Website,en,,Unknown,Unknown,Unknown,I have goals but lack the motivation to actively pursue them.,General,,goals lack motivation actively pursue
2c7b0988-b1b5-46bc-8305-72202b340ee128,User,Test,Website,en,,Unknown,Unknown,Unknown,"People around me are thriving, and I feel left behind and overlooked.",General,,people around thriving feel left behind overlooked
2c7b0988-b1b5-46bc-8305-72202b340ee129,User,Test,Website,en,,Unknown,Unknown,Unknown,"Unresolved issues from the past keep resurfacing, and I’m ready to address them.",General,,unresolved issues past keep resurfacing ready address
2c7b0988-b1b5-46bc-8305-72202b340ee130,User,Test,Website,en,,Unknown,Unknown,Unknown,I witnessed a violent incident and can’t stop shaking from the trauma.,Crisis,,witnessed violent incident stop shaking trauma
2c7b0988-b1b5-46bc-8305-72202b340ee131,User,Test,Website,en,,Unknown,Unknown,Unknown,"Strange coincidences happen when I seek spiritual cleansing, causing me to doubt myself.",Spiritual Warfare,,strange coincidences happen seek spiritual cleansing causing doubt
2c7b0988-b1b5-46bc-8305-72202b340ee132,User,Test,Website,en,,Unknown,Unknown,Unknown,I need guidance on battling unseen forces that appear determined to break me.,Spiritual Warfare,,need guidance battling unseen forces appear determined break
2c7b0988-b1b5-46bc-8305-72202b340ee133,User,Test,Website,en,,Unknown,Unknown,Unknown,"I want more emotional support from my partner, but they keep shutting me out.",Family and Marriage,,want emotional support partner keep shutting
2c7b0988-b1b5-46bc-8305-72202b340ee134,User,Test,Website,en,,Unknown,Unknown,Unknown,I feel completely worthless and can’t handle this pain any longer.,Suicide,,feel completely worthless handle pain longer
2c7b0988-b1b5-46bc-8305-72202b340ee135,User,Test,Website,en,,Unknown,Unknown,Unknown,"I’ve lost all hope, and the idea of dying seems strangely comforting.",Suicide,,lost hope idea dying seems strangely comforting
2c7b0988-b1b5-46bc-8305-72202b340ee136,User,Test,Website,en,,Unknown,Unknown,Unknown,"Nothing seems particularly wrong, yet I’m not genuinely happy either.",General,,nothing seems particularly wrong yet genuinely happy either
2c7b0988-b1b5-46bc-8305-72202b340ee137,User,Test,Website,en,,Unknown,Unknown,Unknown,I’m at a point where I believe death is the only escape from my torment.,Suicide,,point believe death escape torment
2c7b0988-b1b5-46bc-8305-72202b340ee138,User,Test,Website,en,,Unknown,Unknown,Unknown,"My friend’s drug habit is destroying his life, and I’m not sure how to help.",Alcoholism and Drug Addiction,,drug habit destroying life sure help
2c7b0988-b1b5-46bc-8305-72202b340ee139,User,Test,Website,en,,Unknown,Unknown,Unknown,"My substance abuse is causing financial trouble, and I'm desperate for a solution.",Alcoholism and Drug Addiction,,substance abuse causing financial trouble desperate solution
2c7b0988-b1b5-46bc-8305-72202b340ee140,User,Test,Website,en,,Unknown,Unknown,Unknown,"Our marriage feels like it's running on autopilot, and intimacy is nonexistent.",Family and Marriage,,marriage feels like running autopilot intimacy nonexistent
2c7b0988-b1b5-46bc-8305-72202b340ee141,User,Test,Website,en,,Unknown,Unknown,Unknown,"I want to say goodbye, but I'm not sure if anyone will care.",Suicide,,want say goodbye sure anyone care
2c7b0988-b1b5-46bc-8305-72202b340ee142,User,Test,Website,en,,Unknown,Unknown,Unknown,I’m close to giving up because I don't feel loved or needed anymore.,Suicide,,close giving feel loved needed anymore
2c7b0988-b1b5-46bc-8305-72202b340ee143,User,Test,Website,en,,Unknown,Unknown,Unknown,I lie to my family about my drug use because I’m afraid of their reaction.,Alcoholism and Drug Addiction,,lie family drug use afraid reaction
2c7b0988-b1b5-46bc-8305-72202b340ee144,User,Test,Website,en,,Unknown,Unknown,Unknown,I’m terrified about an upcoming court case that could drastically change my life.,Crisis,,terrified upcoming court case could drastically change life
2c7b0988-b1b5-46bc-8305-72202b340ee145,User,Test,Website,en,,Unknown,Unknown,Unknown,"Every day feels heavier, and I think it might be time to let go.",Suicide,,every day feels heavier think might time let go
2c7b0988-b1b5-46bc-8305-72202b340ee146,User,Test,Website,en,,Unknown,Unknown,Unknown,I’m struggling to find balance between work and personal goals.,General,,struggling find balance work personal goals
2c7b0988-b1b5-46bc-8305-72202b340ee147,User,Test,Website,en,,Unknown,Unknown,Unknown,"Dark shadows move at the corner of my vision, intensifying my fear.",Spiritual Warfare,,dark shadows move corner vision intensifying fear
2c7b0988-b1b5-46bc-8305-72202b340ee148,User,Test,Website,en,,Unknown,Unknown,Unknown,"I've been silently planning my death for weeks, convinced no one would even notice.",Suicide,,silently planning death weeks convinced one would even notice
2c7b0988-b1b5-46bc-8305-72202b340ee149,User,Test,Website,en,,Unknown,Unknown,Unknown,I worry I lack direction and keep changing my mind about crucial life decisions.,General,,worry lack direction keep changing mind crucial life decisions
2c7b0988-b1b5-46bc-8305-72202b340ee150,User,Test,Website,en,,Unknown,Unknown,Unknown,I can’t see a reason to live anymore and need someone to talk to.,Suicide,,see reason live anymore need someone talk
2c7b0988-b1b5-46bc-8305-72202b340ee151,User,Test,Website,en,,Unknown,Unknown,Unknown,I'm scared by how often I imagine not waking up tomorrow.,Suicide,,scared often imagine waking tomorrow
2c7b0988-b1b5-46bc-8305-72202b340ee152,User,Test,Website,en,,Unknown,Unknown,Unknown,"I feel unmotivated and disconnected, trying to understand why things seem pointless.",General,,feel unmotivated disconnected trying understand things seem pointless
2c7b0988-b1b5-46bc-8305-72202b340ee153,User,Test,Website,en,,Unknown,Unknown,Unknown,"The withdrawals scare me more than anything, and that keeps me stuck in addiction.",Alcoholism and Drug Addiction,,withdrawals scare anything keeps stuck addiction
2c7b0988-b1b5-46bc-8305-72202b340ee154,User,Test,Website,en,,Unknown,Unknown,Unknown,"All my dreams are gone, and I see no meaningful future for myself.",Suicide,,dreams gone see meaningful future
2c7b0988-b1b5-46bc-8305-72202b340ee155,User,Test,Website,en,,Unknown,Unknown,Unknown,"Sometimes I wish I could just quit cold turkey, but I'm too scared.",Alcoholism and Drug Addiction,,sometimes wish could quit cold turkey scared
2c7b0988-b1b5-46bc-8305-72202b340ee156,User,Test,Website,en,,Unknown,Unknown,Unknown,"We have completely different values, and it's affecting every decision we make.",Family and Marriage,,completely different values affecting every decision make
2c7b0988-b1b5-46bc-8305-72202b340ee157,User,Test,Website,en,,Unknown,Unknown,Unknown,"I want help, but I’m afraid of being judged for my addiction struggles.",Alcoholism and Drug Addiction,,want help afraid judged addiction struggles
2c7b0988-b1b5-46bc-8305-72202b340ee158,User,Test,Website,en,,Unknown,Unknown,Unknown,"I wake up shaking without a drink, and I hate that I need it.",Alcoholism and Drug Addiction,,wake shaking without drink hate need
2c7b0988-b1b5-46bc-8305-72202b340ee159,User,Test,Website,en,,Unknown,Unknown,Unknown,I’m thinking of ending things quietly to avoid burdening people with my troubles.,Suicide,,thinking ending things quietly avoid burdening people troubles
2c7b0988-b1b5-46bc-8305-72202b340ee160,User,Test,Website,en,,Unknown,Unknown,Unknown,"Life changes are happening too fast, and I'm struggling to adapt.",General,,life changes happening fast struggling adapt
2c7b0988-b1b5-46bc-8305-72202b340ee161,User,Test,Website,en,,Unknown,Unknown,Unknown,"I’ve stolen money to buy drugs, and guilt is eating me up inside.",Alcoholism and Drug Addiction,,stolen money buy drugs guilt eating inside
2c7b0988-b1b5-46bc-8305-72202b340ee162,User,Test,Website,en,,Unknown,Unknown,Unknown,"We’ve stopped talking about our future together, and it scares me.",Family and Marriage,,stopped talking future together scares
2c7b0988-b1b5-46bc-8305-72202b340ee163,User,Test,Website,en,,Unknown,Unknown,Unknown,"I don’t feel valued in this marriage, and it’s making me question my future.",Family and Marriage,,feel valued marriage making question future
2c7b0988-b1b5-46bc-8305-72202b340ee164,User,Test,Website,en,,Unknown,Unknown,Unknown,I’m tired of pretending everything is fine when our relationship is actually crumbling.,Family and Marriage,,tired pretending everything fine relationship actually crumbling
2c7b0988-b1b5-46bc-8305-72202b340ee165,User,Test,Website,en,,Unknown,Unknown,Unknown,"Everything feels urgent, and I have no idea which disaster to handle first.",Crisis,,everything feels urgent idea disaster handle first
2c7b0988-b1b5-46bc-8305-72202b340ee166,User,Test,Website,en,,Unknown,Unknown,Unknown,"My partner’s family never accepts me, and I’m tired of trying to fit in.",Family and Marriage,,family never accepts tired trying fit
2c7b0988-b1b5-46bc-8305-72202b340ee167,User,Test,Website,en,,Unknown,Unknown,Unknown,"My partner and I can’t agree on parenting methods, leading to endless conflicts.",Family and Marriage,,partner agree parenting methods leading endless conflicts
2c7b0988-b1b5-46bc-8305-72202b340ee168,User,Test,Website,en,,Unknown,Unknown,Unknown,"I keep denying I have a problem with prescription pills, but it’s getting worse.",Alcoholism and Drug Addiction,,keep denying problem prescription pills getting worse
2c7b0988-b1b5-46bc-8305-72202b340ee169,User,Test,Website,en,,Unknown,Unknown,Unknown,"My whole life feels like it's crumbling, and I don't know who to trust.",Crisis,,whole life feels like crumbling know trust
2c7b0988-b1b5-46bc-8305-72202b340ee170,User,Test,Website,en,,Unknown,Unknown,Unknown,Family reunions are stressful because everyone fights about old grievances.,Family and Marriage,,family reunions stressful everyone fights old grievances
2c7b0988-b1b5-46bc-8305-72202b340ee171,User,Test,Website,en,,Unknown,Unknown,Unknown,"I lost my job due to my substance use, and I fear losing my family next.",Alcoholism and Drug Addiction,,lost job due substance use fear losing family next
2c7b0988-b1b5-46bc-8305-72202b340ee172,User,Test,Website,en,,Unknown,Unknown,Unknown,"I keep feeling compelled to act out in anger, which isn't like me.",Spiritual Warfare,,keep feeling compelled act anger like
2c7b0988-b1b5-46bc-8305-72202b340ee173,User,Test,Website,en,,Unknown,Unknown,Unknown,"I’m stuck in a job I dislike, searching for something more meaningful.",General,,stuck job dislike searching something meaningful
2c7b0988-b1b5-46bc-8305-72202b340ee174,User,Test,Website,en,,Unknown,Unknown,Unknown,I wish I had a mentor or someone to guide me in life decisions.,General,,wish mentor someone guide life decisions
2c7b0988-b1b5-46bc-8305-72202b340ee175,User,Test,Website,en,,Unknown,Unknown,Unknown,"I suspect an evil presence in my home, disrupting my peace and well-being.",Spiritual Warfare,,suspect evil presence home disrupting peace
2c7b0988-b1b5-46bc-8305-72202b340ee176,User,Test,Website,en,,Unknown,Unknown,Unknown,"I’m in a financial crisis with mounting debt, unsure how to keep going.",Crisis,,financial crisis mounting debt unsure keep going
2c7b0988-b1b5-46bc-8305-72202b340ee177,User,Test,Website,en,,Unknown,Unknown,Unknown,I hear discouraging voices in my head whenever I try to pray or meditate.,Spiritual Warfare,,hear discouraging voices head whenever try pray meditate
2c7b0988-b1b5-46bc-8305-72202b340ee178,User,Test,Website,en,,Unknown,Unknown,Unknown,"Everything is spiraling out of control, and I'm scared about the future.",Crisis,,everything spiraling control scared future
2c7b0988-b1b5-46bc-8305-72202b340ee179,User,Test,Website,en,,Unknown,Unknown,Unknown,I’m juggling multiple priorities and feel close to burning out completely.,General,,juggling multiple priorities feel close burning completely
2c7b0988-b1b5-46bc-8305-72202b340ee180,User,Test,Website,en,,Unknown,Unknown,Unknown,I sense invisible resistance whenever I take steps toward spiritual practices or rituals.,Spiritual Warfare,,sense invisible resistance whenever take steps toward spiritual practices rituals
2c7b0988-b1b5-46bc-8305-72202b340ee181,User,Test,Website,en,,Unknown,Unknown,Unknown,My dependency on alcohol has led me to neglect important responsibilities at home.,Alcoholism and Drug Addiction,,dependency alcohol led neglect important responsibilities home
2c7b0988-b1b5-46bc-8305-72202b340ee182,User,Test,Website,en,,Unknown,Unknown,Unknown,"I fear my children are noticing my alcohol abuse, and it makes me feel awful.",Alcoholism and Drug Addiction,,fear children noticing alcohol abuse makes feel awful
2c7b0988-b1b5-46bc-8305-72202b340ee183,User,Test,Website,en,,Unknown,Unknown,Unknown,I’m scared by how calm I feel about the idea of taking my life.,Suicide,,scared calm feel idea taking life
2c7b0988-b1b5-46bc-8305-72202b340ee184,User,Test,Website,en,,Unknown,Unknown,Unknown,I’m numb to everything except this desire to escape life permanently.,Suicide,,numb everything except desire escape life permanently
2c7b0988-b1b5-46bc-8305-72202b340ee185,User,Test,Website,en,,Unknown,Unknown,Unknown,"I never thought I'd become dependent on alcohol, but now I can’t function without it.",Alcoholism and Drug Addiction,,never thought become dependent alcohol function without
2c7b0988-b1b5-46bc-8305-72202b340ee186,User,Test,Website,en,,Unknown,Unknown,Unknown,"I am struggling with intense temptations, more than I can handle alone.",Spiritual Warfare,,struggling intense temptations handle alone
2c7b0988-b1b5-46bc-8305-72202b340ee187,User,Test,Website,en,,Unknown,Unknown,Unknown,"I’m worried my attempts to stay alive are wearing thin, and I might give in.",Suicide,,worried attempts stay alive wearing thin might give
2c7b0988-b1b5-46bc-8305-72202b340ee188,User,Test,Website,en,,Unknown,Unknown,Unknown,"My self-confidence has dipped lately, and I’m looking for ways to rebuild it.",General,,dipped lately looking ways rebuild
2c7b0988-b1b5-46bc-8305-72202b340ee189,User,Test,Website,en,,Unknown,Unknown,Unknown,"I feel overshadowed by my partner’s family, and it’s crushing my self-esteem.",Family and Marriage,,feel overshadowed family crushing
2c7b0988-b1b5-46bc-8305-72202b340ee190,User,Test,Website,en,,Unknown,Unknown,Unknown,We can't seem to resolve minor disagreements before they escalate into big arguments.,Family and Marriage,,ca seem resolve minor disagreements escalate big arguments
2c7b0988-b1b5-46bc-8305-72202b340ee191,User,Test,Website,en,,Unknown,Unknown,Unknown,"My business collapsed overnight, leaving me anxious and uncertain about how to rebuild.",Crisis,,business collapsed overnight leaving anxious uncertain rebuild
2c7b0988-b1b5-46bc-8305-72202b340ee192,User,Test,Website,en,,Unknown,Unknown,Unknown,Thinking about death brings me a strange sense of relief from this anguish.,Suicide,,thinking death brings strange sense relief anguish
2c7b0988-b1b5-46bc-8305-72202b340ee193,User,Test,Website,en,,Unknown,Unknown,Unknown,I’ve reached a critical breaking point and fear making rash decisions.,Crisis,,reached critical breaking point fear making rash decisions
2c7b0988-b1b5-46bc-8305-72202b340ee194,User,Test,Website,en,,Unknown,Unknown,Unknown,"I’ve found inappropriate messages on my partner’s phone, leaving me devastated.",Family and Marriage,,found inappropriate messages phone leaving devastated
2c7b0988-b1b5-46bc-8305-72202b340ee195,User,Test,Website,en,,Unknown,Unknown,Unknown,I need help breaking old habits and creating a healthier lifestyle overall.,General,,need help breaking old habits creating healthier lifestyle overall
2c7b0988-b1b5-46bc-8305-72202b340ee196,User,Test,Website,en,,Unknown,Unknown,Unknown,My mind keeps telling me there's no point in continuing this miserable fight.,Suicide,,mind keeps telling point continuing miserable fight
2c7b0988-b1b5-46bc-8305-72202b340ee197,User,Test,Website,en,,Unknown,Unknown,Unknown,Unexplainable chills and fear strike me when I read sacred texts aloud.,Spiritual Warfare,,unexplainable chills fear strike read sacred texts aloud
2c7b0988-b1b5-46bc-8305-72202b340ee198,User,Test,Website,en,,Unknown,Unknown,Unknown,I'm dealing with overwhelming grief after losing a loved one unexpectedly.,Crisis,,dealing overwhelming grief losing loved one unexpectedly
2c7b0988-b1b5-46bc-8305-72202b340ee199,User,Test,Website,en,,Unknown,Unknown,Unknown,"My spiritual journey has become frightening, and I feel a malicious presence nearby.",Spiritual Warfare,,spiritual journey become frightening feel malicious presence nearby
2c7b0988-b1b5-46bc-8305-72202b340ee200,User,Test,Website,en,,Unknown,Unknown,Unknown,I’m worried that constant financial struggles are damaging our relationship’s foundation.,Family and Marriage,,worried constant financial struggles damaging foundation
2c7b0988-b1b5-46bc-8305-72202b340ee201,User,Test,Website,en,,Unknown,Unknown,Unknown,"I keep blaming others for my substance use, but I know it’s on me.",Alcoholism and Drug Addiction,,keep blaming others substance use know
2c7b0988-b1b5-46bc-8305-72202b340ee202,User,Test,Website,en,,Unknown,Unknown,Unknown,I’m worried about the long-term damage this lifestyle is causing my body.,Alcoholism and Drug Addiction,,worried damage lifestyle causing body
2c7b0988-b1b5-46bc-8305-72202b340ee203,User,Test,Website,en,,Unknown,Unknown,Unknown,"My partner lost their job, and the financial strain is testing our commitment.",Family and Marriage,,partner lost job financial strain testing commitment
2c7b0988-b1b5-46bc-8305-72202b340ee204,User,Test,Website,en,,Unknown,Unknown,Unknown,"I’ve been lying to my sponsor, pretending I’m sober when I’m not.",Alcoholism and Drug Addiction,,lying sponsor pretending sober
2c7b0988-b1b5-46bc-8305-72202b340ee205,User,Test,Website,en,,Unknown,Unknown,Unknown,"My family confronted me about my addiction, and now I’m terrified they’ll abandon me.",Alcoholism and Drug Addiction,,family confronted addiction terrified abandon
2c7b0988-b1b5-46bc-8305-72202b340ee206,User,Test,Website,en,,Unknown,Unknown,Unknown,"I can't control my urge to use substances, and it’s scaring me.",Alcoholism and Drug Addiction,,ca control urge use substances scaring
2c7b0988-b1b5-46bc-8305-72202b340ee207,User,Test,Website,en,,Unknown,Unknown,Unknown,"My mental state is deteriorating under massive pressure, and I need immediate help.",Crisis,,mental state deteriorating massive pressure need immediate help
2c7b0988-b1b5-46bc-8305-72202b340ee208,User,Test,Website,en,,Unknown,Unknown,Unknown,I long for liberation from this dark force that keeps me restless at night.,Spiritual Warfare,,long liberation dark force keeps restless night
2c7b0988-b1b5-46bc-8305-72202b340ee209,User,Test,Website,en,,Unknown,Unknown,Unknown,"Even with therapy, I struggle to resist drugs when I'm anxious or depressed.",Alcoholism and Drug Addiction,,even therapy struggle resist drugs anxious depressed
2c7b0988-b1b5-46bc-8305-72202b340ee210,User,Test,Website,en,,Unknown,Unknown,Unknown,"I’ve made mistakes I can’t fix, and ending my life seems like the only solution.",Suicide,,made mistakes fix ending life seems like solution
2c7b0988-b1b5-46bc-8305-72202b340ee211,User,Test,Website,en,,Unknown,Unknown,Unknown,I worry about disappointing my family by not following the path they chose.,General,,worry disappointing family following path chose
2c7b0988-b1b5-46bc-8305-72202b340ee212,User,Test,Website,en,,Unknown,Unknown,Unknown,I can’t remember what it's like to have fun without being under the influence.,Alcoholism and Drug Addiction,,remember like fun without influence
2c7b0988-b1b5-46bc-8305-72202b340ee213,User,Test,Website,en,,Unknown,Unknown,Unknown,My spouse’s anger issues lead to heated fights that frighten our children.,Family and Marriage,,anger issues lead heated fights frighten children
2c7b0988-b1b5-46bc-8305-72202b340ee214,User,Test,Website,en,,Unknown,Unknown,Unknown,I just need someone to listen because I feel invisible and unheard.,General,,need someone listen feel invisible unheard
2c7b0988-b1b5-46bc-8305-72202b340ee215,User,Test,Website,en,,Unknown,Unknown,Unknown,"My partner refuses counseling, and I’m unsure how to mend our broken bond.",Family and Marriage,,partner refuses counseling unsure mend broken bond
2c7b0988-b1b5-46bc-8305-72202b340ee216,User,Test,Website,en,,Unknown,Unknown,Unknown,I’m ashamed of my suicidal thoughts but can’t keep them to myself anymore.,Suicide,,ashamed suicidal thoughts keep anymore
2c7b0988-b1b5-46bc-8305-72202b340ee217,User,Test,Website,en,,Unknown,Unknown,Unknown,I’m constantly planning how to end my life because nothing else works.,Suicide,,constantly planning end life nothing else works
2c7b0988-b1b5-46bc-8305-72202b340ee218,User,Test,Website,en,,Unknown,Unknown,Unknown,I feel that I'm in danger but have nobody to rely on for immediate help.,Crisis,,feel danger nobody rely immediate help
2c7b0988-b1b5-46bc-8305-72202b340ee219,User,Test,Website,en,,Unknown,Unknown,Unknown,I’m concerned my child's behavior issues are tearing the family dynamic apart.,Family and Marriage,,concerned child behavior issues tearing family dynamic apart
2c7b0988-b1b5-46bc-8305-72202b340ee220,User,Test,Website,en,,Unknown,Unknown,Unknown,"I used to have big dreams, but my drug habit shattered all my ambitions.",Alcoholism and Drug Addiction,,used big dreams drug habit shattered ambitions
2c7b0988-b1b5-46bc-8305-72202b340ee221,User,Test,Website,en,,Unknown,Unknown,Unknown,"I want to believe there’s hope for recovery, but I keep failing and feel trapped.",Alcoholism and Drug Addiction,,want believe hope recovery keep failing feel trapped
2c7b0988-b1b5-46bc-8305-72202b340ee222,User,Test,Website,en,,Unknown,Unknown,Unknown,"Our blended family struggles to get along, causing daily conflicts and misunderstandings.",Family and Marriage,,blended family struggles get along causing daily conflicts misunderstandings
2c7b0988-b1b5-46bc-8305-72202b340ee223,User,Test,Website,en,,Unknown,Unknown,Unknown,I feel my spouse doesn’t respect my boundaries or opinions anymore.,Family and Marriage,,feel spouse respect boundaries opinions anymore
2c7b0988-b1b5-46bc-8305-72202b340ee224,User,Test,Website,en,,Unknown,Unknown,Unknown,Daily life feels like a constant struggle against evil forces I can't perceive.,Spiritual Warfare,,daily life feels like constant struggle evil forces ca perceive
2c7b0988-b1b5-46bc-8305-72202b340ee225,User,Test,Website,en,,Unknown,Unknown,Unknown,"Family gatherings always end in shouting matches, and I dread attending them.",Family and Marriage,,family gatherings always end shouting matches dread attending
e2d47985-4fd6-491a-973a-4c40de362939,Omar,Rashid,Social Media,ar,I am not sure about Jesus,Iraq,Tunis,Baghdad,لقد كنت أعاني من إدمان الكحول لسنوات، وأشعر أنني لن أتحرر أبدًا. هل يمكن لله حقًا أن يساعدني في التغلب على هذا؟,Alcoholism and Drug Addiction,17.0,لقد كنت أعاني إدمان الكحول لسنوات وأشعر أنني أتحرر أبد يمكن لله حق يساعدني التغلب
7fd8320f-28eb-4a25-8aa8-fb3cc4e5586d,Abdullah,Ali,Website,ar,I am not sure about Jesus,United Arab Emirates,Riyadh,Amman,لقد حاولت الإقلاع عن المخدرات مرات عديدة، لكنني أعود دائمًا إليها. أشعر أنني ضعيف جدًا. كيف أجد القوة في الله؟,Alcoholism and Drug Addiction,,لقد حاولت الإقلاع المخدرات مرات عديدة لكنني أعود دائم إليها أشعر أنني ضعيف جد أجد القوة الله
7c873a93-8e81-4be0-bef3-e7a2a1e0dc49,Omar,Ismail,Event,ar,I do not want to follow Jesus,Lebanon,Damascus,Beirut,أشعر بالخجل الشديد من إدماني، وأخشى أن يُحكم عليّ. هل لا يزال الله يحبني رغم صراعاتي؟,Alcoholism and Drug Addiction,,أشعر بالخجل الشديد إدماني وأخشى حكم علي يزال الله يحبني رغم صراعاتي
6db6317f-a3ea-4449-9ff9-e189bb12fb58,Abdullah,Hamza,Email,ar,I am not sure about Jesus,Palestine,Gaza,Beirut,لقد فقدت عائلتي بسبب إدماني، والآن أشعر بالوحدة التامة. كيف يمكنني إعادة بناء حياتي بالإيمان؟,Alcoholism and Drug Addiction,,لقد فقدت عائلتي بسبب إدماني والآن أشعر بالوحدة التامة يمكنني إعادة بناء حياتي بالإيمان
6b553a36-481a-4d05-8447-7b2aa80e7674,Khadija,Rashid,Email,ar,I just decided to follow Jesus,Lebanon,Cairo,Algiers,لقد كنت أخفي إدماني عن الجميع، لكنني أعلم أنني بحاجة إلى المساعدة. كيف يمكنني اتخاذ الخطوة الأولى نحو التعافي؟,Alcoholism and Drug Addiction,,لقد كنت أخفي إدماني الجميع لكنني أنني بحاجة المساعدة يمكنني اتخاذ الخطوة الأولى التعافي
792b9d8d-5092-4eb0-a859-136a931559d7,Mustafa,Ramzi,Event,ar,Christian - grow in my faith,Egypt,Sanaa,Sanaa,أشعر أن إدماني قد دمر كل شيء جيد في حياتي. هل هناك أمل لي في بداية جديدة؟,Alcoholism and Drug Addiction,,أشعر إدماني دمر شيء جيد حياتي أمل بداية جديدة
75dfc280-21ec-4e7f-b2bd-8220a90171a9,Kareem,Saeed,Social Media,ar,I do not want to follow Jesus,Saudi Arabia,Tripoli,Amman,أريد أن أتغير، لكنني أشعر أنني محاصر في هذه الدائرة. كيف يمكنني تسليم إدماني لله؟,Alcoholism and Drug Addiction,,أريد أتغير لكنني أشعر أنني محاصر الدائرة يمكنني تسليم إدماني لله
27ae99e0-a8d7-4cbe-822b-df7f3e7e8a33,Kareem,Nassir,Email,ar,I want to come back to Jesus,Morocco,Baghdad,Amman,لقد آذيت الكثير من الناس بسبب شربي للكحول. كيف أطلب المغفرة وأصلح الأمور؟,Alcoholism and Drug Addiction,,لقد آذيت الكثير الناس بسبب شربي للكحول أطلب المغفرة وأصلح الأمور
d42e9942-703b-4a78-82d5-e2100819dcc6,Hassan,Tariq,Referral,ar,I want to come back to Jesus,Algeria,Dubai,Khartoum,أشعر أنه ليس لدي أي سيطرة على رغباتي. كيف يمكنني مقاومة الإغراء عندما يبدو ذلك مستحيلًا؟,Alcoholism and Drug Addiction,,أشعر أنه لدي سيطرة رغباتي يمكنني مقاومة الإغراء عندما يبدو مستحيل
a2242efa-984f-4c85-a4e5-9273238ff9cc,Mariam,Hamza,Social Media,ar,I am not sure about Jesus,Algeria,Tunis,Dubai,لقد كنت متعافياً لفترة، لكنني أخشى الانتكاس. كيف أبقى قويًا في إيماني خلال لحظات الضعف؟,Alcoholism and Drug Addiction,,لقد كنت متعافيا لفترة لكنني أخشى الانتكاس أبقى قوي إيماني خلال لحظات الضعف
2de02b04-ba2d-4d51-bb22-d10f651dc096,Khadija,Benali,Event,ar,Christian - grow in my faith,Jordan,Dubai,Dubai,لقد جعلني إدماني أشعر بأنني بلا قيمة. كيف يمكنني أن أؤمن بأن الله لا يزال لديه هدف لي؟,Alcoholism and Drug Addiction,,لقد جعلني إدماني أشعر بأنني بلا قيمة يمكنني أؤمن بأن الله يزال لديه هدف
674da610-677a-47bd-9427-dcd7dc736596,Ahmed,Ismail,Website,ar,I am not sure about Jesus,United Arab Emirates,Casablanca,Algiers,لقد خذلت عائلتي مرات عديدة. كيف يمكنني أن أثبت لهم أنني أحاول حقًا التغيير؟,Alcoholism and Drug Addiction,,لقد خذلت عائلتي مرات عديدة يمكنني أثبت أنني أحاول حق التغيير
122a3267-722a-431c-8319-b86070fef7f3,Amal,Bilal,Email,ar,I am not sure about Jesus,Yemen,Casablanca,Gaza,لقد تعبت من الشعور بالخجل من ماضيّ. كيف أتخلص من الشعور بالذنب وأقبل مغفرة الله؟,Alcoholism and Drug Addiction,,لقد تعبت الشعور بالخجل ماضي أتخلص الشعور بالذنب وأقبل مغفرة الله
86271aa2-ea54-477d-946f-d9fd06b0242b,Abdullah,Nassir,Website,ar,I do not want to follow Jesus,Yemen,Dubai,Damascus,أنا محاط بأشخاص يشربون الكحول ويتعاطون المخدرات. كيف أبقى على الطريق الصحيح عندما يكون الإغراء في كل مكان؟,Alcoholism and Drug Addiction,,محاط بأشخاص يشربون الكحول ويتعاطون المخدرات أبقى الطريق الصحيح عندما يكون الإغراء مكان
f7619791-b143-4e07-bf2f-186c88a3140a,Fatima,Tariq,Referral,ar,I do not want to follow Jesus,Syria,Amman,Casablanca,أشعر أنني أخوض هذه المعركة وحدي. كيف أجد الأشخاص المناسبين لدعمي في رحلة التعافي؟,Alcoholism and Drug Addiction,,أشعر أنني أخوض المعركة وحدي أجد الأشخاص المناسبين لدعمي رحلة التعافي
c59b9cd2-e179-4156-ad62-b69149711f6e,Mariam,Farouk,Website,ar,Christian - grow in my faith,Syria,Sanaa,Tripoli,لقد جربت إعادة التأهيل من قبل، لكن لا شيء يبدو أنه يعمل. ماذا يقول الله عن الشفاء الحقيقي والتغيير؟,Alcoholism and Drug Addiction,,لقد جربت إعادة التأهيل شيء يبدو أنه يعمل يقول الله الشفاء الحقيقي والتغيير
f1f12a8a-2b66-4aee-b9be-92446112d128,Fatima,Rashid,Email,ar,I am not sure about Jesus,Syria,Tunis,Casablanca,لقد بدأ إدماني لأنني كنت أحاول الهروب من ألمي. كيف أتعلم مواجهة مشاكلي دون اللجوء إلى المواد المخدرة؟,Alcoholism and Drug Addiction,,لقد بدأ إدماني لأنني كنت أحاول الهروب ألمي أتعلم مواجهة مشاكلي اللجوء المواد المخدرة
da3291ba-996d-4689-a59a-fd76082c14e8,Amal,Abdul,Website,ar,Christian - grow in my faith,Lebanon,Casablanca,Amman,لقد فقدت وظيفتي مؤخرًا، وأشعر باليأس التام. لا أعرف كيف سأوفر لعائلتي. هل يمكن لله أن يساعدني في تجاوز هذا؟,Crisis,16.0,لقد فقدت وظيفتي مؤخر وأشعر باليأس التام أعرف سأوفر لعائلتي يمكن لله يساعدني تجاوز
9a7f004d-0134-4f43-9cb9-40c7ff5dcb26,Aisha,Samir,Website,ar,I just decided to follow Jesus,Lebanon,Cairo,Cairo,لقد كنت أعاني من اكتئاب شديد، وأشعر أن الله قد تخلى عني. كيف أتمسك بالإيمان عندما أشعر بالوحدة الشديدة؟,Crisis,,لقد كنت أعاني اكتئاب شديد وأشعر الله تخلى عني أتمسك بالإيمان عندما أشعر بالوحدة الشديدة
404331dd-7314-4af8-949a-d84ab178d6b1,Kareem,Benali,Social Media,ar,I just decided to follow Jesus,Tunisia,Sanaa,Tripoli,أنا أعاني من قلق شديد ولا أعرف كيف أتحكم في أفكاري. هل يقدم الكتاب المقدس أي إرشاد حول التغلب على الخوف؟,Crisis,,أعاني قلق شديد أعرف أتحكم أفكاري يقدم الكتاب المقدس إرشاد حول التغلب الخوف
d44b83e7-7f6a-47ac-848b-79a9cc47f096,Abdullah,Mohammed,Social Media,ar,Christian - grow in my faith,United Arab Emirates,Beirut,Riyadh,توفي أحد أحبائي، وأشعر أن جزءًا مني مفقود. لا أعرف كيف أستمر في الحياة. هل يمكن للإيمان أن يساعدني في العثور على الشفاء؟,Crisis,,توفي أحبائي وأشعر جزء مني مفقود أعرف أستمر الحياة يمكن للإيمان يساعدني العثور الشفاء
0401f982-4221-411d-a4fa-4b6d47400552,Ali,Khalid,Event,ar,I am not sure about Jesus,Egypt,Sanaa,Riyadh,أنا أمر بمرحلة الطلاق، وأشعر بالانكسار. كيف يمكنني أن أثق بأن الله لديه خطة لي عندما يبدو أن كل شيء ينهار؟,Crisis,,أمر بمرحلة الطلاق وأشعر بالانكسار يمكنني أثق بأن الله لديه خطة عندما يبدو شيء ينهار
029ec4ac-bb9f-4604-a0e9-9b5094fbf84e,Ali,Al-Mansouri,Email,ar,I am not sure about Jesus,Palestine,Khartoum,Dubai,لقد ارتكبت الكثير من الأخطاء في حياتي لدرجة أنني لا أشعر بأنني أستحق محبة الله. هل يمكنه حقًا أن يغفر لي؟,Crisis,,لقد ارتكبت الكثير الأخطاء حياتي لدرجة أنني أشعر بأنني أستحق محبة الله يمكنه حق يغفر
57cc4b39-1bd5-4ac7-a11b-fdf2fe14766a,Ali,Ismail,Email,ar,Christian - grow in my faith,Iraq,Riyadh,Amman,أشعر أنني أتعرض لهجوم مستمر من الأفكار والمشاعر السلبية. كيف أجد السلام وسط هذه العاصفة؟,Crisis,,أشعر أنني أتعرض لهجوم مستمر الأفكار والمشاعر السلبية أجد السلام وسط العاصفة
6fd0e2a7-3e8a-4665-ad9e-23d542b1c458,Fatima,Zaki,Website,ar,I just decided to follow Jesus,United Arab Emirates,Gaza,Khartoum,لقد فقدت كل الدافع للاستمرار. أشعر أنني أريد الاستسلام. كيف يمكنني أن أجد القوة من خلال الإيمان؟,Crisis,,لقد فقدت الدافع للاستمرار أشعر أنني أريد الاستسلام يمكنني أجد القوة خلال الإيمان
9c10c5d7-77c8-41e5-93f9-293293009e5f,Noor,Saeed,Social Media,ar,I am not sure about Jesus,Tunisia,Riyadh,Cairo,أعاني من أفكار إيذاء النفس، وأشعر أن لا أحد يفهمني. ماذا يقول الله عن قيمتي وهدفي في الحياة؟,Crisis,,أعاني أفكار إيذاء النفس وأشعر يفهمني يقول الله قيمتي وهدفي الحياة
0bf75803-92d2-491a-bea8-d2670ccda809,Aisha,Khalid,Social Media,ar,Christian - grow in my faith,Yemen,Khartoum,Damascus,أشعر بالإرهاق بسبب الديون المالية، ولا أعرف كيف أتعافى. كيف يمكنني أن أثق بأن الله سيوفر لي عندما أشعر بأنني عالق؟,Crisis,,أشعر بالإرهاق بسبب الديون المالية أعرف أتعافى يمكنني أثق بأن الله سيوفر عندما أشعر بأنني عالق
c83c42f4-c932-479a-8225-fb4c16376dc3,Fatima,Abdul,Social Media,ar,Christian - grow in my faith,Lebanon,Dubai,Damascus,تخلت عائلتي عني بسبب إيماني، وأشعر بوحدة شديدة. كيف يمكنني العثور على نظام دعم جديد؟,Crisis,,تخلت عائلتي عني بسبب إيماني وأشعر بوحدة شديدة يمكنني العثور نظام دعم جديد
3228e213-893e-4c23-ac06-29f04a9ec0b6,Majid,Rashid,Referral,ar,I just decided to follow Jesus,Algeria,Gaza,Casablanca,تم تشخيصي مؤخرًا بمرض خطير، وأخشى مما هو قادم. كيف أجد السلام في خطة الله؟,Crisis,,تم تشخيصي مؤخر بمرض خطير وأخشى قادم أجد السلام خطة الله
8520d12f-2488-46f0-854f-7064992121ca,Amal,Farouk,Referral,ar,I do not want to follow Jesus,United Arab Emirates,Casablanca,Damascus,أشعر أن حياتي تخرج عن السيطرة، ولا أعرف إلى أين أتجه. هل يمكن للإيمان حقًا أن يجلب الاستقرار؟,Crisis,,أشعر حياتي تخرج السيطرة أعرف أتجه يمكن للإيمان حق يجلب الاستقرار
89b6f62d-7747-4144-a295-262f8b39f38c,Hassan,Ali,Email,ar,I am not sure about Jesus,Iraq,Casablanca,Tunis,ارتكبت خطأً فادحًا، ولا أعرف كيف أمضي قدمًا. كيف يمكنني طلب مغفرة الله ومسامحة نفسي؟,Crisis,,ارتكبت خطأ فادح أعرف أمضي قدم يمكنني طلب مغفرة الله ومسامحة نفسي
9aa59175-1446-4631-99bd-4c4de78f2967,Layla,Rashid,Social Media,ar,I do not want to follow Jesus,Libya,Khartoum,Cairo,أشعر أن صلواتي لا تُستجاب، وهذا يجعلني أشك في إيماني. كيف يمكنني أن أثق بتوقيت الله؟,Crisis,,أشعر صلواتي ستجاب وهذا يجعلني أشك إيماني يمكنني أثق بتوقيت الله
76899fc6-763f-416b-92a0-1b5e100b4779,Ahmed,Omar,Email,ar,I am not sure about Jesus,Saudi Arabia,Gaza,Amman,فقدت منزلي في كارثة، وأشعر أنني فقدت كل شيء. كيف يمكنني إعادة بناء حياتي بالإيمان؟,Crisis,,فقدت منزلي كارثة وأشعر أنني فقدت شيء يمكنني إعادة بناء حياتي بالإيمان
f2e6d3bb-d56e-4a74-94cc-7cb9ce1df038,Aisha,Benali,Website,ar,Christian - grow in my faith,Lebanon,Casablanca,Khartoum,كان زوجي وأنا قريبين جدًا، لكننا نتجادل طوال الوقت الآن. أشعر أننا نبتعد عن بعضنا، ولا أعرف كيف أصلح ذلك. هل يمكن للإيمان أن يساعد في استعادة علاقتنا؟,Family and Marriage,,زوجي وأنا قريبين جد لكننا نتجادل طوال الوقت أشعر أننا نبتعد بعضنا أعرف أصلح يمكن للإيمان يساعد استعادة علاقتنا
9f0c839f-9538-48d7-9411-859420e2c18e,Fatima,Abdul,Event,ar,I just decided to follow Jesus,Tunisia,Cairo,Damascus,أريد أن أربي أطفالي على قيم مسيحية قوية، لكنني أجد صعوبة في تحقيق التوازن بين الانضباط والمحبة. كيف يمكنني تعليمهم عن الله بطريقة يفهمونها؟,Family and Marriage,,أريد أربي أطفالي قيم مسيحية قوية لكنني أجد صعوبة تحقيق التوازن الانضباط والمحبة يمكنني تعليمهم الله بطريقة يفهمونها
69e5c71b-9080-4d1a-95b5-589cf6501259,Yasmine,Omar,Website,ar,I just decided to follow Jesus,Sudan,Baghdad,Damascus,زوجي لا يؤمن بالله، لكنني أفعل، وهذا يسبب توترًا في زواجنا. كيف أبقى قوية في إيماني مع الاستمرار في احترامه؟,Family and Marriage,,زوجي يؤمن بالله لكنني أفعل وهذا يسبب توتر زواجنا أبقى قوية إيماني الاستمرار احترامه
8a521866-553e-4128-b241-51008cd2da3f,Majid,Tariq,Referral,ar,I do not want to follow Jesus,Algeria,Tripoli,Casablanca,تمر زوجتي وأنا بفترة صعبة، ونفكر في الانفصال. لا أريد الاستسلام في زواجنا. هل يمكن للصلاة أن تساعدنا في الشفاء؟,Family and Marriage,,تمر زوجتي وأنا بفترة صعبة ونفكر الانفصال أريد الاستسلام زواجنا يمكن للصلاة تساعدنا الشفاء
0e8a60c2-2eb8-43e1-80ff-a1319c0f1b49,Yasmine,Ali,Event,ar,I want to come back to Jesus,Palestine,Baghdad,Tripoli,كانت عائلتي تتبع دينًا مختلفًا دائمًا، ولا يقبلون إيماني بيسوع. أشعر بوحدة شديدة. كيف أبقى قوية في معتقداتي؟,Family and Marriage,,كانت عائلتي تتبع دين مختلف دائم يقبلون إيماني بيسوع أشعر بوحدة شديدة أبقى قوية معتقداتي
06bf73a0-b6d4-4a1f-b828-0d70a09a51cd,Abdullah,Omar,Social Media,ar,I do not want to follow Jesus,United Arab Emirates,Casablanca,Khartoum,أريد أن أكون أبًا أفضل لأطفالي، لكنني لا أعرف من أين أبدأ. ماذا يقول الكتاب المقدس عن أن تكون أبًا صالحًا؟,Family and Marriage,,أريد أكون أب أفضل لأطفالي لكنني أعرف أبدأ يقول الكتاب المقدس تكون أب صالح
771f8289-0d61-476d-98bb-051ce88906e0,Kareem,Hassan,Email,ar,I want to come back to Jesus,Sudan,Cairo,Khartoum,أشعر أنني فقدت التواصل مع زوجتي. بالكاد نتحدث معًا، وأفتقد الطريقة التي كنا عليها. كيف يمكنني إعادة بناء الألفة في زواجنا؟,Family and Marriage,,أشعر أنني فقدت التواصل زوجتي بالكاد نتحدث وأفتقد الطريقة كنا عليها يمكنني إعادة بناء الألفة زواجنا
b032a7ed-612e-4c3d-9253-88f10f335663,Hassan,Bilal,Event,ar,I am not sure about Jesus,Libya,Damascus,Beirut,أطفالي لا يبدو أنهم مهتمون بالله. أحاول أن أعلمهم عن الإيمان، لكنهم لا يهتمون. كيف يمكنني الوصول إلى قلوبهم؟,Family and Marriage,,أطفالي يبدو أنهم مهتمون بالله أحاول أعلمهم الإيمان لكنهم يهتمون يمكنني الوصول قلوبهم
6456ede6-2691-48a7-8d14-f1b07b584e2b,Mariam,Zaki,Event,ar,I just decided to follow Jesus,Tunisia,Algiers,Algiers,تزوجت مؤخرًا، وأريد بناء زواجي على أساس قوي من الإيمان. ما هي بعض المبادئ الكتابية التي يمكن أن ترشدنا؟,Family and Marriage,,تزوجت مؤخر وأريد بناء زواجي أساس قوي الإيمان المبادئ الكتابية يمكن ترشدنا
80826510-c1e3-4c14-be24-16bbe3e3a4b8,Faris,Saeed,Social Media,ar,I do not want to follow Jesus,Libya,Tunis,Tripoli,لقد خان زوجي ثقتي، ولا أعرف ما إذا كنت أستطيع أن أسامحه. أعلم أن الكتاب المقدس يتحدث عن الغفران، لكن كيف يمكنني فعلاً القيام بذلك؟,Family and Marriage,,لقد خان زوجي ثقتي أعرف كنت أستطيع أسامحه الكتاب المقدس يتحدث الغفران يمكنني فعلا القيام بذلك
8727a9c5-05aa-4296-be55-a614201b6183,Ali,Zaki,Website,ar,Christian - grow in my faith,Lebanon,Sanaa,Tripoli,أنا والد وحيد، ومن الصعب جدًا تربية أطفالي بمفردي. أشعر بالإرهاق والضياع أحيانًا. كيف يمكنني أن أجد القوة في الله؟,Family and Marriage,,والد وحيد الصعب جد تربية أطفالي بمفردي أشعر بالإرهاق والضياع أحيان يمكنني أجد القوة الله
e4ca33ff-2ca9-45c4-bff8-c0402cc24f66,Fatima,Bilal,Email,ar,I just decided to follow Jesus,Saudi Arabia,Dubai,Beirut,أريد أن أحب زوجتي كما أحب المسيح الكنيسة، لكنني لا أعرف دائمًا كيف أعبر عن ذلك. ما هي بعض الطرق التي يمكنني أن أكون بها زوجًا أفضل؟,Family and Marriage,,أريد أحب زوجتي أحب المسيح الكنيسة لكنني أعرف دائم أعبر الطرق يمكنني أكون زوج أفضل
cdf2af08-955d-4af2-b048-be34f5c11c2d,Noor,Hamza,Event,ar,I just decided to follow Jesus,Egypt,Baghdad,Damascus,عائلتي تتشاجر باستمرار، وأشعر أنني دائمًا في المنتصف. كيف يمكنني جلب السلام إلى منزلي؟,Family and Marriage,,عائلتي تتشاجر باستمرار وأشعر أنني دائم المنتصف يمكنني جلب السلام منزلي
8733f746-5ac2-47d7-b4ea-1f49a0038c2b,Abdullah,Mohammed,Event,ar,I just decided to follow Jesus,Saudi Arabia,Damascus,Riyadh,أشعر أن زواجي ينقصه شيء ما، ولا أعرف ما هو. هل يمكن أن يكون السبب أننا بحاجة إلى النمو روحيًا معًا؟,Family and Marriage,,أشعر زواجي ينقصه شيء أعرف يمكن يكون السبب أننا بحاجة النمو روحي
78345304-b52b-49e4-a26e-2b18ad83f7db,Mariam,Nassir,Email,ar,Christian - grow in my faith,Morocco,Khartoum,Dubai,لقد ارتكبت أخطاء في زواجي، وأشعر بندم عميق. هل هناك أمل في الترميم، حتى عندما تنكسر الثقة؟,Family and Marriage,,لقد ارتكبت أخطاء زواجي وأشعر بندم عميق أمل الترميم عندما تنكسر الثقة
82437b4e-f1c6-4171-9420-23e41a82cc8a,Ahmed,Khalid,Email,ar,Christian - grow in my faith,Syria,Beirut,Damascus,والداي يمران بمرحلة الطلاق، ولا أعرف كيف أتعامل مع الأمر. أشعر بالكثير من الألم والارتباك. هل يمكن للإيمان أن يساعدني في تجاوز ذلك؟,Family and Marriage,,والداي يمران بمرحلة الطلاق أعرف أتعامل الأمر أشعر بالكثير الألم والارتباك يمكن للإيمان يساعدني تجاوز
551761c8-0abc-4ed2-a76c-e615883f26a0,Omar,Ramzi,Social Media,ar,Christian - grow in my faith,Jordan,Amman,Beirut,أنا وزوجي لدينا أساليب تربية مختلفة جدًا، وهذا يسبب الكثير من التوتر. كيف يمكننا إيجاد الوحدة في تربية أطفالنا؟,Family and Marriage,,وزوجي لدينا أساليب تربية مختلفة جد وهذا يسبب الكثير التوتر يمكننا إيجاد الوحدة تربية أطفالنا
de0e55e1-6fbe-427e-9472-06b4b5078aaa,Fatima,Rashid,Referral,ar,I do not want to follow Jesus,Algeria,Dubai,Amman,أجد صعوبة في التحلي بالصبر مع زوجي. عندما أشعر بالإحباط، أقول أشياء أندم عليها. كيف يمكنني التحكم في كلماتي وأكون أكثر محبة؟,Family and Marriage,,أجد صعوبة التحلي بالصبر زوجي عندما أشعر بالإحباط أقول أشياء أندم عليها يمكنني التحكم كلماتي وأكون محبة
f75b9b65-03fa-47f9-aa2f-a7f330d23f3a,Ahmed,Tariq,Email,ar,Christian - grow in my faith,Palestine,Tripoli,Sanaa,عائلتي لا توافق على قراري باتباع المسيح. أريد أن أكرمهم، لكنني أيضًا أريد أن أبقى مخلصًا لإيماني. ماذا يجب أن أفعل؟,Family and Marriage,,عائلتي توافق قراري باتباع المسيح أريد أكرمهم لكنني أيض أريد أبقى مخلص لإيماني يجب أفعل
c2e68180-36d3-423f-aa22-d9a240df8dbe,Hiba,Ali,Referral,ar,I am not sure about Jesus,Iraq,Dubai,Cairo,أشعر أنني أفشل كأم. أريد أن أعلم أطفالي عن الله، لكنني لا أشعر بالقوة في إيماني الخاص. من أين أبدأ؟,Family and Marriage,,أشعر أنني أفشل كأم أريد أطفالي الله لكنني أشعر بالقوة إيماني الخاص أبدأ
bdf09687-a8ac-44c2-b064-ed19d5d73f34,Faris,Ramzi,Social Media,ar,I am not sure about Jesus,Morocco,Casablanca,Beirut,لطالما كنت مهتمًا بالمسيحية، لكن لم تتح لي الفرصة لتعلمها. من أين يجب أن أبدأ؟,General,,لطالما كنت مهتم بالمسيحية تتح الفرصة لتعلمها يجب أبدأ
05baf1c8-37da-4929-801a-371c39964412,Omar,Salim,Email,ar,I just decided to follow Jesus,Libya,Beirut,Tunis,ما هي المعتقدات الأساسية للمسيحية، وكيف تختلف عن الديانات الأخرى؟,General,,المعتقدات الأساسية للمسيحية وكيف تختلف الديانات الأخرى
edc8ddb0-5de9-477b-803b-f5b73d0b13cf,Abdullah,Saeed,Event,ar,I want to come back to Jesus,Jordan,Algiers,Baghdad,هل يمكنك أن تشرح لماذا يؤمن المسيحيون بأن يسوع هو ابن الله؟,General,,يمكنك تشرح لماذا يؤمن المسيحيون بأن يسوع ابن الله
47dda43c-e5b9-4b5c-88c3-a54c16845281,Sara,Samir,Website,ar,I do not want to follow Jesus,Morocco,Riyadh,Tripoli,لقد بدأت أشك في معتقداتي مؤخرًا وأريد استكشاف المسيحية. ماذا أحتاج إلى معرفته؟,General,,لقد بدأت أشك معتقداتي مؤخر وأريد استكشاف المسيحية أحتاج معرفته
6eae7cea-c11f-466c-b3a4-e5a80c4fcea4,Majid,Rashid,Referral,ar,I just decided to follow Jesus,Algeria,Beirut,Dubai,كيف يمكنني بناء علاقة مع الله؟ أشعر أن هناك شيئًا مفقودًا في حياتي.,General,,يمكنني بناء علاقة الله أشعر شيئ مفقود حياتي
1dff51a8-677e-4c2f-9752-9e2cddb9192b,Layla,Khalid,Event,ar,I just decided to follow Jesus,Lebanon,Amman,Dubai,هل هناك أي دليل على أن المسيحية حقيقية، أم أنها تعتمد فقط على الإيمان؟,General,,دليل المسيحية حقيقية أنها تعتمد فقط الإيمان
6d58cf62-6ae5-470d-9da7-4de381ee96b2,Fatima,Khalid,Referral,ar,I want to come back to Jesus,Lebanon,Dubai,Gaza,ماذا يقول الكتاب المقدس عن إيجاد المعنى والهدف في الحياة؟,General,,يقول الكتاب المقدس إيجاد المعنى والهدف الحياة
dca4a08e-40df-45b1-9fde-7f5ce5b05b8e,Mariam,Nassir,Email,ar,I do not want to follow Jesus,Morocco,Casablanca,Gaza,لا أعرف الكثير عن يسوع، لكنني أريد أن أتعلم المزيد. من أين يجب أن أبدأ؟,General,,أعرف الكثير يسوع لكنني أريد أتعلم المزيد يجب أبدأ
aeabc33a-36f7-4843-95dc-5ca1b058dc7c,Abdullah,Saeed,Social Media,ar,I am not sure about Jesus,Syria,Khartoum,Tripoli,كيف يمكنني أن أبدأ في قراءة الكتاب المقدس إذا لم أقرأه من قبل؟,General,,يمكنني أبدأ قراءة الكتاب المقدس أقرأه
b5a189c4-76f1-45ee-9bb3-7702b29e0021,Layla,Abdul,Event,ar,I do not want to follow Jesus,Tunisia,Amman,Dubai,هل المسيحية مفتوحة للجميع، أم يجب أن تولد فيها؟,General,,المسيحية مفتوحة للجميع يجب تولد
d7c1694c-2363-472b-84fa-95941686967f,Fatima,Bilal,Email,ar,I do not want to follow Jesus,Algeria,Sanaa,Baghdad,لقد سمعت أشخاصًا يقولون إن الله يحب الجميع، ولكن كيف يمكن أن يكون ذلك صحيحًا إذا كانت هناك أشياء سيئة تحدث في العالم؟,General,,لقد سمعت أشخاص يقولون الله يحب الجميع يمكن يكون صحيح كانت أشياء سيئة تحدث العالم
4a6ed018-c9e6-4221-92a6-709734732a8a,Fatima,Al-Mansouri,Referral,ar,I do not want to follow Jesus,Palestine,Dubai,Tripoli,هل يمكن لأي شخص أن يكون مسيحيًا حتى لو ارتكب الكثير من الأخطاء في حياته؟,General,,يمكن لأي شخص يكون مسيحي ارتكب الكثير الأخطاء حياته
accc8b8f-525f-419e-8f03-188d6d8c0d7d,Yasmine,Omar,Social Media,ar,I just decided to follow Jesus,Saudi Arabia,Baghdad,Cairo,أريد أن أتعلم عن المسيحية، لكن عائلتي تتبع دينًا مختلفًا. كيف يمكنني التعامل مع هذا الأمر؟,General,,أريد أتعلم المسيحية عائلتي تتبع دين مختلف يمكنني التعامل الأمر
91caf56b-2f3b-4f36-bcd5-711fd2044935,Hassan,Hassan,Email,ar,I just decided to follow Jesus,Iraq,Algiers,Dubai,ما الفرق بين الدين والإيمان؟,General,,الفرق الدين والإيمان
a59f5471-8701-4ea9-8119-6d7132544e74,Amal,Khalid,Email,ar,Christian - grow in my faith,Yemen,Dubai,Damascus,هل يستمع الله حقًا عندما نصلي؟ كيف أعرف أنه يسمعني؟,General,,يستمع الله حق عندما نصلي أعرف أنه يسمعني
81d5d12f-8951-4aaa-9660-aa10f961ea2f,Mohammed,Salim,Email,ar,I want to come back to Jesus,Syria,Riyadh,Tripoli,أريد أن أجد السلام في حياتي. هل يمكن للمسيحية أن تساعدني في ذلك؟,General,,أريد أجد السلام حياتي يمكن للمسيحية تساعدني
0e81a8bf-9b04-49a8-8b53-b541f3ff5e0c,Hassan,Saeed,Email,ar,I do not want to follow Jesus,Palestine,Riyadh,Tunis,كيف أعرف أن الله حقيقي؟,General,,أعرف الله حقيقي
d97d7006-6186-40bf-b15a-d8c59d2784b5,Layla,Salim,Referral,ar,I want to come back to Jesus,Iraq,Cairo,Tripoli,أشعر بالفراغ منذ فترة طويلة، وأريد أن أعرف ما إذا كان الإيمان يمكن أن يساعدني على الشعور بالكمال مرة أخرى؟,General,,أشعر بالفراغ فترة طويلة وأريد أعرف الإيمان يمكن يساعدني الشعور بالكمال مرة أخرى
9c111cba-c25b-4113-99cd-a32db50a9351,Noor,Saeed,Website,ar,Christian - grow in my faith,Iraq,Gaza,Algiers,لماذا تتحدث المسيحية كثيرًا عن المغفرة؟,General,,لماذا تتحدث المسيحية كثير المغفرة
f1a93801-56dd-42ad-b8db-57ee001bee6e,Sara,Samir,Referral,ar,I just decided to follow Jesus,Algeria,Khartoum,Gaza,كيف يمكنني أن أكون متأكدًا من أن الله يهتم بي حقًا؟,General,,يمكنني أكون متأكد الله يهتم حق
5e1e7c1f-bfbc-4524-8a30-26f3951f4b63,Omar,Saeed,Referral,ar,I just decided to follow Jesus,Algeria,Amman,Gaza,ماذا يعني أن يكون للإنسان إيمان بيسوع؟,General,,يعني يكون للإنسان إيمان بيسوع
fcd5fac1-cf92-4b13-bd0e-104ad2fa0a49,Hassan,Nassir,Referral,ar,I want to come back to Jesus,Syria,Baghdad,Casablanca,أجد صعوبة في الثقة بالله. كيف يمكنني أن أبني إيماني؟,General,,أجد صعوبة الثقة بالله يمكنني أبني إيماني
b0a9ea40-dcf7-4a0c-96a4-3bd756641e90,Fatima,Ali,Social Media,ar,I am not sure about Jesus,Sudan,Dubai,Gaza,كيف أعرف إذا كنت مخلَّصًا حقًا؟,General,,أعرف كنت مخل حق
b1b8e880-018d-4342-8735-1566c79ac9c8,Mohammed,Mohammed,Social Media,ar,I do not want to follow Jesus,Libya,Dubai,Sanaa,أشعر بانفصال عن الله. كيف يمكنني استعادة علاقتي به؟,General,,أشعر بانفصال الله يمكنني استعادة علاقتي
de93ed98-f3f3-43d7-af7d-7d503a5ac069,Aisha,Abdul,Social Media,ar,I want to come back to Jesus,Morocco,Sanaa,Tripoli,لماذا يؤمن المسيحيون بالثالوث؟ يبدو الأمر محيرًا بالنسبة لي.,General,,لماذا يؤمن المسيحيون بالثالوث يبدو الأمر محير بالنسبة
418f1da9-e3e5-4f7e-9fa4-fdad8b807889,Hiba,Al-Mansouri,Referral,ar,I do not want to follow Jesus,Morocco,Gaza,Tunis,ماذا يحدث بعد الموت، وفقًا للمسيحية؟,General,,يحدث الموت وفق للمسيحية
f0fa906c-0687-4c5a-9856-b8f7e5f99c31,Hiba,Nassir,Social Media,ar,I just decided to follow Jesus,Lebanon,Amman,Sanaa,أريد أن أصبح مسيحيًا، لكنني أخشى مما سيعتقده الآخرون. ماذا يجب أن أفعل؟,General,,أريد مسيحي لكنني أخشى سيعتقده الآخرون يجب أفعل
6db8b1a9-0253-445b-9c11-0039e008fe35,Amal,Mohammed,Referral,ar,I am not sure about Jesus,Iraq,Damascus,Tunis,هل يمكنني أن أكون مسيحيًا حتى لو كانت لدي شكوك؟,General,,يمكنني أكون مسيحي كانت لدي شكوك
d2b9b94e-0ef9-40b4-b986-601a48cf0e7c,Mustafa,Saeed,Referral,ar,I am not sure about Jesus,Saudi Arabia,Baghdad,Casablanca,كيف يصلي الشخص لأول مرة؟,General,,يصلي الشخص لأول مرة
20b233c6-b481-4d52-9a45-a031907d66c0,Aisha,Abdul,Event,ar,I do not want to follow Jesus,Lebanon,Dubai,Tunis,ما أهمية المعمودية في المسيحية؟,General,,أهمية المعمودية المسيحية
88b1b6d7-8662-4f25-9b94-4d8e0bfbcb17,Fatima,Samir,Social Media,ar,I am not sure about Jesus,Yemen,Riyadh,Tunis,أشعر أنني أتعرض لهجوم روحي مستمر. في كل مرة أحاول الاقتراب من الله، شيء ما يبعدني. كيف أقاوم ذلك؟,Spiritual Warfare,17.0,أشعر أنني أتعرض لهجوم روحي مستمر مرة أحاول الاقتراب الله شيء يبعدني أقاوم
dd662cf8-fb6a-4add-974c-b6db727d44f3,Fatima,Hassan,Referral,ar,I do not want to follow Jesus,Yemen,Dubai,Dubai,كنت أعاني من أفكار دخيلة تبدو مظلمة ومربكة. هل يمكن أن يكون هذا صراعًا روحيًا؟,Spiritual Warfare,,كنت أعاني أفكار دخيلة تبدو مظلمة ومربكة يمكن يكون صراع روحي
613a22e9-afa4-43da-9fe7-5848d0773623,Mustafa,Salim,Email,ar,I am not sure about Jesus,Jordan,Khartoum,Tunis,أشعر بثقل غير مبرر في حياتي، وكأن شيئًا ما يحاول منعي من النمو روحيًا. كيف أتغلب على ذلك؟,Spiritual Warfare,,أشعر بثقل مبرر حياتي وكأن شيئ يحاول منعي النمو روحي أتغلب
d4548804-a98c-4eb7-bafc-d6538a6f3180,Sara,Benali,Email,ar,I just decided to follow Jesus,Algeria,Casablanca,Baghdad,في كل مرة أصلي، أشعر بتشتيت وانعدام التركيز، ويتسلل الشك إلى قلبي. كيف أبقى ثابتًا في إيماني؟,Spiritual Warfare,,مرة أصلي أشعر بتشتيت وانعدام التركيز ويتسلل الشك قلبي أبقى ثابت إيماني
d4b54b51-a6c0-4358-84c6-f2a9fef8199d,Sara,Abdul,Referral,ar,Christian - grow in my faith,Palestine,Damascus,Gaza,أخشى المعارك الروحية التي تحدث من حولي. كيف أرتدي سلاح الله الكامل؟,Spiritual Warfare,,أخشى المعارك الروحية تحدث حولي أرتدي سلاح الله الكامل
ee4d60dc-e48d-458c-ace6-c657c9dcc617,Amal,Abdul,Referral,ar,I do not want to follow Jesus,Palestine,Damascus,Baghdad,أستمر في رؤية كوابيس مرعبة تبدو وكأنها تضغط على روحي. هل يمكن أن يكون هذا هجومًا روحيًا؟,Spiritual Warfare,,أستمر رؤية كوابيس مرعبة تبدو وكأنها تضغط روحي يمكن يكون هجوم روحي
d038274b-0c40-4a5c-8439-2c5c8b979edb,Yasmine,Rashid,Email,ar,I am not sure about Jesus,Syria,Tripoli,Riyadh,أحاول التحرر من عادة خاطئة، لكنني أشعر أن شيئًا ما يجذبني إليها مرة أخرى. كيف أقاوم الإغراء؟,Spiritual Warfare,,أحاول التحرر عادة خاطئة لكنني أشعر شيئ يجذبني إليها مرة أخرى أقاوم الإغراء
581baa8c-4d67-4bd2-a0b8-015617b8cab4,Hassan,Ismail,Social Media,ar,I do not want to follow Jesus,Libya,Algiers,Gaza,أشعر بأنني مستنزف روحيًا، وليس لدي طاقة للصلاة أو العبادة. كيف أعيد إشعال شغفي بالله؟,Spiritual Warfare,,أشعر بأنني مستنزف روحي وليس لدي طاقة للصلاة العبادة أعيد إشعال شغفي بالله
9c23f6ef-003d-4277-904c-b43dfcbbad1d,Mustafa,Rashid,Social Media,ar,I just decided to follow Jesus,Jordan,Beirut,Riyadh,كلما حاولت مشاركة إيماني، أواجه عقبات غير متوقعة ومعارضة. هل هذا صراع روحي؟,Spiritual Warfare,,حاولت مشاركة إيماني أواجه عقبات متوقعة ومعارضة صراع روحي
db5ca40a-4cc0-4fda-8b2a-79a3c78f73f0,Kareem,Omar,Website,ar,I just decided to follow Jesus,Sudan,Tunis,Casablanca,أشعر أن عائلتي تتعرض لهجوم روحي. كيف أحمي منزلي وأحبائي من خلال الصلاة؟,Spiritual Warfare,,أشعر عائلتي تتعرض لهجوم روحي أحمي منزلي وأحبائي خلال الصلاة
1d70cce3-9892-46d9-ac83-cd21d541dbee,Hassan,Saeed,Email,ar,I do not want to follow Jesus,Libya,Amman,Riyadh,كنت أشعر بالقرب من الله، لكنني الآن أشعر وكأن هناك حاجزًا يفصلني عنه. ماذا يمكنني أن أفعل؟,Spiritual Warfare,,كنت أشعر بالقرب الله لكنني أشعر وكأن حاجز يفصلني عنه يمكنني أفعل
4cdf0985-6b34-4480-8613-c7dd1a92bc3c,Amal,Omar,Social Media,ar,I am not sure about Jesus,Morocco,Sanaa,Beirut,أشعر أحيانًا بسلبية وظلام يحيط بي. كيف أتحرر من هذا الشعور بالاختناق؟,Spiritual Warfare,,أشعر أحيان بسلبية وظلام يحيط أتحرر الشعور بالاختناق
17b9a74c-1c08-4926-ae82-544c186e207f,Faris,Nassir,Email,ar,I do not want to follow Jesus,Iraq,Tripoli,Baghdad,أعلم أن الله أقوى من أي شيء، لكن لماذا أشعر بالضعف أمام هذه الهجمات؟,Spiritual Warfare,,الله أقوى شيء لماذا أشعر بالضعف الهجمات
073e1888-6c75-4fd8-af4c-9e9be08f6b56,Mohammed,Rashid,Social Media,ar,Christian - grow in my faith,Morocco,Tripoli,Dubai,كيف يمكنني التمييز بين الهجوم الروحي والمواقف الصعبة في الحياة؟,Spiritual Warfare,,يمكنني التمييز الهجوم الروحي والمواقف الصعبة الحياة
ef6bb4bf-2c50-469c-bc60-3e719eff7318,Mustafa,Tariq,Event,ar,Christian - grow in my faith,Yemen,Beirut,Amman,أشعر بالإرهاق من الخوف والقلق. هل يمكن أن يكون هذا معركة روحية يجب أن أتعامل معها بطريقة مختلفة؟,Spiritual Warfare,,أشعر بالإرهاق الخوف والقلق يمكن يكون معركة روحية يجب أتعامل معها بطريقة مختلفة
dde5871c-6d3e-4498-a93d-8df10cf29a74,Aisha,Ramzi,Email,ar,I want to come back to Jesus,Lebanon,Tunis,Amman,كنت أشعر بغضب وإحباط غير مبرر، حتى عندما أحاول أن أبقى مسالمًا. هل يمكن أن يكون هذا صراعًا روحيًا؟,Spiritual Warfare,,كنت أشعر بغضب وإحباط مبرر عندما أحاول أبقى مسالم يمكن يكون صراع روحي
bc060f62-94e8-4718-89c5-65149d492443,Mariam,Al-Mansouri,Website,ar,I do not want to follow Jesus,Jordan,Tripoli,Riyadh,حاولت الصلاة أكثر، لكن في كل مرة أفعل ذلك، شيء ما يشتت انتباهي أو يجعلني أتوقف. كيف أبقى ملتزمًا؟,Spiritual Warfare,,حاولت الصلاة مرة أفعل شيء يشتت انتباهي يجعلني أتوقف أبقى ملتزم
0c2207b1-2f2f-4eb4-89d2-0b1b5fb3cce1,Chen,Wu,Email,zh,I just decided to follow Jesus,China,Zhejiang,Beijing,我一直在祈祷上帝能戒除我的毒瘾，但我仍然在挣扎。为什么他没有回应我的祈祷？,Alcoholism and Drug Addiction,20.0,我 一直 祈祷 上帝 能 戒除 我 毒瘾 ， 但 我 挣扎 。 为什么 他 没有 回应 我 祈祷 ？
5da4d283-a65f-4684-a8d1-51212996d225,Ying,Wu,Website,zh,I just decided to follow Jesus,China,Guangdong,Beijing,我知道我需要帮助，但我不知道从哪里开始。康复的第一步是什么？,Alcoholism and Drug Addiction,,我 知道 我 需要 帮助 ， 但 我 不 知道 从 哪里 开始 。 康复 第一步 什么 ？
16aa8be2-b58c-42d0-9f7c-fc1c2ffc0455,Jing,Sun,Social Media,zh,I do not want to follow Jesus,China,Guangdong,Shanghai,我觉得我因为上瘾而失去了自己的身份。我如何重新发现我在基督里是谁？,Alcoholism and Drug Addiction,,我 觉得 我 因为 上瘾 失去 自己 身份 。 我 如何 重新 发现 我 基督 里 谁 ？
22ea0765-be10-454b-9cf2-1d57b07baf45,Chen,Sun,Event,zh,I want to come back to Jesus,China,Zhejiang,Chengdu,我有一个朋友正在与毒瘾作斗争，我不知道如何帮助他们。你能给我什么建议？,Alcoholism and Drug Addiction,,我 一个 朋友 正在 与 毒瘾 作 斗争 ， 我 不 知道 如何 帮助 他们 。 你 能 给 我 什么 建议 ？
b5950ebd-1e70-4ad7-b5a7-c206953be449,Qiang,Chen,Referral,zh,Christian - grow in my faith,China,Sichuan,Shanghai,我尝试过靠自己戒酒，但总是失败。我如何依靠神而不是依靠自己的力量？,Alcoholism and Drug Addiction,,我 尝试 过靠 自己 戒酒 ， 但 总是 失败 。 我 如何 依靠 神而 不是 依靠 自己 力量 ？
185798ab-ff53-4830-a47b-69fdf7f844d4,Ling,Wu,Social Media,zh,Christian - grow in my faith,China,Shanghai,Chengdu,因为我过去的选择，我的家人已经放弃了我。我如何向他们表明我认真地想要改变？,Alcoholism and Drug Addiction,,因为 我 过去 选择 ， 我 家人 已经 放弃 我 。 我 如何 向 他们 表明 我 认真 地 想要 改变 ？
49d677c7-51c3-4c4d-849c-d1a1e9fa4754,Hao,Huang,Website,zh,Christian - grow in my faith,China,Guangdong,Chengdu,我曾经有坚定的信仰，但我的成瘾问题让我远离了上帝。如何才能重新与祂建立联系？,Alcoholism and Drug Addiction,,我 曾经 坚定 信仰 ， 但 我 成瘾 问题 让 我 远离 上帝 。 如何 才能 重新 与 祂 建立联系 ？
701195cb-1da2-407c-9691-e571d9475649,Wei,Sun,Referral,zh,I do not want to follow Jesus,China,Guangdong,Nanjing,我被羞耻和悔恨困住了。如何才能相信上帝的恩典足够拯救我？,Alcoholism and Drug Addiction,,我 羞耻 悔恨 困住 。 如何 才能 相信 上帝 恩典 足够 拯救 我 ？
cd65ab4a-c173-4165-9ef4-f1f4476c1b7b,Ying,Huang,Email,zh,Christian - grow in my faith,China,Shanghai,Guangzhou,我觉得自己浪费了太多年的时间，因为我的成瘾问题。上帝能恢复我失去的时间吗？,Alcoholism and Drug Addiction,,我 觉得 自己 浪费 太 多年 时间 ， 因为 我 成瘾 问题 。 上帝 能 恢复 我 失去 时间 吗 ？
bd4b645b-d67b-42cc-8b45-3f9c509dabe8,Ling,Ma,Event,zh,I am not sure about Jesus,China,Beijing,Chengdu,我不想再这样生活下去了，但我不知道如何摆脱困境。圣经对克服成瘾有什么教导？,Alcoholism and Drug Addiction,,我 不想 再 这样 生活 下去 ， 但 我 不 知道 如何 摆脱困境 。 圣经 对 克服 成瘾 什么 教导 ？
c9c37dac-dba1-4f63-b989-7a606699130c,Hao,Xu,Website,zh,I want to come back to Jesus,China,Sichuan,Beijing,我的成瘾问题破坏了我的婚姻，我不知道该如何修复它。信仰能帮助修复破碎的关系吗？,Alcoholism and Drug Addiction,,我 成瘾 问题 破坏 我 婚姻 ， 我 不 知道 该 如何 修复 它 。 信仰 能 帮助 修复 破碎 关系 吗 ？
c4262597-f318-4b92-a595-9cb395fdac01,Ying,Wu,Referral,zh,I do not want to follow Jesus,China,Jiangsu,Nanjing,每当我受到诱惑时，我都感到软弱。我该如何依靠上帝获得力量？,Alcoholism and Drug Addiction,,每当 我 受到 诱惑 时 ， 我 感到 软弱 。 我该 如何 依靠 上帝 获得 力量 ？
e3a7cd14-966d-4f82-b2b1-491364bb1021,Yuan,Wu,Email,zh,I am not sure about Jesus,China,Sichuan,Beijing,因为我的过去，我在教会里感到被人评判。我该如何找到一个支持我的信仰群体？,Alcoholism and Drug Addiction,,因为 我 过去 ， 我 教会 里 感到 人 评判 。 我该 如何 找到 一个 支持 我 信仰 群体 ？
5082ea23-bf1b-4b69-9933-5090528a40be,Tao,Sun,Social Media,zh,I just decided to follow Jesus,China,Jiangsu,Chengdu,我不知道如何原谅自己所犯的错误。如何才能放下过去？,Alcoholism and Drug Addiction,,我 不 知道 如何 原谅 自己 所犯 错误 。 如何 才能 放下 过去 ？
161969ab-655c-43f3-b50f-1a070d27c263,Wei,Guo,Email,zh,Christian - grow in my faith,China,Guangdong,Guangzhou,我的成瘾最初是为了缓解压力，但现在我已经失控了。我该如何在上帝里面找到平安，而不是依赖物质？,Alcoholism and Drug Addiction,,我 成瘾 最初 为了 缓解 压力 ， 但 现在 我 已经 失控 。 我该 如何 上帝 里面 找到 平安 ， 不是 依赖 物质 ？
9305dffb-d864-49f8-a609-0e92331ac2d2,Hao,Sun,Website,zh,I just decided to follow Jesus,China,Guangdong,Beijing,我害怕自己会一直与这个成瘾斗争。如何才能坚持希望？,Alcoholism and Drug Addiction,,我 害怕 自己 会 一直 与 这个 成瘾 斗争 。 如何 才能 坚持 希望 ？
2abda9bc-1614-4db5-916c-29fc083c64c0,Wei,Guo,Email,zh,I just decided to follow Jesus,China,Zhejiang,Hangzhou,我的孩子曾见过我最糟糕的样子，我想成为一个更好的榜样。我该如何向他们证明我正在改变？,Alcoholism and Drug Addiction,,我 孩子 曾见 过 我 最 糟糕 样子 ， 我 想 成为 一个 更好 榜样 。 我该 如何 向 他们 证明 我 正在 改变 ？
f71f65de-65e2-4c9e-8e3b-4dd79dc2cdeb,Min,Ma,Social Media,zh,I am not sure about Jesus,China,Zhejiang,Guangzhou,因为酗酒，我失去了很多朋友。我该如何重新建立健康的人际关系？,Alcoholism and Drug Addiction,,因为 酗酒 ， 我 失去 很多 朋友 。 我该 如何 重新 建立 健康 人际关系 ？
243e253b-cd13-40f7-b132-6295670f1593,Qiang,Wu,Social Media,zh,I do not want to follow Jesus,China,Shanghai,Guangzhou,我觉得自己不配拥有一个新的开始。上帝真的能让我焕然一新吗？,Alcoholism and Drug Addiction,,我 觉得 自己 不配 拥有 一个 新 开始 。 上帝 真的 能 让 我 焕然一新 吗 ？
3e010624-6f91-4c64-b3df-f2c726de53b1,Yuan,Yang,Event,zh,I just decided to follow Jesus,China,Guangdong,Hangzhou,我一直在为医治祷告，但我觉得没有任何改变。我该如何保持坚定的信仰？,Alcoholism and Drug Addiction,,我 一直 为 医治 祷告 ， 但 我 觉得 没有 任何 改变 。 我该 如何 保持 坚定 信仰 ？
7a206812-594b-4e91-8f29-db147064e612,Xiao,Li,Event,zh,I want to come back to Jesus,China,Shanghai,Nanjing,我刚刚脱离了一段虐待关系，现在感到完全破碎。我该如何重新信任别人？,Crisis,21.0,我 刚刚 脱离 一段 虐待 关系 ， 现在 感到 完全 破碎 。 我该 如何 重新 信任别人 ？
baea6e0a-59de-41de-8e21-86b3d3b0ff9e,Ling,Wu,Social Media,zh,I am not sure about Jesus,China,Shanghai,Shanghai,我觉得自己被责任和压力淹没了。我该如何把我的重担交托给上帝？,Crisis,,我 觉得 自己 责任 压力 淹没 。 我该 如何 把 我 重担 交托 给 上帝 ？
f9142750-7af5-4391-b054-01fdefcd730f,Qiang,Chen,Website,zh,Christian - grow in my faith,China,Jiangsu,Chengdu,我最近经历了一场创伤，我不知道该如何痊愈。信仰能如何帮助我康复？,Crisis,,我 最近 经历 一场 创伤 ， 我 不 知道 该 如何 痊愈 。 信仰 能 如何 帮助 我 康复 ？
0abfddcf-923e-4021-8f03-6d3f0b260eda,Jing,Li,Referral,zh,Christian - grow in my faith,China,Beijing,Chengdu,我最好的朋友背叛了我，我感到非常受伤。我该如何前行并原谅他们？,Crisis,,我 最好 朋友 背叛 我 ， 我 感到 非常 受伤 。 我该 如何 前行 并 原谅 他们 ？
13049fe3-150a-4022-be87-c42d6ed32eed,Chen,Liu,Social Media,zh,I just decided to follow Jesus,China,Beijing,Nanjing,我觉得没有人理解我的痛苦，甚至连上帝也不懂。我该如何敞开心扉，把我的挣扎交托给祂？,Crisis,,我 觉得 没有 人 理解 我 痛苦 ， 甚至 连 上帝 不 懂 。 我该 如何 敞开 心扉 ， 把 我 挣扎 交托 给 祂 ？
1e5df2e8-bdf7-47d3-87ea-809c7c9eabc9,Xiao,Zhang,Referral,zh,I want to come back to Jesus,China,Guangdong,Hangzhou,我一直在与内疚和悔恨作斗争。我该如何放下过去的错误，继续前行？,Crisis,,我 一直 与 内疚 悔恨 作 斗争 。 我该 如何 放下 过去 错误 ， 继续 前行 ？
f75765cf-d8a6-4a7a-b389-8597da6090ff,Qiang,Zhao,Email,zh,I just decided to follow Jesus,China,Sichuan,Beijing,我正在与成瘾斗争，感觉自己永远无法摆脱它。上帝真的能帮助我克服吗？,Crisis,,我 正在 与 成瘾 斗争 ， 感觉 自己 永远 无法 摆脱 它 。 上帝 真的 能 帮助 我 克服 吗 ？
ff7eb2ef-41f9-480b-9ad4-c473a596f3e2,Min,Zhang,Referral,zh,Christian - grow in my faith,China,Guangdong,Guangzhou,我感到完全迷失，仿佛没有人生目标。我该如何发现上帝对我生命的计划？,Crisis,,我 感到 完全 迷失 ， 仿佛 没有 人生目标 。 我该 如何 发现 上帝 对 我 生命 计划 ？
a5a50967-8541-4bac-ab1e-e5c20e533e41,Wei,Ma,Event,zh,I want to come back to Jesus,China,Jiangsu,Guangzhou,我被背叛了太多次，以至于不再知道该如何信任他人。信仰如何帮助我治愈？,Crisis,,我 背叛 太 多次 ， 以至于 不再 知道 该 如何 信任他人 。 信仰 如何 帮助 我 治愈 ？
d790c915-1724-43e2-b8ec-8c5d9789ff68,Ling,Yang,Email,zh,I want to come back to Jesus,China,Guangdong,Hangzhou,我的伴侣离开了我，我感到被抛弃了。当我的心破碎时，我该如何信靠上帝？,Crisis,,我 伴侣 离开 我 ， 我 感到 被抛弃了 。 当 我 心 破碎 时 ， 我该 如何 信靠 上帝 ？
e2b50cd5-8f1b-4679-b455-173f5d9f236e,Xiao,Zhu,Referral,zh,I want to come back to Jesus,China,Zhejiang,Guangzhou,我的家人住院了，我害怕失去他们。在这种不确定的情况下，我如何找到内心的平安？,Crisis,,我 家人 住院 ， 我 害怕 失去 他们 。 这种 不 确定 情况 下 ， 我 如何 找到 内心 平安 ？
96aed97e-ff87-449f-baa5-1fa76ee76227,Ying,Guo,Referral,zh,I just decided to follow Jesus,China,Shanghai,Beijing,我已经为突破祷告了很久，但什么都没有改变。当我看不到任何进展时，我该如何继续相信？,Crisis,,我 已经 为 突破 祷告 久 ， 但 什么 没有 改变 。 当 我 看不到 任何 进展 时 ， 我该 如何 继续 相信 ？
5e9cc23f-db19-456f-8680-244adf9071c1,Feng,Wang,Website,zh,I do not want to follow Jesus,China,Jiangsu,Guangzhou,我最近因为一个错误的决定失去了一切，不知道该如何重新开始。信仰能帮助我重建生活吗？,Crisis,,我 最近 因为 一个 错误 决定 失去 一切 ， 不 知道 该 如何 重新 开始 。 信仰 能 帮助 我 重建 生活 吗 ？
9542636b-52e6-4641-8ea0-5b7f43756fd7,Tao,Yang,Event,zh,I do not want to follow Jesus,China,Sichuan,Hangzhou,我曾在教会里受过伤害，现在我很难信任上帝。我该如何将人的失败与我的信仰区分开？,Crisis,,我 曾 教会 里 受过 伤害 ， 现在 我 难 信任 上帝 。 我该 如何 将 人 失败 与 我 信仰 区分 开 ？
974d4bee-cde3-47b9-9e99-1dd97fb4f218,Xiao,Huang,Social Media,zh,I just decided to follow Jesus,China,Guangdong,Chengdu,我正面临法律问题，不知道该怎么办。在这种情况下，我该如何寻求上帝的智慧？,Crisis,,我 正 面临 法律 问题 ， 不 知道 该 怎么办 。 这种 情况 下 ， 我该 如何 寻求 上帝 智慧 ？
30d36934-5451-4293-9340-9078aa4f7202,Min,Liu,Email,zh,I just decided to follow Jesus,China,Sichuan,Beijing,我感觉自己独自战斗了很久。我该如何在上帝的同在中找到安慰？,Crisis,,我 感觉 自己 独自 战斗 久 。 我该 如何 上帝 同 中 找到 安慰 ？
746ea44c-995a-41b5-8b3d-6fdd17eecae6,Chen,Zhao,Email,zh,I want to come back to Jesus,China,Jiangsu,Nanjing,我想相信事情会变好，但我看不到希望。在艰难时期，我该如何培养更坚定的信心？,Crisis,,我 想 相信 事情 会变 好 ， 但 我 看不到 希望 。 艰难 时期 ， 我该 如何 培养 更 坚定 信心 ？
4129c314-ede3-4e70-9bc7-8d83a594f255,Tao,Li,Email,zh,I do not want to follow Jesus,China,Guangdong,Hangzhou,我的婚姻正在破裂，我感到无助。我该如何把我的关系交托给上帝？,Crisis,,我 婚姻 正在 破裂 ， 我 感到 无助 。 我该 如何 把 我 关系 交托 给 上帝 ？
de8c67eb-6ce1-4ab4-a80b-9434061cb671,Chen,Zhu,Website,zh,I want to come back to Jesus,China,Sichuan,Hangzhou,我一直在与饮食失调作斗争，感觉自己失去了控制。上帝能帮助我找到医治吗？,Crisis,,我 一直 与 饮食 失调 作 斗争 ， 感觉 自己 失去 控制 。 上帝 能 帮助 我 找到 医治 吗 ？
40b6b09d-fe79-49b5-bed3-23c324d25b39,Yuan,Zhao,Referral,zh,I do not want to follow Jesus,China,Shanghai,Shanghai,我多年来一直被欺负，现在内心伤痕累累。上帝如何医治破碎的心灵？,Crisis,,我 多年 来 一直 欺负 ， 现在 内心 伤痕累累 。 上帝 如何 医治 破碎 心灵 ？
e0f326d7-774d-4e14-b5ef-c7056c1de1bd,Feng,Chen,Referral,zh,Christian - grow in my faith,China,Zhejiang,Hangzhou,我总是拿自己和别人比较，觉得自己不够好。我该如何在上帝里找到自我价值？,Crisis,,我 总是 拿 自己 别人 比较 ， 觉得 自己 不够 好 。 我该 如何 上帝 里 找到 自我 价值 ？
9cc2f48b-3d7a-41f5-9657-2e53cf2eed84,Min,Xu,Website,zh,I want to come back to Jesus,China,Beijing,Guangzhou,我的配偶和我在金钱观念上存在分歧，这给我们的婚姻带来了很多紧张。我该如何找到共同点？,Family and Marriage,,我 配偶 我 金钱 观念 上 存在 分歧 ， 这 给 我们 婚姻 带来 很多 紧张 。 我该 如何 找到 共同点 ？
9244fce1-bf72-4cb6-a569-28de0cdf06d3,Yuan,Ma,Referral,zh,Christian - grow in my faith,China,Shanghai,Nanjing,我很年轻就结婚了，现在觉得我们渐行渐远。随着我们的成长和成熟，我们该如何保持关系的稳固？,Family and Marriage,,我 年轻 结婚 ， 现在 觉得 我们 渐行 渐远 。 随着 我们 成长 成熟 ， 我们 该 如何 保持 关系 稳固 ？
d0ab0e5e-0afa-4aa1-99a8-d4ca4893f34e,Ling,Yang,Event,zh,I want to come back to Jesus,China,Sichuan,Hangzhou,我知道上帝呼召我去饶恕，但我的配偶深深地伤害了我。当痛苦仍然存在时，我该如何前行？,Family and Marriage,,我 知道 上帝 呼召 我 去 饶恕 ， 但 我 配偶 深深地 伤害 我 。 当 痛苦 存在 时 ， 我该 如何 前行 ？
84f711fb-6d4a-4069-bdb5-30bcc1afd112,Mei,Chen,Social Media,zh,Christian - grow in my faith,China,Sichuan,Guangzhou,我的丈夫工作时间很长，我在婚姻中感到孤独。我该如何面对情感上的疏离？,Family and Marriage,,我 丈夫 工作 时间 很长 ， 我 婚姻 中 感到 孤独 。 我该 如何 面对 情感 上 疏离 ？
52a43a83-7341-4490-a6cf-8f952e51c5ff,Hao,Zhang,Website,zh,I just decided to follow Jesus,China,Zhejiang,Guangzhou,我在破碎的家庭中长大，害怕在自己的婚姻中重蹈覆辙。我该如何建立健康的关系？,Family and Marriage,,我 破碎 家庭 中 长大 ， 害怕 自己 婚姻 中 重蹈覆辙 。 我该 如何 建立 健康 关系 ？
7d167014-a5ce-48ad-806f-4a5d06a0599f,Ling,Wang,Website,zh,I just decided to follow Jesus,China,Guangdong,Beijing,我的青少年儿子正在反抗我们教给他的所有价值观。我觉得自己正在失去他。我该如何把他带回信仰中？,Family and Marriage,,我 青少年 儿子 正在 反抗 我们 教给 他 所有 价值观 。 我 觉得 自己 正在 失去 他 。 我该 如何 把 他 带回 信仰 中 ？
31b59fa4-6e78-4a57-a130-dd7c29de00b5,Qiang,Wang,Event,zh,I am not sure about Jesus,China,Sichuan,Nanjing,我的公婆一直干涉我们的婚姻，这导致了很多冲突。我该如何在尊重他们的同时设立健康的界限？,Family and Marriage,,我 公婆 一直 干涉 我们 婚姻 ， 这 导致 很多 冲突 。 我该 如何 尊重 他们 同时 设立 健康 界限 ？
e384b1ad-f5ac-4a73-96c8-25aa8cf66031,Hao,Wu,Social Media,zh,I just decided to follow Jesus,China,Shanghai,Beijing,我希望我的家人一起祷告，但我不知道如何开始。我们该如何让信仰成为日常生活的核心？,Family and Marriage,,我 希望 我 家人 一起 祷告 ， 但 我 不 知道 如何 开始 。 我们 该 如何 让 信仰 成为 日常生活 核心 ？
83ac2420-7b1d-4042-948e-db1523ed7aa0,Xiao,Ma,Referral,zh,I am not sure about Jesus,China,Sichuan,Hangzhou,我的配偶有愤怒的问题，这影响了我们的关系。我该如何鼓励他们寻求平安和耐心？,Family and Marriage,,我 配偶 愤怒 问题 ， 这 影响 我们 关系 。 我该 如何 鼓励 他们 寻求 平安 耐心 ？
3dce6ea7-206a-42c3-9b3a-15514150bcdd,Hao,Zhao,Email,zh,I want to come back to Jesus,China,Zhejiang,Nanjing,我最近成为了基督徒，但我的配偶对此持怀疑态度。我该如何与他们分享我的信仰，而不让他们感到被逼迫？,Family and Marriage,,我 最近 成为 基督徒 ， 但 我 配偶 对此 持 怀疑 态度 。 我该 如何 与 他们 分享 我 信仰 ， 不让 他们 感到 逼迫 ？
5e35b59b-9108-4327-a5aa-ab7309a6b012,Feng,Li,Website,zh,Christian - grow in my faith,China,Guangdong,Hangzhou,我们已经尝试要孩子很多年了，但一直没有成功。我感到非常沮丧。我该如何信靠上帝对我们家庭的计划？,Family and Marriage,,我们 已经 尝试 孩子 很多年 ， 但 一直 没有 成功 。 我 感到 非常 沮丧 。 我该 如何 信靠 上帝 对 我们 家庭 计划 ？
78f79ad2-77f6-42b8-84f5-54edf7b87eee,Qiang,Wu,Social Media,zh,Christian - grow in my faith,China,Jiangsu,Shanghai,我的伴侣和我经常争论如何管教孩子。圣经对智慧的育儿有什么教导？,Family and Marriage,,我 伴侣 我 经常 争论 如何 管教 孩子 。 圣经 对 智慧 育儿 什么 教导 ？
599e57d4-3450-465f-a46b-6caf2a86cced,Jing,Zhu,Referral,zh,I do not want to follow Jesus,China,Guangdong,Hangzhou,我来自一个离异家庭，我不想重蹈覆辙。我该如何建立一段持久的婚姻？,Family and Marriage,,我 来自 一个 离异 家庭 ， 我 不想 重蹈覆辙 。 我该 如何 建立 一段 持久 婚姻 ？
eb265449-7707-4df7-b25c-c3446e9c825c,Jing,Guo,Website,zh,I do not want to follow Jesus,China,Beijing,Beijing,我爱我的配偶，但我们在属灵上渐行渐远。我们该如何重新建立联系并在信仰中共同成长？,Family and Marriage,,我 爱 我 配偶 ， 但 我们 属 灵上 渐行 渐远 。 我们 该 如何 重新 建立联系 并 信仰 中 共同 成长 ？
a567d8bc-888d-4d74-89f1-e508b7653d2e,Ying,Guo,Social Media,zh,I am not sure about Jesus,China,Sichuan,Shanghai,我们刚刚迎来了一个宝宝，我们的婚姻承受了很大的压力。在抚养孩子的同时，我们该如何保持关系的稳固？,Family and Marriage,,我们 刚刚 迎来 一个 宝宝 ， 我们 婚姻 承受 很大 压力 。 抚养 孩子 同时 ， 我们 该 如何 保持 关系 稳固 ？
d0722f03-3dd1-44bb-80cb-a725225bcdc6,Xiao,Chen,Event,zh,I just decided to follow Jesus,China,Beijing,Guangzhou,我一直对我的配偶隐瞒一些事情，现在感到内疚。我该如何坦白并重建婚姻中的信任？,Family and Marriage,,我 一直 对 我 配偶 隐瞒 一些 事情 ， 现在 感到 内疚 。 我该 如何 坦白 并 重建 婚姻 中 信任 ？
9ed85df6-2053-4ea3-a593-84d60bd7e762,Ying,Huang,Email,zh,I do not want to follow Jesus,China,Jiangsu,Guangzhou,我的婚姻感觉停滞不前，我想找回曾经的爱与激情。我该如何重燃我们的关系？,Family and Marriage,,我 婚姻 感觉 停滞不前 ， 我 想 找回 曾经 爱 与 激情 。 我该 如何 重燃 我们 关系 ？
28d5ff2a-cb8e-4da7-9f9c-7cc3882280c9,Hao,Yang,Referral,zh,I just decided to follow Jesus,China,Zhejiang,Beijing,我觉得自己犯的罪太多，上帝不会接受我。我还有希望吗？,General,,我 觉得 自己 犯 罪太多 ， 上帝 不会 接受 我 。 我 还有 希望 吗 ？
8c9e19e8-27c4-4b3b-ad0c-b1f17a98cba6,Chen,Li,Social Media,zh,I just decided to follow Jesus,China,Shanghai,Beijing,为什么基督徒要去教会？我可以成为基督徒但不去教会吗？,General,,为什么 基督徒 去 教会 ？ 我 可以 成为 基督徒 但 不 去 教会 吗 ？
69efdff0-4d16-4686-81ef-b96e02295c37,Hao,Zhu,Email,zh,I just decided to follow Jesus,China,Shanghai,Shanghai,我想更好地理解圣经，但它看起来很复杂。我应该从哪里开始？,General,,我 想 更好 地 理解 圣经 ， 但 它 看起来 复杂 。 我 应该 从 哪里 开始 ？
2817198e-36d8-4b68-bbf5-896bcfb730b2,Feng,Ma,Social Media,zh,I am not sure about Jesus,China,Guangdong,Beijing,在基督教中，“重生”是什么意思？,General,,基督教 中 ， “ 重生 ” 什么 意思 ？
2c6a69c8-416e-4dd8-b224-101404966a4f,Hao,Li,Event,zh,Christian - grow in my faith,China,Guangdong,Shanghai,为什么基督教强调恩典而不是善行？,General,,为什么 基督教 强调 恩典 不是 善行 ？
9bc9cfc2-8325-4ae1-bccb-a20b50f394ca,Qiang,Zhu,Referral,zh,I want to come back to Jesus,China,Shanghai,Shanghai,当这么多人质疑圣经时，我该如何相信它是真的？,General,,当 这么 多人 质疑 圣经 时 ， 我该 如何 相信 它 真的 ？
eaed3168-6830-4cd7-b2f0-d3d3f39ca538,Mei,Zhu,Social Media,zh,I want to come back to Jesus,China,Guangdong,Shanghai,基督教是关于规则，还是关于与上帝的关系？,General,,基督教 关于 规则 ， 还是 关于 与 上帝 关系 ？
da168fd5-a81e-4e18-943b-a196472d60d4,Feng,Xu,Social Media,zh,I do not want to follow Jesus,China,Jiangsu,Shanghai,“凭信心行走”在日常生活中意味着什么？,General,,“ 凭 信心 行走 ” 日常生活 中 意味着 什么 ？
1392b0f8-a094-4b62-9480-aa990cb1ce93,Jing,Wang,Social Media,zh,I just decided to follow Jesus,China,Beijing,Chengdu,我正在经历艰难时期。信仰如何帮助我保持坚强？,General,,我 正在 经历 艰难 时期 。 信仰 如何 帮助 我 保持 坚强 ？
0013697a-5a20-43da-ae56-130b4817bfab,Yuan,Yang,Email,zh,I do not want to follow Jesus,China,Sichuan,Shanghai,基督教如何教导关于爱与善良？,General,,基督教 如何 教导 关于 爱 与 善良 ？
a2e4f73d-7b55-4ab8-9f6e-5564324c860c,Hao,Wu,Event,zh,Christian - grow in my faith,China,Beijing,Shanghai,基督徒如何面对苦难？,General,,基督徒 如何 面对 苦难 ？
e4fc4b9d-44a1-4ff1-af4f-0a9233a2d9ef,Jing,Chen,Email,zh,I just decided to follow Jesus,China,Sichuan,Shanghai,我的配偶有愤怒的问题，这影响了我们的关系。我该如何鼓励他们寻求平安和耐心？,General,,我 配偶 愤怒 问题 ， 这 影响 我们 关系 。 我该 如何 鼓励 他们 寻求 平安 耐心 ？
8af6beee-c421-4763-bf6d-0ae3505c7e2c,Jing,Liu,Website,zh,I do not want to follow Jesus,China,Jiangsu,Shanghai,我最近成为了基督徒，但我的配偶对此持怀疑态度。我该如何与他们分享我的信仰，而不让他们感到被逼迫？,General,,我 最近 成为 基督徒 ， 但 我 配偶 对此 持 怀疑 态度 。 我该 如何 与 他们 分享 我 信仰 ， 不让 他们 感到 逼迫 ？
4d56f4ba-4c5e-4b46-af0b-a30479ea542c,Feng,Chen,Email,zh,I do not want to follow Jesus,China,Zhejiang,Chengdu,我们已经尝试要孩子很多年了，但一直没有成功。我感到非常沮丧。我该如何信靠上帝对我们家庭的计划？,General,,我们 已经 尝试 孩子 很多年 ， 但 一直 没有 成功 。 我 感到 非常 沮丧 。 我该 如何 信靠 上帝 对 我们 家庭 计划 ？
c4b934c9-c631-465c-9320-848be17f8c86,Ying,Wu,Website,zh,I just decided to follow Jesus,China,Zhejiang,Hangzhou,我的伴侣和我经常争论如何管教孩子。圣经对智慧的育儿有什么教导？,General,,我 伴侣 我 经常 争论 如何 管教 孩子 。 圣经 对 智慧 育儿 什么 教导 ？
9ad979bd-63e7-484d-856a-c77fab2669c4,Xiao,Zhang,Website,zh,I want to come back to Jesus,China,Zhejiang,Shanghai,我来自一个离异家庭，我不想重蹈覆辙。我该如何建立一段持久的婚姻？,General,,我 来自 一个 离异 家庭 ， 我 不想 重蹈覆辙 。 我该 如何 建立 一段 持久 婚姻 ？
0e9b1ba2-f6b5-4763-b596-4e7783a2a6bf,Ling,Liu,Email,zh,I just decided to follow Jesus,China,Shanghai,Beijing,我爱我的配偶，但我们在属灵上渐行渐远。我们该如何重新建立联系并在信仰中共同成长？,General,,我 爱 我 配偶 ， 但 我们 属 灵上 渐行 渐远 。 我们 该 如何 重新 建立联系 并 信仰 中 共同 成长 ？
e54af10c-339d-41c7-9cbe-82f5bc30cfc7,Ying,Liu,Event,zh,I am not sure about Jesus,China,Beijing,Hangzhou,我们刚刚迎来了一个宝宝，我们的婚姻承受了很大的压力。在抚养孩子的同时，我们该如何保持关系的稳固？,General,,我们 刚刚 迎来 一个 宝宝 ， 我们 婚姻 承受 很大 压力 。 抚养 孩子 同时 ， 我们 该 如何 保持 关系 稳固 ？
6cfe72aa-9401-48af-ad59-875d815a4328,Qiang,Huang,Social Media,zh,Christian - grow in my faith,China,Zhejiang,Beijing,我一直对我的配偶隐瞒一些事情，现在感到内疚。我该如何坦白并重建婚姻中的信任？,General,,我 一直 对 我 配偶 隐瞒 一些 事情 ， 现在 感到 内疚 。 我该 如何 坦白 并 重建 婚姻 中 信任 ？
d561a56f-ad31-407c-a1ce-66918d0fc7fc,Chen,Sun,Email,zh,Christian - grow in my faith,China,Beijing,Chengdu,我的婚姻感觉停滞不前，我想找回曾经的爱与激情。我该如何重燃我们的关系？,General,,我 婚姻 感觉 停滞不前 ， 我 想 找回 曾经 爱 与 激情 。 我该 如何 重燃 我们 关系 ？
6835ac07-76f0-4ac2-83a5-b92e113021c7,Jing,Liu,Website,zh,Christian - grow in my faith,China,Zhejiang,Nanjing,我觉得自己犯的罪太多，上帝不会接受我。我还有希望吗？,General,,我 觉得 自己 犯 罪太多 ， 上帝 不会 接受 我 。 我 还有 希望 吗 ？
403626cd-3712-44fd-bdd1-34cbbec13dd7,Hao,Li,Website,zh,I just decided to follow Jesus,China,Zhejiang,Beijing,为什么基督徒要去教会？我可以成为基督徒但不去教会吗？,General,,为什么 基督徒 去 教会 ？ 我 可以 成为 基督徒 但 不 去 教会 吗 ？
b1a55b00-4d91-4c33-a8af-aaf9f481c9de,Wei,Wang,Email,zh,I do not want to follow Jesus,China,Sichuan,Hangzhou,我想更好地理解圣经，但它看起来很复杂。我应该从哪里开始？,General,,我 想 更好 地 理解 圣经 ， 但 它 看起来 复杂 。 我 应该 从 哪里 开始 ？
221482df-eaa5-4890-9731-710e1d8a8840,Feng,Zhao,Email,zh,I just decided to follow Jesus,China,Beijing,Hangzhou,在基督教中，“重生”是什么意思？,General,,基督教 中 ， “ 重生 ” 什么 意思 ？
e3c864e1-4215-4520-9020-c4df35ecd835,Tao,Xu,Referral,zh,I just decided to follow Jesus,China,Beijing,Nanjing,为什么基督教强调恩典而不是善行？,Spiritual Warfare,18.0,为什么 基督教 强调 恩典 不是 善行 ？
bba87729-bf78-41e1-8278-70061d8f9bce,Hao,Zhang,Social Media,zh,I want to come back to Jesus,China,Zhejiang,Beijing,当这么多人质疑圣经时，我该如何相信它是真的？,Spiritual Warfare,,当 这么 多人 质疑 圣经 时 ， 我该 如何 相信 它 真的 ？
3da1dee5-714e-46ea-87f2-f3888bb75072,Qiang,Wang,Social Media,zh,I want to come back to Jesus,China,Zhejiang,Guangzhou,基督教是关于规则，还是关于与上帝的关系？,Spiritual Warfare,,基督教 关于 规则 ， 还是 关于 与 上帝 关系 ？
77b60855-add2-488f-b9d9-75dc2d96a5d4,Min,Zhu,Referral,zh,I do not want to follow Jesus,China,Jiangsu,Nanjing,“凭信心行走”在日常生活中意味着什么？,Spiritual Warfare,,“ 凭 信心 行走 ” 日常生活 中 意味着 什么 ？
ab4f7a66-09f9-4db8-9894-0423ddea0239,Xiao,Yang,Event,zh,I am not sure about Jesus,China,Sichuan,Nanjing,我正在经历艰难时期。信仰如何帮助我保持坚强？,Spiritual Warfare,,我 正在 经历 艰难 时期 。 信仰 如何 帮助 我 保持 坚强 ？
f163610b-bbbc-4505-ab5d-eac0197bfb2f,Qiang,Chen,Email,zh,I am not sure about Jesus,China,Beijing,Guangzhou,基督教如何教导关于爱与善良？,Spiritual Warfare,,基督教 如何 教导 关于 爱 与 善良 ？
05c2d8f3-97f6-4fcc-9d9f-ace7a5a6df18,Hao,Ma,Email,zh,I do not want to follow Jesus,China,Shanghai,Beijing,基督徒如何面对苦难？,Spiritual Warfare,,基督徒 如何 面对 苦难 ？
a6d335d8-2e07-45b5-bb2f-b404dad7a60e,Yuan,Zhu,Social Media,zh,Christian - grow in my faith,China,Zhejiang,Nanjing,我觉得自己正被看不见的力量拉离上帝。我该如何坚守我的信仰？,Spiritual Warfare,,我 觉得 自己 正 看不见 力量 拉离 上帝 。 我该 如何 坚守 我 信仰 ？
7d04caaf-e62b-4070-9b88-30a71ef2b276,Hao,Ma,Referral,zh,I do not want to follow Jesus,China,Shanghai,Nanjing,我觉得我的生活一切都在同时出问题。这可能是来自仇敌的攻击吗？,Spiritual Warfare,,我 觉得 我 生活 一切都在 同时 出 问题 。 这 可能 来自 仇敌 攻击 吗 ？
54b5d9f7-719a-429d-be9d-38d4a520e73e,Hao,Yang,Website,zh,I am not sure about Jesus,China,Shanghai,Guangzhou,我想在属灵上成长，但每次尝试都会遇到阻碍。我该如何坚持下去？,Spiritual Warfare,,我 想 属 灵上 成长 ， 但 每次 尝试 会 遇到 阻碍 。 我该 如何 坚持下去 ？
4f8e93b8-e9de-49bc-b17a-d4d3cd40768f,Chen,Huang,Social Media,zh,Christian - grow in my faith,China,Shanghai,Nanjing,我觉得我的祷告被拦阻了。是否有属灵的原因阻止我的祷告得到回应？,Spiritual Warfare,,我 觉得 我 祷告 拦阻 。 属 灵 原因 阻止 我 祷告 得到 回应 ？
20163443-4000-4109-90f8-4fecb268b153,Ying,Li,Website,zh,I do not want to follow Jesus,China,Shanghai,Beijing,我该如何斥责和抵挡魔鬼，而不感到害怕？,Spiritual Warfare,,我该 如何 斥责 抵挡 魔鬼 ， 不 感到 害怕 ？
afcc3437-08cb-4cc1-82bf-9b3b27df6690,Min,Xu,Referral,zh,Christian - grow in my faith,China,Jiangsu,Beijing,有时候我听到一些声音在对我撒谎。我如何知道这是否是属灵争战？,Spiritual Warfare,,有时候 我 听到 一些 声音 对 我 撒谎 。 我 如何 知道 这 是否是 属灵 争战 ？
fd7d0760-1947-4095-bc4e-bbf7a398985e,Xiao,Zhang,Event,zh,I am not sure about Jesus,China,Beijing,Shanghai,每次我打开圣经，我就突然感到疲倦或失去兴趣。这可能是一种属灵攻击吗？,Spiritual Warfare,,每次 我 打开 圣经 ， 我 突然 感到疲倦 失去 兴趣 。 这 可能 一种 属灵 攻击 吗 ？
d80ff1fb-0849-46c5-82ad-0e360aacc874,Feng,Yang,Social Media,zh,I am not sure about Jesus,China,Beijing,Hangzhou,最近我一直感到强烈的怀疑，尽管我知道上帝是真实的。我该如何与疑惑作斗争？,Spiritual Warfare,,最近 我 一直 感到 强烈 怀疑 ， 尽管 我 知道 上帝 真实 。 我该 如何 与 疑惑 作 斗争 ？
4424d783-19af-4f77-9c83-befcf45a0e20,Zhi,Li,Website,zh,Christian - grow in my faith,China,Sichuan,Beijing,我该如何为我的家人和朋友祷告，求属灵保护？,Spiritual Warfare,,我该 如何 为 我 家人 朋友 祷告 ， 求属 灵 保护 ？
1e0f0fea-7e72-4589-bbff-f9411e201d38,Feng,Zhao,Event,zh,I do not want to follow Jesus,China,Sichuan,Hangzhou,我觉得自己在与一个看不见的力量作斗争，它想让我失败。我该如何凭信心克服这一点？,Spiritual Warfare,,我 觉得 自己 与 一个 看不见 力量 作 斗争 ， 它 想 让 我 失败 。 我该 如何 凭 信心 克服 这 一点 ？
a522750d-289d-446d-a958-d35235225a39,Wei,Sun,Referral,zh,I do not want to follow Jesus,China,Jiangsu,Guangzhou,我曾经有坚定的信仰，但现在感觉像是在干旱期。这可能是属灵争战吗？,Spiritual Warfare,,我 曾经 坚定 信仰 ， 但 现在 感觉 像是 干旱期 。 这 可能 属 灵 争战 吗 ？
fc4e2999-4f15-46b3-8fb1-b6070872d01d,Parisa,Kazemi,Referral,fa,I just decided to follow Jesus,Iran,Dushanbe,Dushanbe District,مدتی است که پاک هستم، اما هنوز با خاطرات گذشته‌ام دست و پنجه نرم می‌کنم. چگونه بدون احساس گناه به جلو حرکت کنم؟,Alcoholism and Drug Addiction,,است که پاک هستم هنوز خاطرات گذشته ام دست و پنجه نرم کنم چگونه احساس گناه جلو حرکت کنم
7d2a7924-3ca5-45a0-974e-aad9236e222b,Sahar,Ghasemi,Event,fa,I do not want to follow Jesus,Afghanistan,Kabul,Dushanbe District,اعتیاد من به عنوان راهی برای فرار از دردهایم شروع شد، اما اکنون بر من تسلط دارد. چگونه بگذارم خدا زخم‌هایی را که باعث این وضعیت شد، شفا دهد؟,Alcoholism and Drug Addiction,,اعتیاد من عنوان راهی فرار دردهایم شروع اکنون بر من تسلط چگونه بگذارم خدا زخم که باعث این وضعیت شفا دهد
7e145a48-0336-4ade-892b-97455d8755d0,Azadeh,Ghasemi,Website,fa,I want to come back to Jesus,Afghanistan,Kabul,Isfahan,می‌دانم که باید نوشیدن الکل را متوقف کنم، اما از رویارویی با احساساتم بدون الکل می‌ترسم. چگونه یاد بگیرم که به روش سالم کنار بیایم؟,Alcoholism and Drug Addiction,,دانم که باید نوشیدن الکل متوقف کنم رویارویی احساساتم الکل ترسم چگونه یاد بگیرم که روش سالم کنار بیایم
405b93f8-54c9-491d-8553-463ccbbf67b4,Mahdi,Taheri,Website,fa,I am not sure about Jesus,Tajikistan,Kabul,Isfahan,قبلاً به کلیسا می‌رفتم، اما آن را ترک کردم زیرا احساس می‌کردم که به آنجا تعلق ندارم. آیا واقعاً می‌توانم بعد از همه کارهایی که انجام داده‌ام به ایمان بازگردم؟,Alcoholism and Drug Addiction,,کلیسا رفتم آن ترک کردم زیرا احساس کردم که آنجا تعلق ندارم آیا واقعا توانم همه کارهایی که انجام داده ام ایمان بازگردم
f509e55f-36ce-40da-9921-1b3055e6ab2a,Azadeh,Ranjbar,Event,fa,I do not want to follow Jesus,Afghanistan,Shiraz,Kabul Province,من سعی می‌کنم ترک کنم، اما دوستانم هنوز مشروبات الکلی مصرف می‌کنند و مواد مخدر استفاده می‌کنند. چگونه می‌توانم از روابط ناسالم فاصله بگیرم؟,Alcoholism and Drug Addiction,,من سعی کنم ترک کنم دوستانم هنوز مشروبات الکلی مصرف کنند و مواد مخدر استفاده کنند چگونه توانم روابط ناسالم فاصله بگیرم
2e4f0c37-611e-4e65-a5d3-77246201d0f6,Sahar,Ghasemi,Referral,fa,I want to come back to Jesus,Tajikistan,Isfahan,Dushanbe District,چندین بار به مراکز ترک اعتیاد رفته‌ام و دوباره برگشته‌ام. چگونه باور کنم که این بار می‌تواند متفاوت باشد؟,Alcoholism and Drug Addiction,,چندین بار مراکز ترک اعتیاد رفته ام و دوباره برگشته ام چگونه باور کنم که این بار تواند متفاوت
b7e97437-79e8-4f27-8639-05ac28d96429,Zahra,Shahbazi,Website,fa,I do not want to follow Jesus,Iran,Shiraz,Fars,احساس می‌کنم که خانواده‌ام را ناامید کرده‌ام. چگونه می‌توانم هویت خود را در خدا پیدا کنم، نه در شکست‌هایم؟,Alcoholism and Drug Addiction,,احساس کنم که خانواده ام ناامید کرده ام چگونه توانم هویت خدا پیدا کنم نه شکست هایم
4ee9b568-b801-40f0-a7d9-e6325e1b1a8a,Parisa,Zare,Event,fa,I just decided to follow Jesus,Tajikistan,Kabul,Kabul Province,قبلاً فکر می‌کردم که بر اعتیادم کنترل دارم، اما اکنون متوجه شده‌ام که ندارم. چگونه کاملاً خود را به خدا بسپارم؟,Alcoholism and Drug Addiction,,فکر کردم که بر اعتیادم کنترل دارم اکنون متوجه ام که ندارم چگونه کاملا خدا بسپارم
d59db565-02d6-4182-9179-958b66e6f341,Hossein,Jafari,Email,fa,I am not sure about Jesus,Afghanistan,Mashhad,Fars,به دلیل انتخاب‌های گذشته‌ام سابقه‌ی کیفری دارم. آیا خدا هنوز می‌تواند مرا برای کاری نیکو به کار ببرد؟,Alcoholism and Drug Addiction,,دلیل انتخاب های گذشته ام سابقه ی کیفری دارم آیا خدا هنوز تواند مرا کاری نیکو کار ببرد
e931da1b-a5e9-4c15-bbcb-a78ca51662c7,Hassan,Jafari,Event,fa,I am not sure about Jesus,Tajikistan,Isfahan,Isfahan,هر بار که با وسوسه روبرو می‌شوم، احساس ضعف می‌کنم. چگونه به جای قدرت خودم، به قدرت خدا تکیه کنم؟,Alcoholism and Drug Addiction,,هر بار که وسوسه روبرو شوم احساس ضعف کنم چگونه جای قدرت خودم قدرت خدا تکیه کنم
ada65ac0-1b49-4163-90ac-f7fb6c2f9ee1,Shirin,Moradi,Website,fa,I do not want to follow Jesus,Iran,Isfahan,Tehran,همیشه می‌شنوم که خدا مرا دوست دارد، اما این را احساس نمی‌کنم. چگونه واقعاً به لطف او ایمان بیاورم؟,Alcoholism and Drug Addiction,,همیشه شنوم که خدا مرا دوست این احساس کنم چگونه واقعا لطف او ایمان بیاورم
237d66d6-56a7-4e52-bb91-0a3144a72826,Fatemeh,Taheri,Referral,fa,I do not want to follow Jesus,Iran,Tabriz,East Azerbaijan,در بخشیدن خودم برای تمام دردهایی که به دیگران وارد کرده‌ام، مشکل دارم. چگونه احساس گناه خود را رها کنم؟,Alcoholism and Drug Addiction,,بخشیدن خودم دردهایی که دیگران وارد کرده ام دارم چگونه احساس گناه رها کنم
d6089ff2-05ed-4c09-bb32-042e63ef90e3,Azadeh,Pazoki,Social Media,fa,I do not want to follow Jesus,Tajikistan,Dushanbe,East Azerbaijan,همسرم بسیار با من صبور بوده، اما می‌دانم که او را آزرده‌ام. چگونه با کمک خدا ازدواجمان را بازسازی کنم؟,Alcoholism and Drug Addiction,,همسرم بسیار من صبور بوده دانم که او آزرده ام چگونه کمک خدا ازدواجمان بازسازی کنم
7bf1e82f-9f3d-4e92-8e1c-37bf663969a3,Sahar,Shahbazi,Website,fa,I just decided to follow Jesus,Iran,Dushanbe,Isfahan,به دلیل گذشته‌ام احساس شرم می‌کنم. چگونه کاملاً بخشش خدا را بپذیرم و به جلو حرکت کنم؟,Alcoholism and Drug Addiction,,دلیل گذشته ام احساس شرم کنم چگونه کاملا بخشش خدا بپذیرم و جلو حرکت کنم
de2f985d-17c6-41c3-941f-63620ba4c273,Azadeh,Zare,Event,fa,I just decided to follow Jesus,Afghanistan,Isfahan,Isfahan,به دلیل اعتیادم بسیاری از روابط خود را از دست داده‌ام. چگونه جبران کنم و دوباره از نو شروع کنم؟,Alcoholism and Drug Addiction,,دلیل اعتیادم بسیاری روابط دست داده ام چگونه جبران کنم و دوباره نو شروع کنم
f225ca1e-2765-4cbc-a9b5-ea897ee83a62,Hossein,Fakhri,Social Media,fa,I do not want to follow Jesus,Tajikistan,Isfahan,Razavi Khorasan,نمی‌دانم بدون اعتیاد چه کسی هستم. چگونه هویت خود را در مسیح بازسازی کنم؟,Alcoholism and Drug Addiction,,دانم اعتیاد چه کسی هستم چگونه هویت مسیح بازسازی کنم
c5af5ebd-d990-41ce-bf51-e2aa4e363fc3,Afsaneh,Moradi,Referral,fa,I do not want to follow Jesus,Tajikistan,Tabriz,Dushanbe District,برای فرار از دردم از مواد مخدر استفاده کرده‌ام، اما می‌دانم که این راه‌حل نیست. چگونه اجازه دهم خدا مرا شفا دهد؟,Alcoholism and Drug Addiction,,فرار دردم مواد مخدر استفاده کرده ام دانم که این حل چگونه اجازه دهم خدا مرا شفا دهد
4f7f9326-1fff-4a51-a485-da5e7b811ff0,Reza,Fakhri,Event,fa,I do not want to follow Jesus,Afghanistan,Mashhad,Razavi Khorasan,احساس می‌کنم که مردم هرگز مرا جز یک فرد معتاد نخواهند دید. چگونه زندگی جدید خود را در مسیح بپذیرم؟,Alcoholism and Drug Addiction,,احساس کنم که هرگز مرا جز فرد معتاد نخواهند دید چگونه زندگی جدید مسیح بپذیرم
05f6e789-5410-44b6-b6d4-9e5e7ad67829,Parisa,Rahimi,Referral,fa,I am not sure about Jesus,Iran,Shiraz,Kabul Province,قبلاً یک مؤمن قوی بودم، اما اعتیادم مرا از ایمانم دور کرد. چگونه دوباره با ایمانم ارتباط برقرار کنم؟,Alcoholism and Drug Addiction,,مؤمن قوی اعتیادم مرا ایمانم دور کرد چگونه دوباره ایمانم ارتباط برقرار کنم
546bd4ab-c1a1-4cc5-99f9-70bc5ffd114b,Shahram,Karimi,Website,fa,I do not want to follow Jesus,Afghanistan,Tehran,Kabul Province,خانواده من از نظر مالی دوران بسیار سختی را می‌گذراند و من از آینده می‌ترسم. چگونه می‌توانم در این عدم قطعیت به ایمان خود پایبند بمانم؟,Crisis,,خانواده من نظر مالی دوران بسیار سختی گذراند و من آینده ترسم چگونه توانم این عدم قطعیت ایمان پایبند بمانم
4300a81c-470a-45b6-9738-b2bfa02b85a0,Hossein,Taheri,Website,fa,I am not sure about Jesus,Tajikistan,Mashhad,Fars,احساس می‌کنم که در همه جنبه‌های زندگی شکست خورده‌ام. چگونه می‌توانم زمانی که احساس شکست‌خورده بودن دارم، امید پیدا کنم؟,Crisis,,احساس کنم که همه جنبه های زندگی شکست خورده ام چگونه توانم زمانی که احساس شکست خورده دارم امید پیدا کنم
bc42b838-d69e-4974-b8eb-d67cebe1a13d,Zahra,Taheri,Event,fa,I want to come back to Jesus,Afghanistan,Tabriz,East Azerbaijan,نزدیک‌ترین دوستم را از دست داده‌ام و احساس تنهایی می‌کنم. چگونه می‌توانم باور کنم که خدا با من است وقتی احساس می‌کنم رها شده‌ام؟,Crisis,,نزدیک دوستم دست داده ام و احساس تنهایی کنم چگونه توانم باور کنم که خدا من است وقتی احساس کنم رها ام
3c8be069-3369-4045-9e4c-2e67344a0374,Afsaneh,Ranjbar,Social Media,fa,I do not want to follow Jesus,Tajikistan,Tabriz,Tehran,سال‌هاست که از یک بیماری مزمن رنج می‌برم و این مرا خسته کرده است. چگونه می‌توانم از خدا قدرت بگیرم تا ادامه دهم؟,Crisis,,سال که بیماری مزمن رنج برم و این مرا خسته کرده است چگونه توانم خدا قدرت بگیرم ادامه دهم
c2a2b4ca-8e38-4f17-8a58-d3e679fac297,Reza,Ranjbar,Referral,fa,I just decided to follow Jesus,Tajikistan,Mashhad,Tehran,همسرم مرا ترک کرده و احساس می‌کنم کاملاً شکسته‌ام. چگونه می‌توانم از این دلشکستگی شفا پیدا کنم؟,Crisis,,همسرم مرا ترک کرده و احساس کنم کاملا شکسته ام چگونه توانم این دلشکستگی شفا پیدا کنم
158b859b-9188-48ed-af98-84e8db9f012e,Shahram,Salehi,Website,fa,Christian - grow in my faith,Afghanistan,Shiraz,Razavi Khorasan,تصمیم وحشتناکی گرفتم که به عزیزانم آسیب رساند. چگونه می‌توانم بخشش پیدا کنم و اوضاع را درست کنم؟,Crisis,,تصمیم وحشتناکی گرفتم که عزیزانم آسیب رساند چگونه توانم بخشش پیدا کنم و اوضاع درست کنم
b9026175-9e4f-4075-a5e4-ff34eed9d342,Nima,Jafari,Website,fa,I want to come back to Jesus,Iran,Tehran,Isfahan,مدت زیادی است که دعا می‌کنم تا خدا شرایط من را تغییر دهد، اما به نظر می‌رسد که هیچ اتفاقی نمی‌افتد. چگونه می‌توانم همچنان ایمان داشته باشم؟,Crisis,,مدت زیادی است که دعا کنم خدا شرایط من تغییر دهد نظر رسد که هیچ اتفاقی افتد چگونه توانم همچنان ایمان باشم
cfb276e1-490f-48e7-ba7b-52d6bb1f344f,Leila,Ranjbar,Referral,fa,Christian - grow in my faith,Iran,Tabriz,Fars,احساس می‌کنم که از نظر روحانی کاملاً گم شده‌ام. چگونه می‌توانم راه بازگشت به سوی خدا را پیدا کنم؟,Crisis,,احساس کنم که نظر روحانی کاملا گم ام چگونه توانم بازگشت سوی خدا پیدا کنم
24fd1123-5f57-48fe-a412-c225b1042ebe,Mohammad,Salehi,Event,fa,Christian - grow in my faith,Tajikistan,Isfahan,Isfahan,به خاطر چیزهایی که پشت سر گذاشته‌ام، نسبت به خدا خشم زیادی دارم. چگونه می‌توانم از این کینه دست بکشم و دوباره به او اعتماد کنم؟,Crisis,,خاطر چیزهایی که پشت سر گذاشته ام نسبت خدا خشم زیادی دارم چگونه توانم این کینه دست بکشم و دوباره او اعتماد کنم
11054a5f-0d0f-4479-9c2b-03dc15bec6ef,Shirin,Hosseini,Website,fa,I just decided to follow Jesus,Tajikistan,Kabul,Tehran,احساس می‌کنم که باری بر دوش اطرافیانم هستم. آیا زندگی من واقعاً هدفی دارد؟,Crisis,,احساس کنم که باری بر دوش اطرافیانم هستم آیا زندگی من واقعا هدفی
d4b33fd1-b12a-4e59-89c9-458bc4d199fe,Mahdi,Hosseini,Event,fa,I just decided to follow Jesus,Afghanistan,Mashhad,Dushanbe District,در یک خانواده مسیحی بزرگ شدم، اما احساس می‌کنم که خیلی از ایمانم دور شده‌ام. آیا برای بازگشت من خیلی دیر شده است؟,Crisis,,خانواده مسیحی بزرگ احساس کنم که ایمانم دور ام آیا بازگشت من دیر است
74d0844f-0507-4a6f-8ce3-74960b990ae0,Parisa,Moradi,Event,fa,I am not sure about Jesus,Tajikistan,Kabul,Tehran,به تازگی همه چیزهایی را که برایشان سخت کار کرده بودم از دست داده‌ام و نمی‌دانم چگونه دوباره شروع کنم. چگونه خدا می‌تواند به من کمک کند تا زندگی‌ام را بازسازی کنم؟,Crisis,,تازگی همه چیزهایی که برایشان سخت کار کرده دست داده ام و دانم چگونه دوباره شروع کنم چگونه خدا تواند من کمک کند زندگی ام بازسازی کنم
37beefca-2e08-40ac-adea-b211420af282,Ali,Rahimi,Social Media,fa,I just decided to follow Jesus,Tajikistan,Kabul,Dushanbe District,احساس می‌کنم در یک چرخه بی‌پایان از شکست گیر افتاده‌ام. چگونه می‌توانم از این وضعیت رها شوم و امید پیدا کنم؟,Crisis,,احساس کنم چرخه پایان شکست گیر افتاده ام چگونه توانم این وضعیت رها شوم و امید پیدا کنم
2d84b673-91b4-4647-95b8-fe82e17f559f,Nima,Hosseini,Social Media,fa,I do not want to follow Jesus,Tajikistan,Tehran,Razavi Khorasan,همیشه در حال مبارزه با افکار منفی و تردید به خودم هستم. چگونه می‌توانم این دروغ‌ها را با حقیقت خدا جایگزین کنم؟,Crisis,,همیشه حال مبارزه افکار منفی و تردید خودم هستم چگونه توانم این دروغ حقیقت خدا جایگزین کنم
d9b7c09e-887d-4d9e-abe3-50658460e87e,Shirin,Pazoki,Social Media,fa,Christian - grow in my faith,Tajikistan,Kabul,Razavi Khorasan,احساس می‌کنم که فقط به طور مکانیکی زندگی را می‌گذرانم. چگونه می‌توانم دوباره شادی و هدف پیدا کنم؟,Crisis,,احساس کنم که طور مکانیکی زندگی گذرانم چگونه توانم دوباره شادی و هدف پیدا کنم
41ff9806-2ea1-4e40-8167-9d0355b3aea4,Hossein,Ahmadi,Event,fa,I want to come back to Jesus,Afghanistan,Shiraz,Dushanbe District,از کسی که به او اعتماد داشتم به شدت آسیب دیدم و حالا نمی‌توانم به کسی اعتماد کنم. چگونه می‌توانم به جلو حرکت کنم؟,Crisis,,کسی که او اعتماد شدت آسیب دیدم و حالا توانم کسی اعتماد کنم چگونه توانم جلو حرکت کنم
69a0d72a-233d-488b-9790-18583aae1d99,Maryam,Eskandari,Referral,fa,Christian - grow in my faith,Tajikistan,Dushanbe,Fars,از آینده وحشت دارم. چگونه می‌توانم زمانی که نمی‌دانم چه چیزی در پیش است، آرامش پیدا کنم؟,Crisis,,آینده وحشت دارم چگونه توانم زمانی که دانم چه چیزی پیش است آرامش پیدا کنم
a31d2cfe-5caf-46df-bbc6-54e446cf9894,Leila,Zare,Website,fa,I am not sure about Jesus,Tajikistan,Isfahan,Fars,احساس می‌کنم که از همه اطرافیانم جدا شده‌ام. چگونه می‌توانم دوباره روابط معنادار ایجاد کنم؟,Crisis,,احساس کنم که همه اطرافیانم جدا ام چگونه توانم دوباره روابط معنادار ایجاد کنم
98b96b75-db95-40a2-b6b1-7621465c20b7,Ali,Jafari,Email,fa,I want to come back to Jesus,Afghanistan,Tabriz,Tehran,احساس می‌کنم که در ازدواجم همه کارها را خودم انجام می‌دهم و همسرم تلاشی نمی‌کند. چگونه می‌توانم با این ناامیدی کنار بیایم؟,Family and Marriage,,احساس کنم که ازدواجم همه کارها خودم انجام دهم و همسرم تلاشی کند چگونه توانم این ناامیدی کنار بیایم
456bbc83-6a6b-44b1-82ef-b8e700780182,Amir,Mohammadi,Referral,fa,I want to come back to Jesus,Iran,Shiraz,Razavi Khorasan,والدینم ازدواج من را تأیید نمی‌کنند و این باعث ایجاد تنش بین ما شده است. چگونه می‌توانم این مسئله را با خرد و درایت مدیریت کنم؟,Family and Marriage,,والدینم ازدواج من تأیید کنند و این باعث ایجاد تنش بین ما است چگونه توانم این مسئله خرد و درایت مدیریت کنم
b0196c62-16a7-4f9f-93fd-4bc4aa355bf7,Parisa,Eskandari,Website,fa,Christian - grow in my faith,Afghanistan,Kabul,Dushanbe District,همسرم عشق را به روشی که من نیاز دارم نشان نمی‌دهد، اما می‌دانم که او به من اهمیت می‌دهد. چگونه می‌توانیم زبان عشق یکدیگر را درک کنیم؟,Family and Marriage,,همسرم عشق روشی که من نیاز دارم نشان دهد دانم که او من اهمیت دهد چگونه توانیم زبان عشق یکدیگر درک کنیم
2829b081-ddd6-46ab-8db0-9fd1b99cb727,Sahar,Ebrahimi,Website,fa,I just decided to follow Jesus,Tajikistan,Mashhad,Fars,ما اختلاف نظر بزرگی داشتیم و همسرم با من صحبت نمی‌کند. چگونه می‌توانم سکوت را بشکنم و ما را دوباره به هم نزدیک کنم؟,Family and Marriage,,ما اختلاف نظر بزرگی داشتیم و همسرم من صحبت کند چگونه توانم سکوت بشکنم و ما دوباره هم نزدیک کنم
eeda5ff8-9132-4565-9ac7-60741928e7db,Leila,Fakhri,Social Media,fa,Christian - grow in my faith,Iran,Tehran,Kabul Province,احساس گناه می‌کنم چون کار را به خانواده‌ام ترجیح می‌دهم. چگونه می‌توانم مسئولیت‌های خود را با همسر و والدین خوبی بودن متعادل کنم؟,Family and Marriage,,احساس گناه کنم چون کار خانواده ام ترجیح دهم چگونه توانم مسئولیت های همسر و والدین خوبی متعادل کنم
0dcac5e3-6a7a-4c40-9090-ff68eccb1fd6,Shahram,Ranjbar,Email,fa,I want to come back to Jesus,Iran,Tabriz,Kabul Province,فرزندم در حال گذراندن یک دوره سرکشی است و احساس می‌کنم که در نقش والدین شکست خورده‌ام. چگونه می‌توانم صبور و مهربان بمانم؟,Family and Marriage,,فرزندم حال گذراندن دوره سرکشی است و احساس کنم که نقش والدین شکست خورده ام چگونه توانم صبور و مهربان بمانم
da62bd93-c2be-4c94-a898-e21f1ababf7a,Azadeh,Fakhri,Website,fa,Christian - grow in my faith,Afghanistan,Mashhad,Kabul Province,ما قبلاً به عنوان یک خانواده با هم کتاب مقدس را می‌خواندیم، اما متوقف شدیم. چگونه می‌توانم این کار را دوباره به عادت تبدیل کنم بدون اینکه حس اجبار ایجاد شود؟,Family and Marriage,,ما عنوان خانواده هم کتاب مقدس خواندیم متوقف شدیم چگونه توانم این کار دوباره عادت تبدیل کنم اینکه حس اجبار ایجاد
158801b9-82be-4160-8f96-040305584a2a,Zahra,Shahbazi,Website,fa,I just decided to follow Jesus,Iran,Tabriz,Razavi Khorasan,احساس می‌کنم که همسرم و من به جای همکاری، دائماً با یکدیگر رقابت می‌کنیم. چگونه می‌توانیم دوباره یک تیم شویم؟,Family and Marriage,,احساس کنم که همسرم و من جای همکاری دائما یکدیگر رقابت کنیم چگونه توانیم دوباره تیم شویم
7e82295d-b841-490f-810f-e40c8ea65d56,Azadeh,Farhadi,Social Media,fa,I do not want to follow Jesus,Iran,Isfahan,Kabul Province,من درگیر یک رابطه عاطفی شده بودم و عمیقاً از آن پشیمانم. چگونه می‌توانم از همسرم و خدا طلب بخشش کنم؟,Family and Marriage,,من درگیر رابطه عاطفی و عمیقا آن پشیمانم چگونه توانم همسرم و خدا طلب بخشش کنم
661aa87b-e079-4a03-8709-dadab99a563e,Sina,Eskandari,Event,fa,I want to come back to Jesus,Iran,Dushanbe,Dushanbe District,همسرم آن‌قدر درگیر کارش است که احساس می‌کنم نامرئی شده‌ام. چگونه می‌توانم نیازهایم را بیان کنم بدون اینکه محتاج به نظر برسم؟,Family and Marriage,,همسرم آن قدر درگیر کارش است که احساس کنم نامرئی ام چگونه توانم نیازهایم بیان کنم اینکه محتاج نظر برسم
2be13eb2-b816-4afa-850e-becfc954bb96,Amir,Taheri,Referral,fa,I do not want to follow Jesus,Iran,Isfahan,Tehran,مشکلات مالی باعث ایجاد استرس زیادی در ازدواجمان شده است. چگونه می‌توانیم از نظر مالی در یک مسیر مشترک قرار بگیریم و به خدا برای نیازهایمان اعتماد کنیم؟,Family and Marriage,,مالی باعث ایجاد استرس زیادی ازدواجمان است چگونه توانیم نظر مالی مسیر مشترک بگیریم و خدا نیازهایمان اعتماد کنیم
975ed5b8-bf48-4c2d-8dd4-6588014c0bd4,Hassan,Shahbazi,Email,fa,I am not sure about Jesus,Tajikistan,Tehran,Isfahan,می‌خواهم یک گروه دعای زوجین در جامعه خود راه‌اندازی کنم. چه توصیه‌ای برای رهبری چنین گروهی دارید؟,Family and Marriage,,خواهم گروه دعای زوجین جامعه اندازی کنم چه توصیه ای رهبری چنین گروهی دارید
42e60e55-aa32-4cb4-bb7e-122c90fe4276,Parisa,Ebrahimi,Website,fa,I am not sure about Jesus,Afghanistan,Shiraz,Razavi Khorasan,دختر نوجوانم با فردی که ایمان ما را ندارد، در رابطه است. چگونه می‌توانم او را راهنمایی کنم بدون اینکه او را از خود برانم؟,Family and Marriage,,دختر نوجوانم فردی که ایمان ما رابطه است چگونه توانم او راهنمایی کنم اینکه او برانم
b268178e-3733-4a7b-a82f-c8d029f62283,Shahram,Farhadi,Email,fa,I do not want to follow Jesus,Tajikistan,Tehran,Isfahan,۲۰ سال است که ازدواج کرده‌ایم و احساس می‌کنم که جرقه عشقمان از بین رفته است. چگونه می‌توانیم عشقمان را دوباره شعله‌ور کنیم؟,Family and Marriage,,۲۰ سال است که ازدواج کرده ایم و احساس کنم که جرقه عشقمان بین رفته است چگونه توانیم عشقمان دوباره شعله ور کنیم
9ebfb975-af89-48c3-8f4f-2eb1720f1d2a,Shirin,Shahbazi,Website,fa,I am not sure about Jesus,Afghanistan,Dushanbe,Kabul Province,همسرم هنگام بحث و مشاجره به کلی سکوت می‌کند و نمی‌دانم چگونه با او ارتباط برقرار کنم. چگونه می‌توانم به شیوه‌ای متفاوت به حل تعارض بپردازم؟,Family and Marriage,,همسرم هنگام بحث و مشاجره کلی سکوت کند و دانم چگونه او ارتباط برقرار کنم چگونه توانم شیوه ای متفاوت حل تعارض بپردازم
58b0921d-671e-40bc-94fa-3fab1c0ba331,Parisa,Karimi,Event,fa,I just decided to follow Jesus,Tajikistan,Isfahan,Dushanbe District,ما خیلی جوان ازدواج کردیم و حالا احساس می‌کنیم که به دلیل تغییرات زیاد در زندگی، در حال فاصله گرفتن از یکدیگر هستیم. چگونه می‌توانیم به جای دور شدن، با هم رشد کنیم؟,Family and Marriage,,ما جوان ازدواج کردیم و حالا احساس کنیم که دلیل تغییرات زیاد زندگی حال فاصله گرفتن یکدیگر هستیم چگونه توانیم جای دور هم رشد کنیم
487c70ff-8bc2-4b83-a24c-5d26f67b8668,Azadeh,Eskandari,Referral,fa,I just decided to follow Jesus,Afghanistan,Dushanbe,Fars,من اخیراً مسیحی شده‌ام، اما همسرم نسبت به این موضوع تردید دارد. چگونه باید بدون حضور او در ایمانم رشد کنم؟,Family and Marriage,,من اخیرا مسیحی ام همسرم نسبت این موضوع تردید چگونه باید حضور او ایمانم رشد کنم
b59c222f-f078-4b56-a890-1c38cc509202,Hossein,Taheri,Event,fa,I do not want to follow Jesus,Iran,Tabriz,Tehran,به نظر می‌رسد که بچه‌دار شدن برای ما امکان‌پذیر نیست. چگونه می‌توانم این مسئله را از دیدگاه خدا درک کنم؟,Family and Marriage,,نظر رسد که بچه دار ما امکان پذیر چگونه توانم این مسئله دیدگاه خدا درک کنم
b62ed395-7029-4bf2-a5f6-d7dd9431370a,Mohammad,Jafari,Website,fa,I want to come back to Jesus,Tajikistan,Tehran,Isfahan,احساس می‌کنم که والدین خوبی نیستم. چگونه می‌توانم فرزندانم را طوری تربیت کنم که خدا را دوست داشته باشند و دچار آسیب روحی نشوند؟,Family and Marriage,,احساس کنم که والدین خوبی نیستم چگونه توانم فرزندانم طوری تربیت کنم که خدا دوست باشند و دچار آسیب روحی نشوند
05580a8b-c59b-4b72-852d-239d197c16df,Parisa,Fakhri,Referral,fa,I want to come back to Jesus,Tajikistan,Isfahan,Fars,همسرم و من در حال فکر کردن به طلاق هستیم.,Family and Marriage,,همسرم و من حال فکر کردن طلاق هستیم
d86aae41-d1be-4c85-8cf2-f739e2d443aa,Azadeh,Jafari,Social Media,fa,I want to come back to Jesus,Iran,Mashhad,Kabul Province,چگونه می‌توانیم در ایمان با هم رشد کنیم؟ به نظر می‌رسد که فقط در حال فاصله گرفتن از یکدیگر هستیم.,Family and Marriage,,چگونه توانیم ایمان هم رشد کنیم نظر رسد که حال فاصله گرفتن یکدیگر هستیم
027f0e74-d1a9-481f-8d7e-3865e0ce5670,Maryam,Shahbazi,Website,fa,I just decided to follow Jesus,Iran,Isfahan,Isfahan,مسیحیت درباره کنار آمدن با گناه و پشیمانی چه می‌گوید؟,General,,مسیحیت درباره کنار آمدن گناه و پشیمانی چه گوید
d0868dd1-c20d-474a-8ac2-f4a7ad4c5256,Mohammad,Karimi,Event,fa,I do not want to follow Jesus,Iran,Tabriz,Dushanbe District,چرا ایمان مهم است، حتی زمانی که همه پاسخ‌ها را نداریم؟,General,,چرا ایمان مهم است زمانی که همه پاسخ نداریم
14dbea30-867f-4b80-8729-6c0b224dcffb,Parisa,Ghasemi,Email,fa,I do not want to follow Jesus,Tajikistan,Dushanbe,Kabul Province,چگونه می‌توانم از ایمانم برای تأثیر مثبت بر اطرافیانم استفاده کنم؟,General,,چگونه توانم ایمانم تأثیر مثبت بر اطرافیانم استفاده کنم
8381e713-3270-46a5-8ea2-f4d5ba3ea283,Nima,Ahmadi,Website,fa,I want to come back to Jesus,Afghanistan,Tehran,Razavi Khorasan,مسیحیت درباره امید چه تعلیمی می‌دهد و چگونه می‌توانم در زمان‌های سخت به آن پایبند بمانم؟,General,,مسیحیت درباره امید چه تعلیمی دهد و چگونه توانم زمان های سخت آن پایبند بمانم
191de794-807b-4501-ad9e-065e34e9ea7c,Shahram,Ghasemi,Email,fa,Christian - grow in my faith,Tajikistan,Tabriz,Fars,اگر خدا خوب است، چرا در دنیا این‌قدر شرارت وجود دارد؟,General,,خدا خوب است چرا دنیا این قدر شرارت
5ac0c123-f140-40ed-9149-ef1b1c7944db,Maryam,Taheri,Event,fa,I want to come back to Jesus,Tajikistan,Shiraz,Fars,چگونه می‌توانم تعالیم مسیحی را در کار و روابط روزمره خود به کار ببرم؟,General,,چگونه توانم تعالیم مسیحی کار و روابط روزمره کار ببرم
e661af15-7154-497d-9d09-799617a9a7b1,Ali,Pazoki,Event,fa,I want to come back to Jesus,Tajikistan,Tabriz,Razavi Khorasan,می‌خواهم زندگی‌ام را به خدا تقدیم کنم. چه مراحلی را باید طی کنم؟,General,,خواهم زندگی ام خدا تقدیم کنم چه مراحلی باید کنم
745a556f-3c65-4c49-a052-926ecc09f33f,Reza,Pazoki,Website,fa,Christian - grow in my faith,Afghanistan,Isfahan,Tehran,آیا هنوز هم می‌توانم به سوی خدا بازگردم، حتی اگر سال‌ها او را نادیده گرفته باشم؟,General,,آیا هنوز هم توانم سوی خدا بازگردم سال او نادیده گرفته باشم
5e010633-6ec1-4207-9c36-5533d264afc5,Ali,Moradi,Social Media,fa,I am not sure about Jesus,Afghanistan,Shiraz,Kabul Province,نقش جامعه و مشارکت در مسیحیت چیست؟,General,,نقش جامعه و مشارکت مسیحیت چیست
c396159a-ec66-4843-bba9-4a36c506a2af,Ali,Ranjbar,Social Media,fa,I am not sure about Jesus,Iran,Shiraz,Tehran,چگونه می‌توانم یک رابطه شخصی با عیسی مسیح ایجاد کنم؟,General,,چگونه توانم رابطه شخصی عیسی مسیح ایجاد کنم
397273e7-20a9-4b8a-9dec-2671927421e5,Shahram,Pazoki,Event,fa,I just decided to follow Jesus,Tajikistan,Shiraz,Dushanbe District,می‌خواهم سفر ایمانی خود را آغاز کنم، اما نمی‌دانم از کجا شروع کنم. آیا می‌توانید مرا راهنمایی کنید؟,General,,خواهم سفر ایمانی آغاز کنم دانم کجا شروع کنم آیا توانید مرا راهنمایی کنید
acaabf3f-0a24-4f97-96d9-1e015bc2980b,Afsaneh,Eskandari,Website,fa,I do not want to follow Jesus,Tajikistan,Shiraz,Dushanbe District,تسلیم کردن کامل زندگی به خدا واقعاً چه معنایی دارد؟,General,,تسلیم کردن کامل زندگی خدا واقعا چه معنایی
525ce4ee-9dc9-4e4a-8ddb-1b30fd28b503,Afsaneh,Pazoki,Event,fa,I want to come back to Jesus,Afghanistan,Mashhad,Kabul Province,گاهی احساس می‌کنم که دعاهایم بی‌پاسخ می‌مانند. آیا خدا هنوز هم صدای مرا می‌شنود؟,General,,گاهی احساس کنم که دعاهایم پاسخ آیا خدا هنوز هم صدای مرا شنود
925a5da4-d3cc-4cfb-a303-50fd364a76cf,Leila,Jafari,Email,fa,I am not sure about Jesus,Tajikistan,Shiraz,East Azerbaijan,می‌خواهم بیشتر به خدا اعتماد کنم، اما همچنان درباره آینده‌ام نگرانم. چگونه می‌توانم ایمان قوی‌تری ایجاد کنم؟,General,,خواهم بیشتر خدا اعتماد کنم همچنان درباره آینده ام نگرانم چگونه توانم ایمان قوی تری ایجاد کنم
9968dc85-0f95-4889-8d68-0bb22fac428f,Shirin,Taheri,Email,fa,Christian - grow in my faith,Afghanistan,Shiraz,Tehran,مسیحیت درباره یافتن آرامش درونی در دنیای پرآشوب چه تعلیمی می‌دهد؟,General,,مسیحیت درباره یافتن آرامش درونی دنیای پرآشوب چه تعلیمی دهد
1c5439b4-2f30-49e0-8252-c4e6930a09af,Sina,Hosseini,Referral,fa,I just decided to follow Jesus,Tajikistan,Shiraz,Tehran,احساس می‌کنم که به دلیل اشتباهات گذشته‌ام شایسته محبت خدا نیستم. چگونه می‌توانم بخشش او را بپذیرم؟,General,,احساس کنم که دلیل اشتباهات گذشته ام شایسته محبت خدا نیستم چگونه توانم بخشش او بپذیرم
91fc98b4-94b2-4653-9d35-b3f9200ac370,Sahar,Sadeghi,Email,fa,Christian - grow in my faith,Iran,Mashhad,Dushanbe District,اغلب احساس تنهایی می‌کنم، حتی زمانی که در میان مردم هستم. آیا یک رابطه با خدا می‌تواند این خلأ را پر کند؟,General,,اغلب احساس تنهایی کنم زمانی که میان هستم آیا رابطه خدا تواند این خلأ پر کند
1a56205c-de40-4333-a370-9bedf731159d,Zahra,Zare,Referral,fa,I want to come back to Jesus,Afghanistan,Kabul,Razavi Khorasan,من با خشم و کینه مشکل دارم. کتاب مقدس چگونه به ما آموزش می‌دهد که با این احساسات کنار بیاییم؟,General,,من خشم و کینه دارم کتاب مقدس چگونه ما آموزش دهد که این احساسات کنار بیاییم
94111e59-cc53-4d02-b737-fa22e69566ad,Nasrin,Farhadi,Social Media,fa,I just decided to follow Jesus,Iran,Dushanbe,Dushanbe District,چگونه می‌توانم بدانم که خدا با من سخن می‌گوید یا اینکه فقط افکار خودم هستند؟,General,,چگونه توانم بدانم که خدا من سخن گوید یا اینکه افکار خودم هستند
fd5884ef-cdec-4dc2-b242-f3e797851921,Leila,Pazoki,Referral,fa,I just decided to follow Jesus,Iran,Kabul,Dushanbe District,روح‌القدس چه نقشی در زندگی روزمره یک مسیحی دارد؟,General,,روح القدس چه نقشی زندگی روزمره مسیحی
0b17b606-66f6-40d7-98d6-e8b813018776,Ali,Kazemi,Social Media,fa,I just decided to follow Jesus,Iran,Dushanbe,Razavi Khorasan,می‌خواهم ایمانم را با دیگران به اشتراک بگذارم، اما از قضاوت شدن می‌ترسم. چگونه می‌توانم در باورهایم شجاع باشم؟,General,,خواهم ایمانم دیگران اشتراک بگذارم قضاوت ترسم چگونه توانم باورهایم شجاع باشم
20dbf012-066a-4da9-ab27-97f454a1f932,Leila,Moradi,Referral,fa,I want to come back to Jesus,Iran,Isfahan,Dushanbe District,اغلب احساس می‌کنم که از خدا دور هستم، حتی زمانی که سعی می‌کنم دعا کنم. چگونه می‌توانم رابطه نزدیک‌تری با او برقرار کنم؟,General,,اغلب احساس کنم که خدا دور هستم زمانی که سعی کنم دعا کنم چگونه توانم رابطه نزدیک تری او برقرار کنم
1c61f23d-d03c-4375-817c-514ee92ff3a8,Amir,Eskandari,Referral,fa,I want to come back to Jesus,Iran,Mashhad,East Azerbaijan,چگونه می‌توانم در ایمانم قوی بمانم وقتی زندگی احساس طاقت‌فرسا بودن دارد؟,General,,چگونه توانم ایمانم قوی بمانم وقتی زندگی احساس طاقت فرسا
d0dd5c4a-236d-4ee1-90ca-fb1cf33ddcd7,Ali,Karimi,Event,fa,I am not sure about Jesus,Afghanistan,Dushanbe,Fars,افرادی در کلیسا قبلاً به من آسیب رسانده‌اند. چگونه می‌توانم شفا پیدا کنم و دوباره اعتماد کنم؟,General,,افرادی کلیسا من آسیب رسانده اند چگونه توانم شفا پیدا کنم و دوباره اعتماد کنم
33baffab-2306-40e3-9056-2476a783bdda,Shahram,Ahmadi,Social Media,fa,I want to come back to Jesus,Tajikistan,Isfahan,Isfahan,می‌خواهم در ایمانم رشد کنم، اما احساس می‌کنم درجا می‌زنم. چه روش‌های عملی برای تقویت رابطه‌ام با خدا وجود دارد؟,General,,خواهم ایمانم رشد کنم احساس کنم درجا زنم چه روش های عملی تقویت رابطه ام خدا
e9e96ccc-bdf8-40a8-aff3-3ec79435250b,Sahar,Sadeghi,Referral,fa,I want to come back to Jesus,Iran,Shiraz,Dushanbe District,من متوجه نمی‌شوم که چگونه باید دعا کنیم؟ به خدا؟ به عیسی؟,General,,من متوجه شوم که چگونه باید دعا کنیم خدا عیسی
5b831d88-3902-4453-8332-9ee64b168859,Parisa,Zare,Social Media,fa,I just decided to follow Jesus,Afghanistan,Dushanbe,Razavi Khorasan,من هیچ دوست مسیحی ندارم. آن‌ها به خاطر اعتقاداتم مرا مسخره می‌کنند. نمی‌دانم چه کنم چون نمی‌خواهم تنها بمانم.,General,,من هیچ دوست مسیحی ندارم آن خاطر اعتقاداتم مرا مسخره کنند دانم چه کنم چون خواهم بمانم
f60df7a5-1da1-417f-bc56-949761f2ef6e,Zahra,Ahmadi,Email,fa,I am not sure about Jesus,Tajikistan,Kabul,Isfahan,همیشه وسوسه می‌شوم کارهایی را انجام دهم که می‌دانم اشتباه است. چگونه می‌توانم در برابر این وسوسه‌ها مقاومت کنم وقتی بسیار قوی به نظر می‌رسند؟,Spiritual Warfare,,همیشه وسوسه شوم کارهایی انجام دهم که دانم اشتباه است چگونه توانم برابر این وسوسه مقاومت کنم وقتی بسیار قوی نظر رسند
fadafc4d-948d-4d70-86d6-f172e7e35784,Fatemeh,Sadeghi,Website,fa,I do not want to follow Jesus,Tajikistan,Shiraz,East Azerbaijan,احساس می‌کنم که به من دروغ گفته می‌شود، اما نمی‌دانم چگونه حقیقت را از فریب تشخیص دهم. چگونه می‌توانم صدای خدا را بشناسم؟,Spiritual Warfare,,احساس کنم که من دروغ گفته دانم چگونه حقیقت فریب تشخیص دهم چگونه توانم صدای خدا بشناسم
b0ac7481-1989-4c05-8f4f-f935eecb2ea4,Sina,Farhadi,Website,fa,Christian - grow in my faith,Afghanistan,Tehran,East Azerbaijan,می‌خواهم روزه بگیرم و دعا کنم، اما احساس می‌کنم که انضباط کافی ندارم. چگونه می‌توانم متعهد بمانم؟,Spiritual Warfare,,خواهم روزه بگیرم و دعا کنم احساس کنم که انضباط کافی ندارم چگونه توانم متعهد بمانم
238e16a4-7904-4ea3-a220-b25384ffa0ee,Nima,Rahimi,Referral,fa,I am not sure about Jesus,Tajikistan,Tehran,East Azerbaijan,مدتی است که با کابوس‌هایی دست‌وپنجه نرم می‌کنم که مرا کاملاً خسته می‌کنند. آیا این می‌تواند یک جنگ روحانی باشد؟,Spiritual Warfare,,است که کابوس دست وپنجه نرم کنم که مرا کاملا خسته کنند آیا این تواند جنگ روحانی
c917245f-3573-4faa-ad81-0c041fa2525f,Shahram,Farhadi,Event,fa,I am not sure about Jesus,Afghanistan,Isfahan,Fars,چگونه می‌توانم پیروزی را در زندگی‌ام اعلام کنم وقتی احساس می‌کنم کاملاً شکست خورده‌ام؟,Spiritual Warfare,,چگونه توانم پیروزی زندگی ام اعلام کنم وقتی احساس کنم کاملا شکست خورده ام
8155437c-4d18-400b-aabb-65dc323418b5,Parisa,Farhadi,Referral,fa,I just decided to follow Jesus,Tajikistan,Tabriz,Kabul Province,می‌خواهم در ایمانم شجاع باشم، اما از صحبت کردن درباره آن می‌ترسم. چگونه می‌توانم بر این ترس غلبه کنم؟,Spiritual Warfare,,خواهم ایمانم شجاع باشم صحبت کردن درباره آن ترسم چگونه توانم بر این ترس غلبه کنم
b8cc1144-c615-4461-a76d-e7aae2d0ac08,Maryam,Sadeghi,Event,fa,I want to come back to Jesus,Afghanistan,Tabriz,Razavi Khorasan,احساس می‌کنم هر بار که سعی می‌کنم به دیگران در رشد روحانی کمک کنم، مورد حمله قرار می‌گیرم. چگونه می‌توانم قوی بمانم؟,Spiritual Warfare,,احساس کنم هر بار که سعی کنم دیگران رشد روحانی کمک کنم مورد حمله گیرم چگونه توانم قوی بمانم
1b91ebe5-9125-4149-999f-bce5895e1347,Nima,Zare,Website,fa,I want to come back to Jesus,Afghanistan,Isfahan,Kabul Province,احساس می‌کنم هر بار که قدمی به سوی خدا برمی‌دارم، چیزی مرا به عقب می‌کشد. چگونه می‌توانم قوی بمانم؟,Spiritual Warfare,,احساس کنم هر بار که قدمی سوی خدا برمی دارم چیزی مرا عقب کشد چگونه توانم قوی بمانم
4e8f51de-2fbf-46f5-9874-07544b8bf60a,Leila,Rahimi,Referral,fa,I am not sure about Jesus,Afghanistan,Kabul,Dushanbe District,مدتی است که احساس ناامیدی غیرعادی دارم. چگونه می‌توانم بفهمم که آیا این یک حمله روحانی است؟,Spiritual Warfare,,است که احساس ناامیدی غیرعادی دارم چگونه توانم بفهمم که آیا این حمله روحانی است
6c0c6c3f-72e6-4344-8cfe-280e9e37dc0b,Leila,Ghasemi,Event,fa,I do not want to follow Jesus,Tajikistan,Tabriz,Tehran,می‌خواهم در ایمانم رشد کنم، اما احساس می‌کنم همیشه چیزی در مسیر من قرار دارد. چگونه می‌توانم بر این موانع غلبه کنم؟,Spiritual Warfare,,خواهم ایمانم رشد کنم احساس کنم همیشه چیزی مسیر من چگونه توانم بر این موانع غلبه کنم
03c48e8f-24c0-4882-9f5a-194106b10f15,Leila,Salehi,Event,fa,Christian - grow in my faith,Afghanistan,Shiraz,Fars,گاهی اوقات احساس ترس عمیقی دارم بدون هیچ دلیل مشخصی. آیا این می‌تواند یک جنگ روحانی باشد؟,Spiritual Warfare,,گاهی اوقات احساس ترس عمیقی دارم هیچ دلیل مشخصی آیا این تواند جنگ روحانی
149adb5b-5be7-4152-bb6f-e91c96bab7b8,Reza,Moradi,Social Media,fa,I do not want to follow Jesus,Afghanistan,Dushanbe,East Azerbaijan,متوجه شده‌ام که وقتی دعا می‌کنم، ناگهان احساس خستگی شدیدی می‌کنم. آیا این یک حمله روحانی است؟,Spiritual Warfare,,متوجه ام که وقتی دعا کنم ناگهان احساس خستگی شدیدی کنم آیا این حمله روحانی است
52f0ceeb-8ee2-43ff-a3f1-dc7cfa65ffce,Fatemeh,Hosseini,Event,fa,I do not want to follow Jesus,Tajikistan,Mashhad,Dushanbe District,هر بار که سعی می‌کنم به کلیسا بروم، اتفاقی می‌افتد که مانع آن می‌شود. آیا ممکن است این کار دشمن برای متوقف کردن من باشد؟,Spiritual Warfare,,هر بار که سعی کنم کلیسا بروم اتفاقی افتد که مانع آن آیا است این کار دشمن متوقف کردن من
4a06f241-69f5-452d-9df0-ce89ed41facc,Maryam,Karimi,Event,fa,I just decided to follow Jesus,Afghanistan,Isfahan,Isfahan,اخیراً شک‌های زیادی درباره وجود خدا در ذهنم ایجاد شده است. چگونه می‌توانم با این افکار بجنگم؟,Spiritual Warfare,,اخیرا شک های زیادی درباره خدا ذهنم ایجاد است چگونه توانم این افکار بجنگم
a8eaccc1-993e-4c17-ae79-5f54d6b09f0e,Hassan,Jafari,Referral,fa,I am not sure about Jesus,Iran,Mashhad,East Azerbaijan,مدتی است که با عصبانیت و ناامیدی بی‌دلیل دست‌وپنجه نرم می‌کنم. آیا این می‌تواند یک حمله روحانی باشد؟,Spiritual Warfare,,است که عصبانیت و ناامیدی دلیل دست وپنجه نرم کنم آیا این تواند حمله روحانی
1a2b3c4d5e6f7g8h9i0j,Pierre,Moreau,Email,fr,Christian - grow in my faith,France,Île-de-France,Paris,"""I have been struggling with alcohol for years, and I need strength to overcome it.""",alcoholism and drug addiction,,i have been struggling with alcohol for years and i need strength to overcome it
2b3c4d5e6f7g8h9i0j1a,Jacques,Dubois,Website,fr,I am not sure about Jesus,Canada,Québec,Quebec,"""I lost my family because of drugs, and I am searching for a new beginning.""",alcoholism and drug addiction,,i lost my family because of drugs and i am searching for a new beginning
3c4d5e6f7g8h9i0j1a2b,Sophie,Lefevre,Social Media,fr,I just decided to follow Jesus,Belgium,Wallonia,Liège,"""I have tried to quit drinking many times, but I always relapse. Please help me.""",alcoholism and drug addiction,,i have tried to quit drinking many times but i always relapse please help
4d5e6f7g8h9i0j1a2b3c,Alain,Bernard,Referral,fr,I want to come back to Jesus,Switzerland,Vaud,Lausanne,"""Addiction has taken everything from me. I need guidance to rebuild my life.""",alcoholism and drug addiction,,addiction has taken everything from i need guidance to rebuild my life
5e6f7g8h9i0j1a2b3c4d,Chloé,Fontaine,Email,fr,I do not want to follow Jesus,France,Provence,Marseille,"""I drink to escape my problems, but I know it's destroying me. I don’t know what to do.""",alcoholism and drug addiction,,i drink to escape my problems but i know it destroying i don know what to do
6f7g8h9i0j1a2b3c4d5e,Luc,Martin,Website,fr,Christian - grow in my faith,Canada,Ontario,Toronto,"""My faith helps, but I still battle addiction daily. I need prayers and support.""",alcoholism and drug addiction,,my faith helps but i still battle addiction daily i need prayers and support
7g8h9i0j1a2b3c4d5e6f,Élodie,Rousseau,Social Media,fr,I am not sure about Jesus,Belgium,Flanders,Antwerp,"""I started using drugs to feel alive, but now I feel empty. Can faith help me?""",alcoholism and drug addiction,,i started using drugs to feel alive but now i feel empty can faith help
8h9i0j1a2b3c4d5e6f7g,Mathieu,Chevalier,Referral,fr,I just decided to follow Jesus,France,Brittany,Rennes,"""I have been sober for a month, but I fear falling back. I need strength.""",alcoholism and drug addiction,,i have been sober for a month but i fear falling back i need strength
9i0j1a2b3c4d5e6f7g8h,Isabelle,Laurent,Email,fr,I want to come back to Jesus,Switzerland,Geneva,Geneva,"""I lost faith when addiction took hold. Now, I want to believe again.""",alcoholism and drug addiction,,i lost faith when addiction took hold now i want to believe again
0j1a2b3c4d5e6f7g8h9i,Théo,Dupont,Website,fr,I do not want to follow Jesus,Canada,Quebec,Montreal,"""Rehab didn't work for me. I feel lost and don't know where to turn.""",alcoholism and drug addiction,,rehab didn work for i feel lost and don know where to turn
1a3b5d7f9h0j2c4e6g8i,Camille,Petit,Social Media,fr,Christian - grow in my faith,Belgium,Brussels,Brussels,"""I want to help others struggling with addiction, but I still battle my own demons.""",alcoholism and drug addiction,,i want to help others struggling with addiction but i still battle my own demons
2b4d6f8h0j1c3e5g7i9a,Hugo,Girard,Referral,fr,I am not sure about Jesus,France,Normandy,Rouen,"""I thought I had control over drinking, but now it controls me. Can I be saved?""",alcoholism and drug addiction,,i thought i had control over drinking but now it controls can i be saved
3c5e7g9i1a2b4d6f8h0j,Manon,Leroy,Email,fr,I just decided to follow Jesus,Canada,New Brunswick,Moncton,"""Jesus gives me hope, but my cravings are strong. How do I stay on this path?""",alcoholism and drug addiction,,jesus gives hope but my cravings are strong how do i stay this path
4d6f8h0j2b3e5g7i9a1c,Vincent,Morel,Website,fr,I want to come back to Jesus,Switzerland,Zurich,Zurich,"""I was sober for years, but I relapsed. I feel ashamed and need guidance.""",alcoholism and drug addiction,,i was sober for years but i relapsed i feel ashamed and need guidance
5e7g9i1a3b4d6f8h0j2c,Clara,Lambert,Social Media,fr,I do not want to follow Jesus,Belgium,Wallonia,Namur,"""Religion never helped me before. I just want to stop feeling like this.""",alcoholism and drug addiction,,religion never helped before i just want to stop feeling like this
6f8h0j2b4d6e7g9i1a3c5,Adrien,Robin,Referral,fr,Christian - grow in my faith,France,Occitanie,Toulouse,"""God has helped me through hard times, but addiction keeps pulling me back.""",alcoholism and drug addiction,,god has helped through hard times but addiction keeps pulling back
7g9i1a3b5d7f8h0j2c4e,Marion,Blanchard,Email,fr,I am not sure about Jesus,Canada,Manitoba,Winnipeg,"""I want to quit drugs, but I feel like I have no strength left to fight.""",alcoholism and drug addiction,,i want to quit drugs but i feel like i have no strength left to fight
8h0j2b4d6f8g9i1a3c5e7,Julien,Renaud,Website,fr,I just decided to follow Jesus,Switzerland,Bern,Bern,"""Faith gave me hope, but addiction is still a heavy burden. I need help.""",alcoholism and drug addiction,,faith gave hope but addiction is still a heavy burden i need help
9i1a3b5d7f9h0j2c4e6g8,Élise,Marchand,Social Media,fr,I want to come back to Jesus,Belgium,Flanders,Ghent,"""I strayed from faith when I started drinking. I want to return and heal.""",alcoholism and drug addiction,,i strayed from faith when i started drinking i want to return and heal
1a2b3c4d5e6f7g8h9i0j,Pierre,Moreau,Email,fr,Christian - grow in my faith,France,Île-de-France,Paris,"""I feel lost and overwhelmed. Life’s struggles are too much for me to handle alone.""",crisis,,i feel lost and overwhelmed life struggles are too much for to handle alone
2b3c4d5e6f7g8h9i0j1a,Jacques,Dubois,Website,fr,I am not sure about Jesus,Canada,Québec,Quebec,"""I have lost my job and my home. I don’t know where to turn or what to do next.""",crisis,,i have lost my job and my home i don know where to turn or what to do next
3c4d5e6f7g8h9i0j1a2b,Sophie,Lefevre,Social Media,fr,I just decided to follow Jesus,Belgium,Wallonia,Liège,"""Everything is falling apart in my life. I need strength to get through this storm.""",crisis,,everything is falling apart in my life i need strength to get through this storm
4d5e6f7g8h9i0j1a2b3c,Alain,Bernard,Referral,fr,I want to come back to Jesus,Switzerland,Vaud,Lausanne,"""I have been battling depression and anxiety. I need hope and a way out of this pain.""",crisis,,i have been battling depression and anxiety i need hope and a way out of this pain
5e6f7g8h9i0j1a2b3c4d,Chloé,Fontaine,Email,fr,I do not want to follow Jesus,France,Provence,Marseille,"""Nothing seems to make sense anymore. I feel completely alone in my struggles.""",crisis,,nothing seems to make sense anymore i feel completely alone in my struggles
6f7g8h9i0j1a2b3c4d5e,Luc,Martin,Website,fr,Christian - grow in my faith,Canada,Ontario,Toronto,"""I am trying to trust God, but my problems seem too big to handle on my own.""",crisis,,i am trying to trust god but my problems seem too big to handle my own
7g8h9i0j1a2b3c4d5e6f,Élodie,Rousseau,Social Media,fr,I am not sure about Jesus,Belgium,Flanders,Antwerp,"""I am struggling with a personal crisis, and I don’t know if faith can really help me.""",crisis,,i am struggling with a personal crisis and i don know if faith can really help
8h9i0j1a2b3c4d5e6f7g,Mathieu,Chevalier,Referral,fr,I just decided to follow Jesus,France,Brittany,Rennes,"""I feel like I have hit rock bottom. I need guidance and a fresh start.""",crisis,,i feel like i have hit rock bottom i need guidance and a fresh start
9i0j1a2b3c4d5e6f7g8h,Isabelle,Laurent,Email,fr,I want to come back to Jesus,Switzerland,Geneva,Geneva,"""I have been away from faith for so long. I need something to hold on to.""",crisis,,i have been away from faith for so long i need something to hold to
0j1a2b3c4d5e6f7g8h9i,Théo,Dupont,Website,fr,I do not want to follow Jesus,Canada,Quebec,Montreal,"""I have no purpose left. Everything I worked for is gone. I feel completely empty.""",crisis,,i have no purpose left everything i worked for is gone i feel completely empty
1a3b5d7f9h0j2c4e6g8i,Camille,Petit,Social Media,fr,Christian - grow in my faith,Belgium,Brussels,Brussels,"""I believe in God, but I’m struggling to trust Him during these difficult times.""",crisis,,i believe in god but i struggling to trust him during these difficult times
2b4d6f8h0j1c3e5g7i9a,Hugo,Girard,Referral,fr,I am not sure about Jesus,France,Normandy,Rouen,"""I keep asking myself why bad things happen. I don’t know if I can find peace again.""",crisis,,i keep asking myself why bad things happen i don know if i can find peace again
3c5e7g9i1a2b4d6f8h0j,Manon,Leroy,Email,fr,I just decided to follow Jesus,Canada,New Brunswick,Moncton,"""I am taking a step of faith, but I am scared. Life feels unstable right now.""",crisis,,i am taking a step of faith but i am scared life feels unstable right now
4d6f8h0j2b3e5g7i9a1c,Vincent,Morel,Website,fr,I want to come back to Jesus,Switzerland,Zurich,Zurich,"""I need to believe that there is hope for me, but I feel so lost and broken.""",crisis,,i need to believe that there is hope for but i feel so lost and broken
5e7g9i1a3b4d6f8h0j2c,Clara,Lambert,Social Media,fr,I do not want to follow Jesus,Belgium,Wallonia,Namur,"""Faith has never been part of my life, but I am desperate for answers now.""",crisis,,faith has never been part of my life but i am desperate for answers now
6f8h0j2b4d6e7g9i1a3c5,Adrien,Robin,Referral,fr,Christian - grow in my faith,France,Occitanie,Toulouse,"""God has helped me before, but this crisis feels different. I feel completely drained.""",crisis,,god has helped before but this crisis feels different i feel completely drained
7g9i1a3b5d7f8h0j2c4e,Marion,Blanchard,Email,fr,I am not sure about Jesus,Canada,Manitoba,Winnipeg,"""I don’t know if faith can help me, but I am desperate for something to change.""",crisis,,i don know if faith can help but i am desperate for something to change
8h0j2b4d6f8g9i1a3c5e7,Julien,Renaud,Website,fr,I just decided to follow Jesus,Switzerland,Bern,Bern,"""I’ve made mistakes, and now I feel like I am paying the price. Can I be forgiven?""",crisis,,i ve made mistakes and now i feel like i am paying the price can i be forgiven
9i1a3b5d7f9h0j2c4e6g8,Élise,Marchand,Social Media,fr,I want to come back to Jesus,Belgium,Flanders,Ghent,"""I turned away from faith when life got hard. Now, I want to find my way back.""",crisis,,i turned away from faith when life got hard now i want to find my way back
1a2b3c4d5e6f7g8h9i0j,Pierre,Moreau,Email,fr,Christian - grow in my faith,France,Île-de-France,Paris,"""My marriage is falling apart, and I don’t know how to fix it. I need guidance.""",family and marriage,,my marriage is falling apart and i don know how to fix it i need guidance
2b3c4d5e6f7g8h9i0j1a,Jacques,Dubois,Website,fr,I am not sure about Jesus,Canada,Québec,Quebec,"""My spouse and I argue constantly. I wonder if love can truly heal our wounds.""",family and marriage,,my spouse and i argue constantly i wonder if love can truly heal our wounds
3c4d5e6f7g8h9i0j1a2b,Sophie,Lefevre,Social Media,fr,I just decided to follow Jesus,Belgium,Wallonia,Liège,"""I want to build a strong family, but I fear I am not good enough.""",family and marriage,,i want to build a strong family but i fear i am not good enough
4d5e6f7g8h9i0j1a2b3c,Alain,Bernard,Referral,fr,I want to come back to Jesus,Switzerland,Vaud,Lausanne,"""My partner has lost faith in our marriage. I want to fight for us, but I feel alone.""",family and marriage,,my partner has lost faith in our marriage i want to fight for us but i feel alone
5e6f7g8h9i0j1a2b3c4d,Chloé,Fontaine,Email,fr,I do not want to follow Jesus,France,Provence,Marseille,"""I don’t believe in marriage anymore. It has only brought me pain and disappointment.""",family and marriage,,i don believe in marriage anymore it has only brought pain and disappointment
6f7g8h9i0j1a2b3c4d5e,Luc,Martin,Website,fr,Christian - grow in my faith,Canada,Ontario,Toronto,"""We used to pray together, but now we barely speak. I want to restore our love.""",family and marriage,,we used to pray together but now we barely speak i want to restore our love
7g8h9i0j1a2b3c4d5e6f,Élodie,Rousseau,Social Media,fr,I am not sure about Jesus,Belgium,Flanders,Antwerp,"""My parents are separating, and I don’t know how to handle this pain.""",family and marriage,,my parents are separating and i don know how to handle this pain
8h9i0j1a2b3c4d5e6f7g,Mathieu,Chevalier,Referral,fr,I just decided to follow Jesus,France,Brittany,Rennes,"""I want my relationship to be centered on God, but I don’t know where to start.""",family and marriage,,i want my relationship to be centered god but i don know where to start
9i0j1a2b3c4d5e6f7g8h,Isabelle,Laurent,Email,fr,I want to come back to Jesus,Switzerland,Geneva,Geneva,"""I was unfaithful, and now I fear I have lost my family. Can I find forgiveness?""",family and marriage,,i was unfaithful and now i fear i have lost my family can i find forgiveness
0j1a2b3c4d5e6f7g8h9i,Théo,Dupont,Website,fr,I do not want to follow Jesus,Canada,Quebec,Montreal,"""Love is just an illusion. I don’t think marriage is worth fighting for anymore.""",family and marriage,,love is just an illusion i don think marriage is worth fighting for anymore
1a3b5d7f9h0j2c4e6g8i,Camille,Petit,Social Media,fr,Christian - grow in my faith,Belgium,Brussels,Brussels,"""I want to be a better spouse, but I don’t know how to break old habits.""",family and marriage,,i want to be a better spouse but i don know how to break old habits
2b4d6f8h0j1c3e5g7i9a,Hugo,Girard,Referral,fr,I am not sure about Jesus,France,Normandy,Rouen,"""My marriage is crumbling, and I am not sure if faith can save it.""",family and marriage,,my marriage is crumbling and i am not sure if faith can save it
3c5e7g9i1a2b4d6f8h0j,Manon,Leroy,Email,fr,I just decided to follow Jesus,Canada,New Brunswick,Moncton,"""I want to raise my children with faith, but I am struggling in my own beliefs.""",family and marriage,,i want to raise my children with faith but i am struggling in my own beliefs
4d6f8h0j2b3e5g7i9a1c,Vincent,Morel,Website,fr,I want to come back to Jesus,Switzerland,Zurich,Zurich,"""I neglected my marriage for too long. Now I want to rebuild what I destroyed.""",family and marriage,,i neglected my marriage for too long now i want to rebuild what i destroyed
5e7g9i1a3b4d6f8h0j2c,Clara,Lambert,Social Media,fr,I do not want to follow Jesus,Belgium,Wallonia,Namur,"""I don’t believe in love anymore. I think marriage is just a contract.""",family and marriage,,i don believe in love anymore i think marriage is just a contract
6f8h0j2b4d6e7g9i1a3c5,Adrien,Robin,Referral,fr,Christian - grow in my faith,France,Occitanie,Toulouse,"""I want to be the husband and father God calls me to be, but I feel inadequate.""",family and marriage,,i want to be the husband and father god calls to be but i feel inadequate
7g9i1a3b5d7f8h0j2c4e,Marion,Blanchard,Email,fr,I am not sure about Jesus,Canada,Manitoba,Winnipeg,"""My partner is religious, but I am not. It’s tearing us apart.""",family and marriage,,my partner is religious but i am not it tearing us apart
8h0j2b4d6f8g9i1a3c5e7,Julien,Renaud,Website,fr,I just decided to follow Jesus,Switzerland,Bern,Bern,"""I want to love my spouse the way God loves us, but I struggle with my past.""",family and marriage,,i want to love my spouse the way god loves us but i struggle with my past
9i1a3b5d7f9h0j2c4e6g8,Élise,Marchand,Social Media,fr,I want to come back to Jesus,Belgium,Flanders,Ghent,"""I walked away from my marriage and my faith. Now, I want to make things right.""",family and marriage,,i walked away from my marriage and my faith now i want to make things right
1a2b3c4d5e6f7g8h9i0j,Pierre,Moreau,Email,fr,Christian - grow in my faith,France,Île-de-France,Paris,"""I feel overwhelmed with life. It’s hard to see the light at the end of the tunnel.""",general,,i feel overwhelmed with life it hard to see the light at the end of the tunnel
2b3c4d5e6f7g8h9i0j1a,Jacques,Dubois,Website,fr,I am not sure about Jesus,Canada,Québec,Quebec,"""I feel lost, like I have no direction. I don’t know what I truly believe in anymore.""",general,,i feel lost like i have no direction i don know what i truly believe in anymore
3c4d5e6f7g8h9i0j1a2b,Sophie,Lefevre,Social Media,fr,I just decided to follow Jesus,Belgium,Wallonia,Liège,"""I am trying to change my life, but I keep falling back into old patterns.""",general,,i am trying to change my life but i keep falling back into old patterns
4d5e6f7g8h9i0j1a2b3c,Alain,Bernard,Referral,fr,I want to come back to Jesus,Switzerland,Vaud,Lausanne,"""I left my faith behind, and now I feel like I need it more than ever.""",general,,i left my faith behind and now i feel like i need it more than ever
5e6f7g8h9i0j1a2b3c4d,Chloé,Fontaine,Email,fr,I do not want to follow Jesus,France,Provence,Marseille,"""I don’t see the point in faith. Life is just a series of disappointments.""",general,,i don see the point in faith life is just a series of disappointments
6f7g8h9i0j1a2b3c4d5e,Luc,Martin,Website,fr,Christian - grow in my faith,Canada,Ontario,Toronto,"""I believe in God, but I struggle to feel His presence in my daily life.""",general,,i believe in god but i struggle to feel his presence in my daily life
7g8h9i0j1a2b3c4d5e6f,Élodie,Rousseau,Social Media,fr,I am not sure about Jesus,Belgium,Flanders,Antwerp,"""I have so many questions about faith, but I don’t know where to find answers.""",general,,i have so many questions about faith but i don know where to find answers
8h9i0j1a2b3c4d5e6f7g,Mathieu,Chevalier,Referral,fr,I just decided to follow Jesus,France,Brittany,Rennes,"""I want to change my life, but I am afraid of what it might cost me.""",general,,i want to change my life but i am afraid of what it might cost
9i0j1a2b3c4d5e6f7g8h,Isabelle,Laurent,Email,fr,I want to come back to Jesus,Switzerland,Geneva,Geneva,"""I used to have faith, but life’s struggles made me turn away. Now, I want to return.""",general,,i used to have faith but life struggles made turn away now i want to return
0j1a2b3c4d5e6f7g8h9i,Théo,Dupont,Website,fr,I do not want to follow Jesus,Canada,Quebec,Montreal,"""Faith doesn’t make sense to me. I feel like I have to figure life out on my own.""",general,,faith doesn make sense to i feel like i have to figure life out my own
1a3b5d7f9h0j2c4e6g8i,Camille,Petit,Social Media,fr,Christian - grow in my faith,Belgium,Brussels,Brussels,"""I want to trust in God more, but I struggle with doubt and fear.""",general,,i want to trust in god more but i struggle with doubt and fear
2b4d6f8h0j1c3e5g7i9a,Hugo,Girard,Referral,fr,I am not sure about Jesus,France,Normandy,Rouen,"""I feel like something is missing in my life, but I don’t know what it is.""",general,,i feel like something is missing in my life but i don know what it is
3c5e7g9i1a2b4d6f8h0j,Manon,Leroy,Email,fr,I just decided to follow Jesus,Canada,New Brunswick,Moncton,"""Taking this step of faith is scary, but I know I need to make a change.""",general,,taking this step of faith is scary but i know i need to make a change
4d6f8h0j2b3e5g7i9a1c,Vincent,Morel,Website,fr,I want to come back to Jesus,Switzerland,Zurich,Zurich,"""I have made so many mistakes, but I want to believe there is still hope for me.""",general,,i have made so many mistakes but i want to believe there is still hope for
5e7g9i1a3b4d6f8h0j2c,Clara,Lambert,Social Media,fr,I do not want to follow Jesus,Belgium,Wallonia,Namur,"""I don’t see how faith can help me. Life is just too difficult.""",general,,i don see how faith can help life is just too difficult
6f8h0j2b4d6e7g9i1a3c5,Adrien,Robin,Referral,fr,Christian - grow in my faith,France,Occitanie,Toulouse,"""I want to trust God with my struggles, but I feel like I am drowning.""",general,,i want to trust god with my struggles but i feel like i am drowning
7g9i1a3b5d7f8h0j2c4e,Marion,Blanchard,Email,fr,I am not sure about Jesus,Canada,Manitoba,Winnipeg,"""I see people finding peace in faith, but I don’t know if it’s real.""",general,,i see people finding peace in faith but i don know if it real
8h0j2b4d6f8g9i1a3c5e7,Julien,Renaud,Website,fr,I just decided to follow Jesus,Switzerland,Bern,Bern,"""I want to start fresh and leave my past behind, but it’s hard to move on.""",general,,i want to start fresh and leave my past behind but it hard to move
9i1a3b5d7f9h0j2c4e6g8,Élise,Marchand,Social Media,fr,I want to come back to Jesus,Belgium,Flanders,Ghent,"""I lost my way for a long time, but I feel like God is calling me back.""",general,,i lost my way for a long time but i feel like god is calling back
1a2b3c4d5e6f7g8h9i0j,Pierre,Moreau,Email,fr,Christian - grow in my faith,France,Île-de-France,Paris,"""I feel like I am constantly battling unseen forces trying to pull me away from God.""",spiritual warfare,,i feel like i am constantly battling unseen forces trying to pull away from god
2b3c4d5e6f7g8h9i0j1a,Jacques,Dubois,Website,fr,I am not sure about Jesus,Canada,Québec,Quebec,"""I don’t know if spiritual battles are real, but I feel a deep inner struggle every day.""",spiritual warfare,,i don know if spiritual battles are real but i feel a deep inner struggle every day
3c4d5e6f7g8h9i0j1a2b,Sophie,Lefevre,Social Media,fr,I just decided to follow Jesus,Belgium,Wallonia,Liège,"""Ever since I decided to follow Jesus, everything in my life feels like it’s falling apart.""",spiritual warfare,,ever since i decided to follow jesus everything in my life feels like it falling apart
4d5e6f7g8h9i0j1a2b3c,Alain,Bernard,Referral,fr,I want to come back to Jesus,Switzerland,Vaud,Lausanne,"""I used to feel strong in my faith, but now I feel like I’m constantly under attack.""",spiritual warfare,,i used to feel strong in my faith but now i feel like i constantly under attack
5e6f7g8h9i0j1a2b3c4d,Chloé,Fontaine,Email,fr,I do not want to follow Jesus,France,Provence,Marseille,"""I feel like religion is just a way to explain struggles, but sometimes I wonder.""",spiritual warfare,,i feel like religion is just a way to explain struggles but sometimes i wonder
6f7g8h9i0j1a2b3c4d5e,Luc,Martin,Website,fr,Christian - grow in my faith,Canada,Ontario,Toronto,"""I know that spiritual battles are real, but I feel exhausted from fighting them.""",spiritual warfare,,i know that spiritual battles are real but i feel exhausted from fighting them
7g8h9i0j1a2b3c4d5e6f,Élodie,Rousseau,Social Media,fr,I am not sure about Jesus,Belgium,Flanders,Antwerp,"""Sometimes I feel like there is something evil trying to keep me from peace.""",spiritual warfare,,sometimes i feel like there is something evil trying to keep from peace
8h9i0j1a2b3c4d5e6f7g,Mathieu,Chevalier,Referral,fr,I just decided to follow Jesus,France,Brittany,Rennes,"""I never believed in spiritual warfare until I started following Jesus.""",spiritual warfare,,i never believed in spiritual warfare until i started following jesus
9i0j1a2b3c4d5e6f7g8h,Isabelle,Laurent,Email,fr,I want to come back to Jesus,Switzerland,Geneva,Geneva,"""I turned away from faith, and ever since, I feel like something dark is trying to stop me.""",spiritual warfare,,i turned away from faith and ever since i feel like something dark is trying to stop
0j1a2b3c4d5e6f7g8h9i,Théo,Dupont,Website,fr,I do not want to follow Jesus,Canada,Quebec,Montreal,"""People talk about spiritual battles, but I think life is just hard.""",spiritual warfare,,people talk about spiritual battles but i think life is just hard
1a3b5d7f9h0j2c4e6g8i,Camille,Petit,Social Media,fr,Christian - grow in my faith,Belgium,Brussels,Brussels,"""I pray, but I feel like there’s a battle happening in my mind and heart every day.""",spiritual warfare,,i pray but i feel like there a battle happening in my mind and heart every day
2b4d6f8h0j1c3e5g7i9a,Hugo,Girard,Referral,fr,I am not sure about Jesus,France,Normandy,Rouen,"""If there is a God, why do I feel like something is always trying to break me down?""",spiritual warfare,,if there is a god why do i feel like something is always trying to break down
3c5e7g9i1a2b4d6f8h0j,Manon,Leroy,Email,fr,I just decided to follow Jesus,Canada,New Brunswick,Moncton,"""I gave my life to Jesus, but now I’m struggling in ways I never did before.""",spiritual warfare,,i gave my life to jesus but now i struggling in ways i never did before
4d6f8h0j2b3e5g7i9a1c,Vincent,Morel,Website,fr,I want to come back to Jesus,Switzerland,Zurich,Zurich,"""I tried to walk away from faith, but now I feel like I’m being pulled back into a battle.""",spiritual warfare,,i tried to walk away from faith but now i feel like i being pulled back into a battle
5e7g9i1a3b4d6f8h0j2c,Clara,Lambert,Social Media,fr,I do not want to follow Jesus,Belgium,Wallonia,Namur,"""People say demons and spirits are real, but I don’t believe in that.""",spiritual warfare,,people say demons and spirits are real but i don believe in that
6f8h0j2b4d6e7g9i1a3c5,Adrien,Robin,Referral,fr,Christian - grow in my faith,France,Occitanie,Toulouse,"""The closer I get to God, the more challenges I face. It feels like a war in my soul.""",spiritual warfare,,the closer i get to god the more challenges i face it feels like a war in my soul
7g9i1a3b5d7f8h0j2c4e,Marion,Blanchard,Email,fr,I am not sure about Jesus,Canada,Manitoba,Winnipeg,"""I don’t know if spiritual warfare is real, but I do feel a deep internal struggle.""",spiritual warfare,,i don know if spiritual warfare is real but i do feel a deep internal struggle
8h0j2b4d6f8g9i1a3c5e7,Julien,Renaud,Website,fr,I just decided to follow Jesus,Switzerland,Bern,Bern,"""Ever since I started praying, it feels like something is trying to pull me away.""",spiritual warfare,,ever since i started praying it feels like something is trying to pull away
9i1a3b5d7f9h0j2c4e6g8,Élise,Marchand,Social Media,fr,I want to come back to Jesus,Belgium,Flanders,Ghent,"""I walked away from faith, but I feel like I am in a battle I don’t understand.""",spiritual warfare,,i walked away from faith but i feel like i am in a battle i don understand
0a2c4e6g8i1b3d5f7h9j,Louis,Gauthier,Referral,fr,Christian - grow in my faith,France,Nouvelle-Aquitaine,Bordeaux,"""I feel like the enemy is constantly trying to weaken my faith through doubt and fear.""",spiritual warfare,,i feel like the enemy is constantly trying to weaken my faith through doubt and fear
1b3d5f7h9j0a2c4e6g8i,Jeanne,Perrault,Email,fr,I am not sure about Jesus,Canada,Quebec,Montreal,"""I don't know if I believe in spiritual battles, but I feel a heavy burden I can't explain.""",spiritual warfare,,i don know if i believe in spiritual battles but i feel a heavy burden i can explain
2c4e6g8i1b3d5f7h9j0a,Bastien,Renault,Website,fr,I just decided to follow Jesus,Switzerland,Ticino,Lugano,"""Since giving my life to Christ, I feel like I’m being tested more than ever.""",spiritual warfare,,since giving my life to christ i feel like i being tested more than ever
3d5f7h9j0a2c4e6g8i1b,Léa,Carpentier,Social Media,fr,I want to come back to Jesus,Belgium,Wallonia,Charleroi,"""I turned away from my faith, but now I feel like something is pushing me back toward God.""",spiritual warfare,,i turned away from my faith but now i feel like something is pushing back toward god
1a2b3c4d5e6f7g8h9i0j,आरव,शर्मा,Email,hi,Christian - grow in my faith,India,Uttar Pradesh,Lucknow,"""I feel trapped in addiction, and I don’t know how to break free. I need God’s help to overcome this.""",Alcoholism and Drug Addiction,,i feel trapped in addiction and i don t know how to break free i need god s help to overcome this
2b3c4d5e6f7g8h9i0j1a,रेहान,वर्मा,Website,hi,I am not sure about Jesus,India,Maharashtra,Mumbai,"""I have lost everything to alcohol. My family barely speaks to me. How can I find hope again?""",Alcoholism and Drug Addiction,,i have lost everything to alcohol my family barely speaks to me how can i find hope again
3c4d5e6f7g8h9i0j1a2b,रिया,चौहान,Social Media,hi,I just decided to follow Jesus,India,Delhi,New Delhi,"""I recently decided to follow Jesus, but I still struggle with my past addictions.""",Alcoholism and Drug Addiction,,i recently decided to follow jesus but i still struggle with my past addictions
4d5e6f7g8h9i0j1a2b3c,कबीर,सिंह,Referral,hi,I want to come back to Jesus,India,Punjab,Chandigarh,"""I left faith behind and lost myself in addiction. Now I want to come back, but I feel so weak.""",Alcoholism and Drug Addiction,,i left faith behind and lost myself in addiction now i want to come back but i feel so weak
5e6f7g8h9i0j1a2b3c4d,समीर,अग्रवाल,Email,hi,I do not want to follow Jesus,India,Karnataka,Bangalore,"""I have tried to quit drinking many times, but I always go back. Does God even care?""",Alcoholism and Drug Addiction,,i have tried to quit drinking many times but i always go back does god even care
6f7g8h9i0j1a2b3c4d5e,अलीशा,जैन,Website,hi,Christian - grow in my faith,India,Gujarat,Ahmedabad,"""I pray every day to be free from addiction, but I keep falling. I need strength.""",Alcoholism and Drug Addiction,,i pray every day to be free from addiction but i keep falling i need strength
7g8h9i0j1a2b3c4d5e6f,विशाल,गुप्ता,Social Media,hi,I am not sure about Jesus,India,Tamil Nadu,Chennai,"""I feel ashamed because of my addiction. Can Jesus still love me?""",Alcoholism and Drug Addiction,,i feel ashamed because of my addiction can jesus still love me
8h9i0j1a2b3c4d5e6f7g,काव्या,मेहता,Referral,hi,I just decided to follow Jesus,India,Telangana,Hyderabad,"""I have seen what drugs have done to my friends. I don’t want to end up like them.""",Alcoholism and Drug Addiction,,i have seen what drugs have done to my friends i don t want to end up like them
9i0j1a2b3c4d5e6f7g8h,आदित्य,श्रीवास्तव,Email,hi,I want to come back to Jesus,India,Rajasthan,Jaipur,"""I lost my job and turned to alcohol. Now, I want to turn back to God.""",Alcoholism and Drug Addiction,,i lost my job and turned to alcohol now i want to turn back to god
0j1a2b3c4d5e6f7g8h9i,नेहा,तिवारी,Website,hi,I do not want to follow Jesus,India,Bihar,Patna,"""Faith has never helped me. If God was real, wouldn’t He have saved me from this pain?""",Alcoholism and Drug Addiction,,faith has never helped me if god was real wouldn t he have saved me from this pain
1k2l3m4n5o6p7q8r9s0t,अनुराग,जोशी,Social Media,hi,Christian - grow in my faith,India,Madhya Pradesh,Bhopal,"""I want to help my brother who is struggling with addiction. How can I guide him to Jesus?""",Alcoholism and Drug Addiction,,i want to help my brother who is struggling with addiction how can i guide him to jesus
2l3m4n5o6p7q8r9s0t1k,रोहित,त्रिवेदी,Referral,hi,I am not sure about Jesus,India,Haryana,Gurgaon,"""Everyone tells me to just stop drinking, but they don’t understand how hard it is.""",Alcoholism and Drug Addiction,,everyone tells me to just stop drinking but they don t understand how hard it is
3m4n5o6p7q8r9s0t1k2l,माही,जोशी,Email,hi,I just decided to follow Jesus,India,Chhattisgarh,Raipur,"""I am new to faith and need guidance on how to overcome addiction with Jesus.""",Alcoholism and Drug Addiction,,i am new to faith and need guidance on how to overcome addiction with jesus
4n5o6p7q8r9s0t1k2l3m,अर्पित,शर्मा,Website,hi,I want to come back to Jesus,India,Assam,Guwahati,"""I walked away from faith when my addiction got worse. Can I still return to God?""",Alcoholism and Drug Addiction,,i walked away from faith when my addiction got worse can i still return to god
5o6p7q8r9s0t1k2l3m4n,सुहानी,बंसल,Social Media,hi,I do not want to follow Jesus,India,Jharkhand,Ranchi,"""I have prayed and nothing changed. I don’t think faith can help me quit.""",Alcoholism and Drug Addiction,,i have prayed and nothing changed i don t think faith can help me quit
6p7q8r9s0t1k2l3m4n5o,निखिल,खन्ना,Referral,hi,Christian - grow in my faith,India,West Bengal,Kolkata,"""My father was an alcoholic. I don’t want to follow the same path, but I feel weak.""",Alcoholism and Drug Addiction,,my father was an alcoholic i don t want to follow the same path but i feel weak
7q8r9s0t1k2l3m4n5o6p,दीक्षा,गुप्ता,Email,hi,I am not sure about Jesus,India,Himachal Pradesh,Shimla,"""I don’t believe in miracles, but I need one to save me from addiction.""",Alcoholism and Drug Addiction,,i don t believe in miracles but i need one to save me from addiction
8r9s0t1k2l3m4n5o6p7q,जतिन,वशिष्ठ,Website,hi,I just decided to follow Jesus,India,Odisha,Bhubaneswar,"""Jesus saved my life from addiction, but the struggle is not over yet.""",Alcoholism and Drug Addiction,,jesus saved my life from addiction but the struggle is not over yet
9s0t1k2l3m4n5o6p7q8r,स्वाति,चतुर्वेदी,Social Media,hi,I want to come back to Jesus,India,Uttarakhand,Dehradun,"""I used to believe that faith could heal me, but my addiction only got worse. Can I try again?""",Alcoholism and Drug Addiction,,i used to believe that faith could heal me but my addiction only got worse can i try again
0t1k2l3m4n5o6p7q8r9s,हर्ष,सक्सेना,Referral,hi,I do not want to follow Jesus,India,Sikkim,Gangtok,"""I turned to alcohol because I lost all hope. I don’t think faith can help me anymore.""",Alcoholism and Drug Addiction,,i turned to alcohol because i lost all hope i don t think faith can help me anymore
1a2b3c4d5e6f7g8h9i0j,आरव,शर्मा,Email,hi,Christian - grow in my faith,India,Uttar Pradesh,Lucknow,"""I feel overwhelmed by life’s challenges and don’t know where to turn. Can God really help me?""",Crisis,,i feel overwhelmed by life s challenges and don t know where to turn can god really help me
2b3c4d5e6f7g8h9i0j1a,रेहान,वर्मा,Website,hi,I am not sure about Jesus,India,Maharashtra,Mumbai,"""Everything is falling apart in my life. I want to believe, but where do I start?""",Crisis,,everything is falling apart in my life i want to believe but where do i start
3c4d5e6f7g8h9i0j1a2b,रिया,चौहान,Social Media,hi,I just decided to follow Jesus,India,Delhi,New Delhi,"""I just accepted Jesus, but my problems haven’t gone away. Am I doing something wrong?""",Crisis,,i just accepted jesus but my problems haven t gone away am i doing something wrong
4d5e6f7g8h9i0j1a2b3c,कबीर,सिंह,Referral,hi,I want to come back to Jesus,India,Punjab,Chandigarh,"""I walked away from faith because of hardship. Now I want to return, but I feel unworthy.""",Crisis,,i walked away from faith because of hardship now i want to return but i feel unworthy
5e6f7g8h9i0j1a2b3c4d,समीर,अग्रवाल,Email,hi,I do not want to follow Jesus,India,Karnataka,Bangalore,"""I’ve tried faith before, but it didn’t change my struggles. Why should I believe again?""",Crisis,,i ve tried faith before but it didn t change my struggles why should i believe again
6f7g8h9i0j1a2b3c4d5e,अलीशा,जैन,Website,hi,Christian - grow in my faith,India,Gujarat,Ahmedabad,"""I trust God, but my situation keeps getting worse. How do I keep my faith strong?""",Crisis,,i trust god but my situation keeps getting worse how do i keep my faith strong
7g8h9i0j1a2b3c4d5e6f,विशाल,गुप्ता,Social Media,hi,I am not sure about Jesus,India,Tamil Nadu,Chennai,"""I want to believe, but the pain in my life makes it so difficult. Where is God in all this?""",Crisis,,i want to believe but the pain in my life makes it so difficult where is god in all this
8h9i0j1a2b3c4d5e6f7g,काव्या,मेहता,Referral,hi,I just decided to follow Jesus,India,Telangana,Hyderabad,"""I feel like I am drowning in problems. Can faith really bring me peace?""",Crisis,,i feel like i am drowning in problems can faith really bring me peace
9i0j1a2b3c4d5e6f7g8h,आदित्य,श्रीवास्तव,Email,hi,I want to come back to Jesus,India,Rajasthan,Jaipur,"""I used to believe, but after all my suffering, I lost faith. Can I still return?""",Crisis,,i used to believe but after all my suffering i lost faith can i still return
0j1a2b3c4d5e6f7g8h9i,नेहा,तिवारी,Website,hi,I do not want to follow Jesus,India,Bihar,Patna,"""If God is real, why does He allow so much suffering in my life?""",Crisis,,if god is real why does he allow so much suffering in my life
1k2l3m4n5o6p7q8r9s0t,अनुराग,जोशी,Social Media,hi,Christian - grow in my faith,India,Madhya Pradesh,Bhopal,"""I know God is with me, but sometimes my struggles feel unbearable. How do I keep my faith?""",Crisis,,i know god is with me but sometimes my struggles feel unbearable how do i keep my faith
2l3m4n5o6p7q8r9s0t1k,रोहित,त्रिवेदी,Referral,hi,I am not sure about Jesus,India,Haryana,Gurgaon,"""I want to believe in God, but I am surrounded by hardship. How do I know He cares?""",Crisis,,i want to believe in god but i am surrounded by hardship how do i know he cares
3m4n5o6p7q8r9s0t1k2l,माही,जोशी,Email,hi,I just decided to follow Jesus,India,Chhattisgarh,Raipur,"""I have accepted Jesus, but I still feel anxious and hopeless. What should I do?""",Crisis,,i have accepted jesus but i still feel anxious and hopeless what should i do
4n5o6p7q8r9s0t1k2l3m,अर्पित,शर्मा,Website,hi,I want to come back to Jesus,India,Assam,Guwahati,"""I lost my way in the midst of troubles. Can Jesus still take me back?""",Crisis,,i lost my way in the midst of troubles can jesus still take me back
5o6p7q8r9s0t1k2l3m4n,सुहानी,बंसल,Social Media,hi,I do not want to follow Jesus,India,Jharkhand,Ranchi,"""People say God is loving, but why does He let me suffer so much?""",Crisis,,people say god is loving but why does he let me suffer so much
6p7q8r9s0t1k2l3m4n5o,निखिल,खन्ना,Referral,hi,Christian - grow in my faith,India,West Bengal,Kolkata,"""I am trying to trust God, but I don’t see a way out of my problems. How do I stay strong?""",Crisis,,i am trying to trust god but i don t see a way out of my problems how do i stay strong
7q8r9s0t1k2l3m4n5o6p,दीक्षा,गुप्ता,Email,hi,I am not sure about Jesus,India,Himachal Pradesh,Shimla,"""I feel so lost and broken. Does God really listen to our prayers?""",Crisis,,i feel so lost and broken does god really listen to our prayers
8r9s0t1k2l3m4n5o6p7q,जतिन,वशिष्ठ,Website,hi,I just decided to follow Jesus,India,Odisha,Bhubaneswar,"""I am trying to trust God, but I don’t understand why life is so hard. What should I do?""",Crisis,,i am trying to trust god but i don t understand why life is so hard what should i do
9s0t1k2l3m4n5o6p7q8r,स्वाति,चतुर्वेदी,Social Media,hi,I want to come back to Jesus,India,Uttarakhand,Dehradun,"""I turned away from faith because of my struggles. Is it too late for me to believe again?""",Crisis,,i turned away from faith because of my struggles is it too late for me to believe again
0t1k2l3m4n5o6p7q8r9s,हर्ष,सक्सेना,Referral,hi,I do not want to follow Jesus,India,Sikkim,Gangtok,"""I’ve lost hope. If God was real, wouldn’t He have helped me by now?""",Crisis,,i ve lost hope if god was real wouldn t he have helped me by now
1a2b3c4d5e6f7g8h9i0j,आरव,शर्मा,Email,hi,Christian - grow in my faith,India,Uttar Pradesh,Lucknow,"""Marriage is hard, and I feel like we are drifting apart. How do I keep love alive in my marriage?""",Family and Marriage,,marriage is hard and i feel like we are drifting apart how do i keep love alive in my marriage
2b3c4d5e6f7g8h9i0j1a,रेहान,वर्मा,Website,hi,I am not sure about Jesus,India,Maharashtra,Mumbai,"""Our family is struggling with constant arguments. Can faith help restore peace in our home?""",Family and Marriage,,our family is struggling with constant arguments can faith help restore peace in our home
3c4d5e6f7g8h9i0j1a2b,रिया,चौहान,Social Media,hi,I just decided to follow Jesus,India,Delhi,New Delhi,"""I want to build a God-centered marriage, but I don’t know where to start. What should I do?""",Family and Marriage,,i want to build a god centered marriage but i don t know where to start what should i do
4d5e6f7g8h9i0j1a2b3c,कबीर,सिंह,Referral,hi,I want to come back to Jesus,India,Punjab,Chandigarh,"""I turned away from God, and now my family is broken. Can He still heal our relationships?""",Family and Marriage,,i turned away from god and now my family is broken can he still heal our relationships
5e6f7g8h9i0j1a2b3c4d,समीर,अग्रवाल,Email,hi,I do not want to follow Jesus,India,Karnataka,Bangalore,"""My spouse and I are on the verge of separation. Can prayer really make a difference?""",Family and Marriage,,my spouse and i are on the verge of separation can prayer really make a difference
6f7g8h9i0j1a2b3c4d5e,अलीशा,जैन,Website,hi,Christian - grow in my faith,India,Gujarat,Ahmedabad,"""We struggle with trust in our marriage. How can faith help us rebuild it?""",Family and Marriage,,we struggle with trust in our marriage how can faith help us rebuild it
7g8h9i0j1a2b3c4d5e6f,विशाल,गुप्ता,Social Media,hi,I am not sure about Jesus,India,Tamil Nadu,Chennai,"""I want to be a better spouse and parent, but I feel lost. Can faith guide me?""",Family and Marriage,,i want to be a better spouse and parent but i feel lost can faith guide me
8h9i0j1a2b3c4d5e6f7g,काव्या,मेहता,Referral,hi,I just decided to follow Jesus,India,Telangana,Hyderabad,"""I just accepted Jesus, but my partner doesn’t believe. How do I keep my faith strong?""",Family and Marriage,,i just accepted jesus but my partner doesn t believe how do i keep my faith strong
9i0j1a2b3c4d5e6f7g8h,आदित्य,श्रीवास्तव,Email,hi,I want to come back to Jesus,India,Rajasthan,Jaipur,"""I made mistakes that hurt my family. Can Jesus help me restore what I lost?""",Family and Marriage,,i made mistakes that hurt my family can jesus help me restore what i lost
0j1a2b3c4d5e6f7g8h9i,नेहा,तिवारी,Website,hi,I do not want to follow Jesus,India,Bihar,Patna,"""We try to stay together for the kids, but our marriage feels empty. Is there hope?""",Family and Marriage,,we try to stay together for the kids but our marriage feels empty is there hope
1k2l3m4n5o6p7q8r9s0t,अनुराग,जोशी,Social Media,hi,Christian - grow in my faith,India,Madhya Pradesh,Bhopal,"""My spouse and I have different beliefs. How can we find unity in our marriage?""",Family and Marriage,,my spouse and i have different beliefs how can we find unity in our marriage
2l3m4n5o6p7q8r9s0t1k,रोहित,त्रिवेदी,Referral,hi,I am not sure about Jesus,India,Haryana,Gurgaon,"""Parenting is hard, and we often argue about it. How can we raise our kids in love and faith?""",Family and Marriage,,parenting is hard and we often argue about it how can we raise our kids in love and faith
3m4n5o6p7q8r9s0t1k2l,माही,जोशी,Email,hi,I just decided to follow Jesus,India,Chhattisgarh,Raipur,"""I want to bring God into our home, but I don’t know how. Where do I start?""",Family and Marriage,,i want to bring god into our home but i don t know how where do i start
4n5o6p7q8r9s0t1k2l3m,अर्पित,शर्मा,Website,hi,I want to come back to Jesus,India,Assam,Guwahati,"""I walked away from faith, and now my marriage is struggling. Can Jesus still heal us?""",Family and Marriage,,i walked away from faith and now my marriage is struggling can jesus still heal us
5o6p7q8r9s0t1k2l3m4n,सुहानी,बंसल,Social Media,hi,I do not want to follow Jesus,India,Jharkhand,Ranchi,"""I don’t believe in God, but my partner does. How do we make this marriage work?""",Family and Marriage,,i don t believe in god but my partner does how do we make this marriage work
6p7q8r9s0t1k2l3m4n5o,निखिल,खन्ना,Referral,hi,Christian - grow in my faith,India,West Bengal,Kolkata,"""I want to be a better husband/wife, but I keep failing. Can God help me change?""",Family and Marriage,,i want to be a better husband wife but i keep failing can god help me change
7q8r9s0t1k2l3m4n5o6p,दीक्षा,गुप्ता,Email,hi,I am not sure about Jesus,India,Himachal Pradesh,Shimla,"""Our family is falling apart. Can faith really bring us back together?""",Family and Marriage,,our family is falling apart can faith really bring us back together
8r9s0t1k2l3m4n5o6p7q,जतिन,वशिष्ठ,Website,hi,I just decided to follow Jesus,India,Odisha,Bhubaneswar,"""I want to build a strong Christian family, but I don’t know how. Can you help?""",Family and Marriage,,i want to build a strong christian family but i don t know how can you help
9s0t1k2l3m4n5o6p7q8r,स्वाति,चतुर्वेदी,Social Media,hi,I want to come back to Jesus,India,Uttarakhand,Dehradun,"""I abandoned my family because of my mistakes. Can Jesus help me reconnect with them?""",Family and Marriage,,i abandoned my family because of my mistakes can jesus help me reconnect with them
0t1k2l3m4n5o6p7q8r9s,हर्ष,सक्सेना,Referral,hi,I do not want to follow Jesus,India,Sikkim,Gangtok,"""We used to be happy, but now our marriage feels empty. Can faith really make a difference?""",Family and Marriage,,we used to be happy but now our marriage feels empty can faith really make a difference
1a2b3c4d5e6f7g8h9i0j,आरव,शर्मा,Email,hi,Christian - grow in my faith,India,Uttar Pradesh,Lucknow,"""Life feels overwhelming, and I don't know where to turn. Can faith help me find peace?""",General,,life feels overwhelming and i don t know where to turn can faith help me find peace
2b3c4d5e6f7g8h9i0j1a,रेहान,वर्मा,Website,hi,I am not sure about Jesus,India,Maharashtra,Mumbai,"""I struggle with anxiety every day. Can God really bring me comfort?""",General,,i struggle with anxiety every day can god really bring me comfort
3c4d5e6f7g8h9i0j1a2b,रिया,चौहान,Social Media,hi,I just decided to follow Jesus,India,Delhi,New Delhi,"""I feel lost in life and don’t know my purpose. Can faith guide me in the right direction?""",General,,i feel lost in life and don t know my purpose can faith guide me in the right direction
4d5e6f7g8h9i0j1a2b3c,कबीर,सिंह,Referral,hi,I want to come back to Jesus,India,Punjab,Chandigarh,"""I left my faith behind, but now I feel empty. Can I find my way back?""",General,,i left my faith behind but now i feel empty can i find my way back
5e6f7g8h9i0j1a2b3c4d,समीर,अग्रवाल,Email,hi,I do not want to follow Jesus,India,Karnataka,Bangalore,"""I’ve been searching for meaning, but nothing satisfies me. What should I do?""",General,,i ve been searching for meaning but nothing satisfies me what should i do
6f7g8h9i0j1a2b3c4d5e,अलीशा,जैन,Website,hi,Christian - grow in my faith,India,Gujarat,Ahmedabad,"""I want to deepen my faith, but I struggle with doubts. How can I stay strong?""",General,,i want to deepen my faith but i struggle with doubts how can i stay strong
7g8h9i0j1a2b3c4d5e6f,विशाल,गुप्ता,Social Media,hi,I am not sure about Jesus,India,Tamil Nadu,Chennai,"""I’ve heard about Jesus, but I don’t know what to believe. Can you help me understand?""",General,,i ve heard about jesus but i don t know what to believe can you help me understand
8h9i0j1a2b3c4d5e6f7g,काव्या,मेहता,Referral,hi,I just decided to follow Jesus,India,Telangana,Hyderabad,"""I just became a believer, but I don’t know what’s next. How do I grow in my faith?""",General,,i just became a believer but i don t know what s next how do i grow in my faith
9i0j1a2b3c4d5e6f7g8h,आदित्य,श्रीवास्तव,Email,hi,I want to come back to Jesus,India,Rajasthan,Jaipur,"""I turned away from faith because of hardships. Can God still accept me?""",General,,i turned away from faith because of hardships can god still accept me
0j1a2b3c4d5e6f7g8h9i,नेहा,तिवारी,Website,hi,I do not want to follow Jesus,India,Bihar,Patna,"""I have too many questions and doubts. Can faith really provide answers?""",General,,i have too many questions and doubts can faith really provide answers
1k2l3m4n5o6p7q8r9s0t,अनुराग,जोशी,Social Media,hi,Christian - grow in my faith,India,Madhya Pradesh,Bhopal,"""I want to trust in God, but life keeps throwing challenges at me. How can I stay strong?""",General,,i want to trust in god but life keeps throwing challenges at me how can i stay strong
2l3m4n5o6p7q8r9s0t1k,रोहित,त्रिवेदी,Referral,hi,I am not sure about Jesus,India,Haryana,Gurgaon,"""I see so much suffering in the world. How can I believe in a loving God?""",General,,i see so much suffering in the world how can i believe in a loving god
3m4n5o6p7q8r9s0t1k2l,माही,जोशी,Email,hi,I just decided to follow Jesus,India,Chhattisgarh,Raipur,"""I am excited to follow Jesus, but I don’t know where to begin. Can you guide me?""",General,,i am excited to follow jesus but i don t know where to begin can you guide me
4n5o6p7q8r9s0t1k2l3m,अर्पित,शर्मा,Website,hi,I want to come back to Jesus,India,Assam,Guwahati,"""I used to believe, but I lost my way. Can I still return to God?""",General,,i used to believe but i lost my way can i still return to god
5o6p7q8r9s0t1k2l3m4n,सुहानी,बंसल,Social Media,hi,I do not want to follow Jesus,India,Jharkhand,Ranchi,"""I feel like religion is all about rules. Can faith really change my life?""",General,,i feel like religion is all about rules can faith really change my life
6p7q8r9s0t1k2l3m4n5o,निखिल,खन्ना,Referral,hi,Christian - grow in my faith,India,West Bengal,Kolkata,"""I want to be a better person, but I keep failing. How can God help me change?""",General,,i want to be a better person but i keep failing how can god help me change
7q8r9s0t1k2l3m4n5o6p,दीक्षा,गुप्ता,Email,hi,I am not sure about Jesus,India,Himachal Pradesh,Shimla,"""I am curious about Jesus, but I don’t know if He is real. Can you help me understand?""",General,,i am curious about jesus but i don t know if he is real can you help me understand
8r9s0t1k2l3m4n5o6p7q,जतिन,वशिष्ठ,Website,hi,I just decided to follow Jesus,India,Odisha,Bhubaneswar,"""I want to follow Jesus, but my family doesn’t support me. What should I do?""",General,,i want to follow jesus but my family doesn t support me what should i do
9s0t1k2l3m4n5o6p7q8r,स्वाति,चतुर्वेदी,Social Media,hi,I want to come back to Jesus,India,Uttarakhand,Dehradun,"""I walked away from faith because of mistakes. Can God still love me?""",General,,i walked away from faith because of mistakes can god still love me
0t1k2l3m4n5o6p7q8r9s,हर्ष,सक्सेना,Referral,hi,I do not want to follow Jesus,India,Sikkim,Gangtok,"""I feel empty inside even though I have everything. Can faith give me real purpose?""",General,,i feel empty inside even though i have everything can faith give me real purpose
1a2b3c4d5e6f7g8h9i0j,आरव,शर्मा,Email,hi,Christian - grow in my faith,India,Uttar Pradesh,Lucknow,"""You are facing battles unseen, but remember, God has already won the victory. Keep your faith strong.""",Spiritual Warfare,,you are facing battles unseen but remember god has already won the victory keep your faith strong
2b3c4d5e6f7g8h9i0j1a,रेहान,वर्मा,Website,hi,I am not sure about Jesus,India,Maharashtra,Mumbai,"""Spiritual attacks are real, but so is God’s power. Seek Him, and He will give you strength.""",Spiritual Warfare,,spiritual attacks are real but so is god s power seek him and he will give you strength
3c4d5e6f7g8h9i0j1a2b,रिया,चौहान,Social Media,hi,I just decided to follow Jesus,India,Delhi,New Delhi,"""When darkness seems overwhelming, call on Jesus. His light will always break through.""",Spiritual Warfare,,when darkness seems overwhelming call on jesus his light will always break through
4d5e6f7g8h9i0j1a2b3c,कबीर,सिंह,Referral,hi,I want to come back to Jesus,India,Punjab,Chandigarh,"""The enemy wants you to feel defeated, but God is calling you back into His arms. Trust in Him.""",Spiritual Warfare,,the enemy wants you to feel defeated but god is calling you back into his arms trust in him
5e6f7g8h9i0j1a2b3c4d,समीर,अग्रवाल,Email,hi,I do not want to follow Jesus,India,Karnataka,Bangalore,"""Whether you believe it or not, the battle is real. But Jesus is waiting to fight for you.""",Spiritual Warfare,,whether you believe it or not the battle is real but jesus is waiting to fight for you
6f7g8h9i0j1a2b3c4d5e,अलीशा,जैन,Website,hi,Christian - grow in my faith,India,Gujarat,Ahmedabad,"""You are a warrior in Christ. Stand firm in prayer, and no attack of the enemy will defeat you.""",Spiritual Warfare,,you are a warrior in christ stand firm in prayer and no attack of the enemy will defeat you
7g8h9i0j1a2b3c4d5e6f,विशाल,गुप्ता,Social Media,hi,I am not sure about Jesus,India,Tamil Nadu,Chennai,"""Spiritual battles may leave you weary, but Jesus offers rest and protection. Will you seek Him?""",Spiritual Warfare,,spiritual battles may leave you weary but jesus offers rest and protection will you seek him
8h9i0j1a2b3c4d5e6f7g,काव्या,मेहता,Referral,hi,I just decided to follow Jesus,India,Telangana,Hyderabad,"""When you choose Jesus, you choose victory over the enemy. Keep moving forward in faith.""",Spiritual Warfare,,when you choose jesus you choose victory over the enemy keep moving forward in faith
9i0j1a2b3c4d5e6f7g8h,आदित्य,श्रीवास्तव,Email,hi,I want to come back to Jesus,India,Rajasthan,Jaipur,"""You may have walked away, but Jesus never left your side. Call on Him, and He will rescue you.""",Spiritual Warfare,,you may have walked away but jesus never left your side call on him and he will rescue you
0j1a2b3c4d5e6f7g8h9i,नेहा,तिवारी,Website,hi,I do not want to follow Jesus,India,Bihar,Patna,"""Even in doubt, God is fighting for you. Will you let Him into your life?""",Spiritual Warfare,,even in doubt god is fighting for you will you let him into your life
1k2l3m4n5o6p7q8r9s0t,अनुराग,जोशी,Social Media,hi,Christian - grow in my faith,India,Madhya Pradesh,Bhopal,"""The armor of God protects you. Stay strong in prayer and trust in His power.""",Spiritual Warfare,,the armor of god protects you stay strong in prayer and trust in his power
2l3m4n5o6p7q8r9s0t1k,रोहित,त्रिवेदी,Referral,hi,I am not sure about Jesus,India,Haryana,Gurgaon,"""The struggles you face are not just physical but spiritual. Jesus can give you true peace.""",Spiritual Warfare,,the struggles you face are not just physical but spiritual jesus can give you true peace
3m4n5o6p7q8r9s0t1k2l,माही,जोशी,Email,hi,I just decided to follow Jesus,India,Chhattisgarh,Raipur,"""Walking with Christ means facing battles, but He will never leave you alone.""",Spiritual Warfare,,walking with christ means facing battles but he will never leave you alone
4n5o6p7q8r9s0t1k2l3m,अर्पित,शर्मा,Website,hi,I want to come back to Jesus,India,Assam,Guwahati,"""You are never too far gone for God to rescue you. Call out to Him in your struggle.""",Spiritual Warfare,,you are never too far gone for god to rescue you call out to him in your struggle
5o6p7q8r9s0t1k2l3m4n,सुहानी,बंसल,Social Media,hi,I do not want to follow Jesus,India,Jharkhand,Ranchi,"""The spiritual realm is real, and so is Jesus’ power. Will you give Him a chance?""",Spiritual Warfare,,the spiritual realm is real and so is jesus power will you give him a chance
6p7q8r9s0t1k2l3m4n5o,निखिल,खन्ना,Referral,hi,Christian - grow in my faith,India,West Bengal,Kolkata,"""Equip yourself with prayer and scripture—the enemy cannot stand against God’s Word.""",Spiritual Warfare,,equip yourself with prayer and scripture the enemy cannot stand against god s word
7q8r9s0t1k2l3m4n5o6p,दीक्षा,गुप्ता,Email,hi,I am not sure about Jesus,India,Himachal Pradesh,Shimla,"""Doubt is the enemy’s weapon, but faith is your shield. Keep seeking the truth in Christ.""",Spiritual Warfare,,doubt is the enemy s weapon but faith is your shield keep seeking the truth in christ
8r9s0t1k2l3m4n5o6p7q,जतिन,वशिष्ठ,Website,hi,I just decided to follow Jesus,India,Odisha,Bhubaneswar,"""Now that you have chosen Jesus, be prepared for challenges. But He will fight for you!""",Spiritual Warfare,,now that you have chosen jesus be prepared for challenges but he will fight for you
9s0t1k2l3m4n5o6p7q8r,स्वाति,चतुर्वेदी,Social Media,hi,I want to come back to Jesus,India,Uttarakhand,Dehradun,"""No mistake is too big for God’s grace. He is calling you back to His love and protection.""",Spiritual Warfare,,no mistake is too big for god s grace he is calling you back to his love and protection
0t1k2l3m4n5o6p7q8r9s,हर्ष,सक्सेना,Referral,hi,I do not want to follow Jesus,India,Sikkim,Gangtok,"""The enemy wants you to stay away from faith, but Jesus is always ready to welcome you home.""",Spiritual Warfare,,the enemy wants you to stay away from faith but jesus is always ready to welcome you home
1a2b3c4d5e6f7g8h9i0j,Budi,Santoso,Email,id,I want to come back to Jesus,Indonesia,Java,West Java,"""I keep falling back into addiction, and I feel like I can't escape this cycle. I need help.""",Alcoholism and Drug Addiction,,i keep falling back into addiction and i feel like i can t escape this cycle i need help
2b3c4d5e6f7g8h9i0j1a,Siti,Rahmawati,Website,id,I am not sure about Jesus,Indonesia,Sumatra,North Sumatra,"""Alcohol helped me forget my problems, but now it's controlling me. I want to break free.""",Alcoholism and Drug Addiction,,alcohol helped me forget my problems but now it s controlling me i want to break free
3c4d5e6f7g8h9i0j1a2b,Agus,Prasetyo,Social Media,id,Christian - grow in my faith,Indonesia,Kalimantan,East Kalimantan,"""I've hurt my family because of my drinking. I don't know how to fix this mess.""",Alcoholism and Drug Addiction,,i ve hurt my family because of my drinking i don t know how to fix this mess
4d5e6f7g8h9i0j1a2b3c,Dewi,Lestari,Referral,id,I just decided to follow Jesus,Indonesia,Bali,Bali,"""Drugs gave me temporary happiness, but I feel emptier than ever. I need real peace.""",Alcoholism and Drug Addiction,,drugs gave me temporary happiness but i feel emptier than ever i need real peace
5e6f7g8h9i0j1a2b3c4d,Rudi,Saputra,Email,id,I do not want to follow Jesus,Indonesia,Sulawesi,South Sulawesi,"""I lost my job because of my addiction. I don't know if I have any hope left.""",Alcoholism and Drug Addiction,,i lost my job because of my addiction i don t know if i have any hope left
6f7g8h9i0j1a2b3c4d5e,Fitri,Wijaya,Website,id,I want to come back to Jesus,Indonesia,Papua,Papua,"""I tried quitting so many times, but I always relapse. I feel like a failure.""",Alcoholism and Drug Addiction,,i tried quitting so many times but i always relapse i feel like a failure
7g8h9i0j1a2b3c4d5e6f,Arif,Hidayat,Social Media,id,Christian - grow in my faith,Indonesia,Maluku,North Maluku,"""My family prays for me, but I don't know if God even hears me anymore.""",Alcoholism and Drug Addiction,,my family prays for me but i don t know if god even hears me anymore
8h9i0j1a2b3c4d5e6f7g,Yuli,Ramadhani,Referral,id,I am not sure about Jesus,Indonesia,Nusa Tenggara,West Nusa Tenggara,"""Drinking was my escape, but now I feel trapped. Can Jesus really set me free?""",Alcoholism and Drug Addiction,,drinking was my escape but now i feel trapped can jesus really set me free
9i0j1a2b3c4d5e6f7g8h,Dedi,Purnama,Email,id,I just decided to follow Jesus,Indonesia,Sumatra,Lampung,"""I know I need to change, but I don't know where to start. I'm scared.""",Alcoholism and Drug Addiction,,i know i need to change but i don t know where to start i m scared
0j1a2b3c4d5e6f7g8h9i,Rina,Sari,Website,id,I do not want to follow Jesus,Indonesia,Java,Central Java,"""I keep hearing about Jesus, but I don't know if He can really help me.""",Alcoholism and Drug Addiction,,i keep hearing about jesus but i don t know if he can really help me
1a2b3c4d5e6f7g8h9i0j,Toni,Wahyudi,Social Media,id,I want to come back to Jesus,Indonesia,Kalimantan,West Kalimantan,"""I lost everything—my family, my money, my dignity. Can God really restore me?""",Alcoholism and Drug Addiction,,i lost everything my family my money my dignity can god really restore me
2b3c4d5e6f7g8h9i0j1a,Lina,Kusuma,Referral,id,Christian - grow in my faith,Indonesia,Sulawesi,Central Sulawesi,"""I feel ashamed of my past. I want to be free, but I don't think I deserve it.""",Alcoholism and Drug Addiction,,i feel ashamed of my past i want to be free but i don t think i deserve it
3c4d5e6f7g8h9i0j1a2b,Adi,Firmansyah,Email,id,I am not sure about Jesus,Indonesia,Papua,West Papua,"""I keep searching for something to fill the emptiness inside me, but nothing works.""",Alcoholism and Drug Addiction,,i keep searching for something to fill the emptiness inside me but nothing works
4d5e6f7g8h9i0j1a2b3c,Wati,Gunawan,Website,id,I just decided to follow Jesus,Indonesia,Sumatra,West Sumatra,"""I feel like a prisoner to my addiction. Can faith really help me break these chains?""",Alcoholism and Drug Addiction,,i feel like a prisoner to my addiction can faith really help me break these chains
5e6f7g8h9i0j1a2b3c4d,Bayu,Setiawan,Social Media,id,I do not want to follow Jesus,Indonesia,Nusa Tenggara,East Nusa Tenggara,"""My friends encourage my drinking, but I know it's destroying me. I feel stuck.""",Alcoholism and Drug Addiction,,my friends encourage my drinking but i know it s destroying me i feel stuck
6f7g8h9i0j1a2b3c4d5e,Nia,Hartanto,Referral,id,I want to come back to Jesus,Indonesia,Java,Banten,"""I used to believe, but after everything I've done, I feel unworthy of God's love.""",Alcoholism and Drug Addiction,,i used to believe but after everything i ve done i feel unworthy of god s love
7g8h9i0j1a2b3c4d5e6f,Fajar,Kurniawan,Email,id,Christian - grow in my faith,Indonesia,Kalimantan,South Kalimantan,"""Every time I try to quit, temptation pulls me back. I feel helpless.""",Alcoholism and Drug Addiction,,every time i try to quit temptation pulls me back i feel helpless
8h9i0j1a2b3c4d5e6f7g,Rahayu,Mustika,Website,id,I am not sure about Jesus,Indonesia,Maluku,Maluku,"""I’ve hit rock bottom. I don't know if I can be saved from this life anymore.""",Alcoholism and Drug Addiction,,i ve hit rock bottom i don t know if i can be saved from this life anymore
9i0j1a2b3c4d5e6f7g8h,Joko,Suryanto,Social Media,id,I just decided to follow Jesus,Indonesia,Sulawesi,North Sulawesi,"""I want to change, but the cravings are unbearable. Does God understand my pain?""",Alcoholism and Drug Addiction,,i want to change but the cravings are unbearable does god understand my pain
0j1a2b3c4d5e6f7g8h9i,Mirna,Widodo,Referral,id,I do not want to follow Jesus,Indonesia,Papua,Papua,"""People tell me God can heal me, but I don’t know if I believe in Him.""",Alcoholism and Drug Addiction,,people tell me god can heal me but i don t know if i believe in him
1a2b3c4d5e6f7g8h9i0j,Budi,Santoso,Email,id,I want to come back to Jesus,Indonesia,Java,West Java,"""I feel like everything is falling apart. I don't know where to turn for help.""",Crisis,,i feel like everything is falling apart i don t know where to turn for help
2b3c4d5e6f7g8h9i0j1a,Siti,Rahmawati,Website,id,I am not sure about Jesus,Indonesia,Sumatra,North Sumatra,"""Life feels overwhelming, and I am losing hope. Is there any way out of this darkness?""",Crisis,,life feels overwhelming and i am losing hope is there any way out of this darkness
3c4d5e6f7g8h9i0j1a2b,Agus,Prasetyo,Social Media,id,Christian - grow in my faith,Indonesia,Kalimantan,East Kalimantan,"""I've been struggling with financial and emotional burdens. I need strength to keep going.""",Crisis,,i ve been struggling with financial and emotional burdens i need strength to keep going
4d5e6f7g8h9i0j1a2b3c,Dewi,Lestari,Referral,id,I just decided to follow Jesus,Indonesia,Bali,Bali,"""I feel lost and alone. I don’t know how to find peace in the middle of my struggles.""",Crisis,,i feel lost and alone i don t know how to find peace in the middle of my struggles
5e6f7g8h9i0j1a2b3c4d,Rudi,Saputra,Email,id,I do not want to follow Jesus,Indonesia,Sulawesi,South Sulawesi,"""Nothing seems to go right in my life. I feel like giving up.""",Crisis,,nothing seems to go right in my life i feel like giving up
6f7g8h9i0j1a2b3c4d5e,Fitri,Wijaya,Website,id,I want to come back to Jesus,Indonesia,Papua,Papua,"""I lost everything I worked for. I don’t know how to rebuild my life.""",Crisis,,i lost everything i worked for i don t know how to rebuild my life
7g8h9i0j1a2b3c4d5e6f,Arif,Hidayat,Social Media,id,Christian - grow in my faith,Indonesia,Maluku,North Maluku,"""I'm struggling to understand why bad things keep happening to me.""",Crisis,,i m struggling to understand why bad things keep happening to me
8h9i0j1a2b3c4d5e6f7g,Yuli,Ramadhani,Referral,id,I am not sure about Jesus,Indonesia,Nusa Tenggara,West Nusa Tenggara,"""I have so many unanswered questions about my suffering and pain.""",Crisis,,i have so many unanswered questions about my suffering and pain
9i0j1a2b3c4d5e6f7g8h,Dedi,Purnama,Email,id,I just decided to follow Jesus,Indonesia,Sumatra,Lampung,"""I want to have faith, but my problems seem too big for God to handle.""",Crisis,,i want to have faith but my problems seem too big for god to handle
0j1a2b3c4d5e6f7g8h9i,Rina,Sari,Website,id,I do not want to follow Jesus,Indonesia,Java,Central Java,"""People say God cares, but why do I still feel so abandoned?""",Crisis,,people say god cares but why do i still feel so abandoned
1a2b3c4d5e6f7g8h9i0j,Toni,Wahyudi,Social Media,id,I want to come back to Jesus,Indonesia,Kalimantan,West Kalimantan,"""I used to believe, but after everything I’ve been through, I feel distant from God.""",Crisis,,i used to believe but after everything i ve been through i feel distant from god
2b3c4d5e6f7g8h9i0j1a,Lina,Kusuma,Referral,id,Christian - grow in my faith,Indonesia,Sulawesi,Central Sulawesi,"""How do I trust God when everything around me is falling apart?""",Crisis,,how do i trust god when everything around me is falling apart
3c4d5e6f7g8h9i0j1a2b,Adi,Firmansyah,Email,id,I am not sure about Jesus,Indonesia,Papua,West Papua,"""I feel like I’m drowning in problems and I can’t find a way out.""",Crisis,,i feel like i m drowning in problems and i can t find a way out
4d5e6f7g8h9i0j1a2b3c,Wati,Gunawan,Website,id,I just decided to follow Jesus,Indonesia,Sumatra,West Sumatra,"""I need strength and guidance. I feel completely lost in this crisis.""",Crisis,,i need strength and guidance i feel completely lost in this crisis
5e6f7g8h9i0j1a2b3c4d,Bayu,Setiawan,Social Media,id,I do not want to follow Jesus,Indonesia,Nusa Tenggara,East Nusa Tenggara,"""Where is God when I need Him the most?""",Crisis,,where is god when i need him the most
6f7g8h9i0j1a2b3c4d5e,Nia,Hartanto,Referral,id,I want to come back to Jesus,Indonesia,Java,Banten,"""I feel like I am carrying a burden too heavy for me to bear.""",Crisis,,i feel like i am carrying a burden too heavy for me to bear
7g8h9i0j1a2b3c4d5e6f,Fajar,Kurniawan,Email,id,Christian - grow in my faith,Indonesia,Kalimantan,South Kalimantan,"""I’m praying for a breakthrough, but I feel like God is silent.""",Crisis,,i m praying for a breakthrough but i feel like god is silent
8h9i0j1a2b3c4d5e6f7g,Rahayu,Mustika,Website,id,I am not sure about Jesus,Indonesia,Maluku,Maluku,"""I don’t know how to keep moving forward when life keeps knocking me down.""",Crisis,,i don t know how to keep moving forward when life keeps knocking me down
9i0j1a2b3c4d5e6f7g8h,Joko,Suryanto,Social Media,id,I just decided to follow Jesus,Indonesia,Sulawesi,North Sulawesi,"""I need hope. I need to know that this struggle has a purpose.""",Crisis,,i need hope i need to know that this struggle has a purpose
0j1a2b3c4d5e6f7g8h9i,Mirna,Widodo,Referral,id,I do not want to follow Jesus,Indonesia,Papua,Papua,"""Everyone says to trust God, but how do I trust when my life is in ruins?""",Crisis,,everyone says to trust god but how do i trust when my life is in ruins
1a2b3c4d5e6f7g8h9i0j,Budi,Santoso,Email,id,I want to come back to Jesus,Indonesia,Java,West Java,"""My marriage feels like it's falling apart, and I don't know how to fix it. I feel so alone.""",Family and Marriage,,my marriage feels like it s falling apart and i don t know how to fix it i feel so alone
2b3c4d5e6f7g8h9i0j1a,Siti,Rahmawati,Website,id,I am not sure about Jesus,Indonesia,Sumatra,North Sumatra,"""We argue all the time, and it feels like love has disappeared from our home.""",Family and Marriage,,we argue all the time and it feels like love has disappeared from our home
3c4d5e6f7g8h9i0j1a2b,Agus,Prasetyo,Social Media,id,Christian - grow in my faith,Indonesia,Kalimantan,East Kalimantan,"""I feel like my spouse and I have grown apart, and I don’t know how to bring us closer again.""",Family and Marriage,,i feel like my spouse and i have grown apart and i don t know how to bring us closer again
4d5e6f7g8h9i0j1a2b3c,Dewi,Lestari,Referral,id,I just decided to follow Jesus,Indonesia,Bali,Bali,"""Marriage was supposed to be beautiful, but all I feel is stress and frustration.""",Family and Marriage,,marriage was supposed to be beautiful but all i feel is stress and frustration
5e6f7g8h9i0j1a2b3c4d,Rudi,Saputra,Email,id,I do not want to follow Jesus,Indonesia,Sulawesi,South Sulawesi,"""I don’t know how much longer I can hold on. Our relationship is filled with pain and distance.""",Family and Marriage,,i don t know how much longer i can hold on our relationship is filled with pain and distance
6f7g8h9i0j1a2b3c4d5e,Fitri,Wijaya,Website,id,I want to come back to Jesus,Indonesia,Papua,Papua,"""We used to be so close, but now it feels like we are just strangers living under the same roof.""",Family and Marriage,,we used to be so close but now it feels like we are just strangers living under the same roof
7g8h9i0j1a2b3c4d5e6f,Arif,Hidayat,Social Media,id,Christian - grow in my faith,Indonesia,Maluku,North Maluku,"""I want to be a good spouse, but I feel like I keep failing.""",Family and Marriage,,i want to be a good spouse but i feel like i keep failing
8h9i0j1a2b3c4d5e6f7g,Yuli,Ramadhani,Referral,id,I am not sure about Jesus,Indonesia,Nusa Tenggara,West Nusa Tenggara,"""We used to be in love, but now we barely speak to each other.""",Family and Marriage,,we used to be in love but now we barely speak to each other
9i0j1a2b3c4d5e6f7g8h,Dedi,Purnama,Email,id,I just decided to follow Jesus,Indonesia,Sumatra,Lampung,"""Every day feels like a battle at home. I don't know how to find peace in our relationship.""",Family and Marriage,,every day feels like a battle at home i don t know how to find peace in our relationship
0j1a2b3c4d5e6f7g8h9i,Rina,Sari,Website,id,I do not want to follow Jesus,Indonesia,Java,Central Java,"""I thought love was enough, but now I feel like I’m just surviving in this marriage.""",Family and Marriage,,i thought love was enough but now i feel like i m just surviving in this marriage
1a2b3c4d5e6f7g8h9i0j,Toni,Wahyudi,Social Media,id,I want to come back to Jesus,Indonesia,Kalimantan,West Kalimantan,"""I feel like I am losing my family, and I don’t know what to do anymore.""",Family and Marriage,,i feel like i am losing my family and i don t know what to do anymore
2b3c4d5e6f7g8h9i0j1a,Lina,Kusuma,Referral,id,Christian - grow in my faith,Indonesia,Sulawesi,Central Sulawesi,"""I love my spouse, but it feels like we are on completely different paths.""",Family and Marriage,,i love my spouse but it feels like we are on completely different paths
3c4d5e6f7g8h9i0j1a2b,Adi,Firmansyah,Email,id,I am not sure about Jesus,Indonesia,Papua,West Papua,"""I don’t know how to trust again after everything we have been through.""",Family and Marriage,,i don t know how to trust again after everything we have been through
4d5e6f7g8h9i0j1a2b3c,Wati,Gunawan,Website,id,I just decided to follow Jesus,Indonesia,Sumatra,West Sumatra,"""I am afraid my marriage is over, but I don’t want to give up yet.""",Family and Marriage,,i am afraid my marriage is over but i don t want to give up yet
5e6f7g8h9i0j1a2b3c4d,Bayu,Setiawan,Social Media,id,I do not want to follow Jesus,Indonesia,Nusa Tenggara,East Nusa Tenggara,"""My partner doesn’t understand me anymore, and I feel completely alone.""",Family and Marriage,,my partner doesn t understand me anymore and i feel completely alone
6f7g8h9i0j1a2b3c4d5e,Nia,Hartanto,Referral,id,I want to come back to Jesus,Indonesia,Java,Banten,"""I want to save my marriage, but I don’t know if it’s even possible anymore.""",Family and Marriage,,i want to save my marriage but i don t know if it s even possible anymore
7g8h9i0j1a2b3c4d5e6f,Fajar,Kurniawan,Email,id,Christian - grow in my faith,Indonesia,Kalimantan,South Kalimantan,"""I feel like we are constantly fighting, and I don’t know how to find peace.""",Family and Marriage,,i feel like we are constantly fighting and i don t know how to find peace
8h9i0j1a2b3c4d5e6f7g,Rahayu,Mustika,Website,id,I am not sure about Jesus,Indonesia,Maluku,Maluku,"""My heart is broken, and I don’t know how to repair the damage.""",Family and Marriage,,my heart is broken and i don t know how to repair the damage
9i0j1a2b3c4d5e6f7g8h,Joko,Suryanto,Social Media,id,I just decided to follow Jesus,Indonesia,Sulawesi,North Sulawesi,"""I need guidance and wisdom. My marriage feels like it’s slipping through my fingers.""",Family and Marriage,,i need guidance and wisdom my marriage feels like it s slipping through my fingers
0j1a2b3c4d5e6f7g8h9i,Mirna,Widodo,Referral,id,I do not want to follow Jesus,Indonesia,Papua,Papua,"""I don’t know how much more heartbreak I can take in my marriage.""",Family and Marriage,,i don t know how much more heartbreak i can take in my marriage
1a2b3c4d5e6f7g8h9i0j,Budi,Santoso,Email,id,I want to come back to Jesus,Indonesia,Java,West Java,"""Life feels overwhelming right now, and I don’t know where to turn for help.""",General,,life feels overwhelming right now and i don t know where to turn for help
2b3c4d5e6f7g8h9i0j1a,Siti,Rahmawati,Website,id,I am not sure about Jesus,Indonesia,Sumatra,North Sumatra,"""I feel lost and uncertain about my future, like I'm walking without direction.""",General,,i feel lost and uncertain about my future like i m walking without direction
3c4d5e6f7g8h9i0j1a2b,Agus,Prasetyo,Social Media,id,Christian - grow in my faith,Indonesia,Kalimantan,East Kalimantan,"""I am struggling to find peace in the middle of all my worries and fears.""",General,,i am struggling to find peace in the middle of all my worries and fears
4d5e6f7g8h9i0j1a2b3c,Dewi,Lestari,Referral,id,I just decided to follow Jesus,Indonesia,Bali,Bali,"""Everything feels like it’s falling apart, and I don’t know how to keep going.""",General,,everything feels like it s falling apart and i don t know how to keep going
5e6f7g8h9i0j1a2b3c4d,Rudi,Saputra,Email,id,I do not want to follow Jesus,Indonesia,Sulawesi,South Sulawesi,"""I feel stuck in life, like nothing I do ever moves me forward.""",General,,i feel stuck in life like nothing i do ever moves me forward
6f7g8h9i0j1a2b3c4d5e,Fitri,Wijaya,Website,id,I want to come back to Jesus,Indonesia,Papua,Papua,"""No matter how hard I try, I always feel like I’m not good enough.""",General,,no matter how hard i try i always feel like i m not good enough
7g8h9i0j1a2b3c4d5e6f,Arif,Hidayat,Social Media,id,Christian - grow in my faith,Indonesia,Maluku,North Maluku,"""I'm constantly battling anxiety, and it’s exhausting.""",General,,i m constantly battling anxiety and it s exhausting
8h9i0j1a2b3c4d5e6f7g,Yuli,Ramadhani,Referral,id,I am not sure about Jesus,Indonesia,Nusa Tenggara,West Nusa Tenggara,"""It feels like I’m carrying a heavy burden that I can’t share with anyone.""",General,,it feels like i m carrying a heavy burden that i can t share with anyone
9i0j1a2b3c4d5e6f7g8h,Dedi,Purnama,Email,id,I just decided to follow Jesus,Indonesia,Sumatra,Lampung,"""I struggle with loneliness, even when I am surrounded by people.""",General,,i struggle with loneliness even when i am surrounded by people
0j1a2b3c4d5e6f7g8h9i,Rina,Sari,Website,id,I do not want to follow Jesus,Indonesia,Java,Central Java,"""I feel like I have failed in so many ways, and I don’t know how to start again.""",General,,i feel like i have failed in so many ways and i don t know how to start again
1a2b3c4d5e6f7g8h9i0j,Toni,Wahyudi,Social Media,id,I want to come back to Jesus,Indonesia,Kalimantan,West Kalimantan,"""There are days when I feel completely hopeless, and I don’t know why.""",General,,there are days when i feel completely hopeless and i don t know why
2b3c4d5e6f7g8h9i0j1a,Lina,Kusuma,Referral,id,Christian - grow in my faith,Indonesia,Sulawesi,Central Sulawesi,"""I need strength to face the challenges that keep coming my way.""",General,,i need strength to face the challenges that keep coming my way
3c4d5e6f7g8h9i0j1a2b,Adi,Firmansyah,Email,id,I am not sure about Jesus,Indonesia,Papua,West Papua,"""Lately, I’ve been struggling with my faith and wondering if God is really there.""",General,,lately i ve been struggling with my faith and wondering if god is really there
4d5e6f7g8h9i0j1a2b3c,Wati,Gunawan,Website,id,I just decided to follow Jesus,Indonesia,Sumatra,West Sumatra,"""I feel like I am constantly fighting an unseen battle in my heart and mind.""",General,,i feel like i am constantly fighting an unseen battle in my heart and mind
5e6f7g8h9i0j1a2b3c4d,Bayu,Setiawan,Social Media,id,I do not want to follow Jesus,Indonesia,Nusa Tenggara,East Nusa Tenggara,"""I don’t know what my purpose in life is, and it’s frustrating.""",General,,i don t know what my purpose in life is and it s frustrating
6f7g8h9i0j1a2b3c4d5e,Nia,Hartanto,Referral,id,I want to come back to Jesus,Indonesia,Java,Banten,"""I feel like I am always pretending to be happy when inside, I am struggling.""",General,,i feel like i am always pretending to be happy when inside i am struggling
7g8h9i0j1a2b3c4d5e6f,Fajar,Kurniawan,Email,id,Christian - grow in my faith,Indonesia,Kalimantan,South Kalimantan,"""I want to believe that things will get better, but right now, it feels impossible.""",General,,i want to believe that things will get better but right now it feels impossible
8h9i0j1a2b3c4d5e6f7g,Rahayu,Mustika,Website,id,I am not sure about Jesus,Indonesia,Maluku,Maluku,"""I feel like I have no control over my life, and it's scary.""",General,,i feel like i have no control over my life and it s scary
9i0j1a2b3c4d5e6f7g8h,Joko,Suryanto,Social Media,id,I just decided to follow Jesus,Indonesia,Sulawesi,North Sulawesi,"""I need guidance and wisdom because I feel lost in this season of my life.""",General,,i need guidance and wisdom because i feel lost in this season of my life
0j1a2b3c4d5e6f7g8h9i,Mirna,Widodo,Referral,id,I do not want to follow Jesus,Indonesia,Papua,Papua,"""I don’t know if I can handle the struggles I am facing right now.""",General,,i don t know if i can handle the struggles i am facing right now
1a2b3c4d5e6f7g8h9i0j,Budi,Santoso,Email,id,I want to come back to Jesus,Indonesia,Java,West Java,"""I feel like I am in a constant battle between good and evil, and I don't know how to overcome it.""",Spiritual Warfare,,i feel like i am in a constant battle between good and evil and i don t know how to overcome it
2b3c4d5e6f7g8h9i0j1a,Siti,Rahmawati,Website,id,I am not sure about Jesus,Indonesia,Sumatra,North Sumatra,"""There are moments when I feel like unseen forces are working against me, and it scares me.""",Spiritual Warfare,,there are moments when i feel like unseen forces are working against me and it scares me
3c4d5e6f7g8h9i0j1a2b,Agus,Prasetyo,Social Media,id,Christian - grow in my faith,Indonesia,Kalimantan,East Kalimantan,"""I know that God is with me, but the attacks on my mind and heart feel overwhelming.""",Spiritual Warfare,,i know that god is with me but the attacks on my mind and heart feel overwhelming
4d5e6f7g8h9i0j1a2b3c,Dewi,Lestari,Referral,id,I just decided to follow Jesus,Indonesia,Bali,Bali,"""Since I started seeking God more, it feels like the struggles have increased in my life.""",Spiritual Warfare,,since i started seeking god more it feels like the struggles have increased in my life
5e6f7g8h9i0j1a2b3c4d,Rudi,Saputra,Email,id,I do not want to follow Jesus,Indonesia,Sulawesi,South Sulawesi,"""I feel like something is always trying to pull me away from the truth, and I don’t know why.""",Spiritual Warfare,,i feel like something is always trying to pull me away from the truth and i don t know why
6f7g8h9i0j1a2b3c4d5e,Fitri,Wijaya,Website,id,I want to come back to Jesus,Indonesia,Papua,Papua,"""Every time I take a step forward in my faith, I face challenges that try to break me.""",Spiritual Warfare,,every time i take a step forward in my faith i face challenges that try to break me
7g8h9i0j1a2b3c4d5e6f,Arif,Hidayat,Social Media,id,Christian - grow in my faith,Indonesia,Maluku,North Maluku,"""The spiritual battles I face are real, and I need strength to overcome them.""",Spiritual Warfare,,the spiritual battles i face are real and i need strength to overcome them
8h9i0j1a2b3c4d5e6f7g,Yuli,Ramadhani,Referral,id,I am not sure about Jesus,Indonesia,Nusa Tenggara,West Nusa Tenggara,"""Sometimes, it feels like I'm fighting a war I cannot see, but I feel its effects deeply.""",Spiritual Warfare,,sometimes it feels like i m fighting a war i cannot see but i feel its effects deeply
9i0j1a2b3c4d5e6f7g8h,Dedi,Purnama,Email,id,I just decided to follow Jesus,Indonesia,Sumatra,Lampung,"""I feel oppressed by negativity and fear, and I don’t know how to break free from it.""",Spiritual Warfare,,i feel oppressed by negativity and fear and i don t know how to break free from it
0j1a2b3c4d5e6f7g8h9i,Rina,Sari,Website,id,I do not want to follow Jesus,Indonesia,Java,Central Java,"""Something inside me keeps resisting change, even when I know I need it.""",Spiritual Warfare,,something inside me keeps resisting change even when i know i need it
1a2b3c4d5e6f7g8h9i0j,Toni,Wahyudi,Social Media,id,I want to come back to Jesus,Indonesia,Kalimantan,West Kalimantan,"""I struggle with doubt and fear, as if something is trying to shake my faith.""",Spiritual Warfare,,i struggle with doubt and fear as if something is trying to shake my faith
2b3c4d5e6f7g8h9i0j1a,Lina,Kusuma,Referral,id,Christian - grow in my faith,Indonesia,Sulawesi,Central Sulawesi,"""There are days when I feel spiritually exhausted and unable to fight anymore.""",Spiritual Warfare,,there are days when i feel spiritually exhausted and unable to fight anymore
3c4d5e6f7g8h9i0j1a2b,Adi,Firmansyah,Email,id,I am not sure about Jesus,Indonesia,Papua,West Papua,"""I see darkness creeping into my life, and I don’t know how to stop it.""",Spiritual Warfare,,i see darkness creeping into my life and i don t know how to stop it
4d5e6f7g8h9i0j1a2b3c,Wati,Gunawan,Website,id,I just decided to follow Jesus,Indonesia,Sumatra,West Sumatra,"""Why do I feel like I am under constant attack since I started seeking God?""",Spiritual Warfare,,why do i feel like i am under constant attack since i started seeking god
5e6f7g8h9i0j1a2b3c4d,Bayu,Setiawan,Social Media,id,I do not want to follow Jesus,Indonesia,Nusa Tenggara,East Nusa Tenggara,"""I want peace in my life, but I feel like there is always a battle going on within me.""",Spiritual Warfare,,i want peace in my life but i feel like there is always a battle going on within me
6f7g8h9i0j1a2b3c4d5e,Nia,Hartanto,Referral,id,I want to come back to Jesus,Indonesia,Java,Banten,"""The more I try to do good, the more I feel like I am being fought against.""",Spiritual Warfare,,the more i try to do good the more i feel like i am being fought against
7g8h9i0j1a2b3c4d5e6f,Fajar,Kurniawan,Email,id,Christian - grow in my faith,Indonesia,Kalimantan,South Kalimantan,"""I want to trust God, but I feel like something keeps pulling me away from Him.""",Spiritual Warfare,,i want to trust god but i feel like something keeps pulling me away from him
8h9i0j1a2b3c4d5e6f7g,Rahayu,Mustika,Website,id,I am not sure about Jesus,Indonesia,Maluku,Maluku,"""I struggle with unseen forces that make me question my faith and purpose.""",Spiritual Warfare,,i struggle with unseen forces that make me question my faith and purpose
9i0j1a2b3c4d5e6f7g8h,Joko,Suryanto,Social Media,id,I just decided to follow Jesus,Indonesia,Sulawesi,North Sulawesi,"""Why does it seem like every time I grow in faith, I face more difficulties?""",Spiritual Warfare,,why does it seem like every time i grow in faith i face more difficulties
0j1a2b3c4d5e6f7g8h9i,Mirna,Widodo,Referral,id,I do not want to follow Jesus,Indonesia,Papua,Papua,"""I want to believe, but I feel like something is blocking me from fully trusting in God.""",Spiritual Warfare,,i want to believe but i feel like something is blocking me from fully trusting in god
1a2b3c4d5e6f7g8h9i0j,João,Pereira,Email,pt,Christian - grow in my faith,Brazil,Southeast,São Paulo,"""I have been struggling with alcoholism for years, and I feel trapped. I pray for the strength to overcome this.""",Alcoholism and Drug Addiction,,i have been struggling with alcoholism years and i feel trapped i pray the strength to overcome this
2b3c4d5e6f7g8h9i0j1a,Maria,Fernandes,Website,pt,I am not sure about Jesus,Portugal,Lisbon,Lisbon,"""I don't know if God can help me with my addiction, but I hope there is a way out of this darkness.""",Alcoholism and Drug Addiction,,i don t know if god can help with my addiction but i hope there is way out of this darkness
3c4d5e6f7g8h9i0j1a2b,Carlos,Oliveira,Social Media,pt,I just decided to follow Jesus,Angola,Luanda,Luanda,"""I have chosen to follow Jesus, but the temptation of addiction is still strong. I need His help to stay on the right path.""",Alcoholism and Drug Addiction,,i have chosen to follow jesus but the temptation of addiction is still strong i need his help to stay on the right path
4d5e6f7g8h9i0j1a2b3c,Ana,Costa,Referral,pt,I want to come back to Jesus,Mozambique,Maputo,Maputo,"""I strayed away from my faith while battling addiction. I want to come back to Jesus and find healing.""",Alcoholism and Drug Addiction,,i strayed away from my faith while battling addiction i want to come back to jesus and find healing
5e6f7g8h9i0j1a2b3c4d,Pedro,Rodrigues,Email,pt,I do not want to follow Jesus,Brazil,Northeast,Bahia,"""I feel like I have lost all hope. I have tried to stop drinking, but nothing seems to work.""",Alcoholism and Drug Addiction,,i feel like i have lost all hope i have tried to stop drinking but nothing seems to work
6f7g8h9i0j1a2b3c4d5e,Beatriz,Almeida,Website,pt,Christian - grow in my faith,Portugal,Porto,Porto,"""Each day is a battle, but I trust God is walking with me as I fight against my addiction.""",Alcoholism and Drug Addiction,,each day is battle but i trust god is walking with i fight against my addiction
7g8h9i0j1a2b3c4d5e6f,Lucas,Nunes,Social Media,pt,I am not sure about Jesus,Brazil,South,Rio Grande do Sul,"""I've heard about Jesus helping people in their struggles, but I am not sure if He can really help me.""",Alcoholism and Drug Addiction,,i ve heard about jesus helping people in their struggles but i am not sure if he can really help
8h9i0j1a2b3c4d5e6f7g,Sofia,Carvalho,Referral,pt,I just decided to follow Jesus,Angola,Benguela,Benguela,"""I am new to faith and trying to overcome my addiction. I need strength to stay committed to Jesus.""",Alcoholism and Drug Addiction,,i am new to faith and trying to overcome my addiction i need strength to stay committed to jesus
9i0j1a2b3c4d5e6f7g8h,Bruno,Lima,Email,pt,I want to come back to Jesus,Mozambique,Nampula,Nampula,"""I abandoned my faith because of my addiction, but now I want to find my way back to God.""",Alcoholism and Drug Addiction,,i abandoned my faith because of my addiction but now i want to find my way back to god
0j1a2b3c4d5e6f7g8h9i,Carolina,Batista,Website,pt,I do not want to follow Jesus,Portugal,Algarve,Faro,"""I feel like I have lost control of my life. I am not sure if faith can really help me.""",Alcoholism and Drug Addiction,,i feel like i have lost control of my life i am not sure if faith can really help
1k2l3m4n5o6p7q8r9s0t,Tiago,Sousa,Social Media,pt,Christian - grow in my faith,Brazil,Central-West,Goiás,"""My faith in Jesus gives me hope every day, even though addiction still haunts me.""",Alcoholism and Drug Addiction,,my faith in jesus gives hope every day even though addiction still haunts
2l3m4n5o6p7q8r9s0t1k,Luana,Teixeira,Referral,pt,I am not sure about Jesus,Angola,Huambo,Huambo,"""I have heard about Jesus, but I am not sure He can change my life and free me from this addiction.""",Alcoholism and Drug Addiction,,i have heard about jesus but i am not sure he can change my life and free from this addiction
3m4n5o6p7q8r9s0t1k2l,Rafael,Mendes,Email,pt,I just decided to follow Jesus,Mozambique,Sofala,Beira,"""Following Jesus is my new path, but I still feel the weight of addiction. I pray for deliverance.""",Alcoholism and Drug Addiction,,following jesus is my new path but i still feel the weight of addiction i pray deliverance
4n5o6p7q8r9s0t1k2l3m,Daniela,Martins,Website,pt,I want to come back to Jesus,Portugal,Madeira,Funchal,"""I was lost in addiction and away from my faith. Now, I want to find my way back to Jesus.""",Alcoholism and Drug Addiction,,i was lost in addiction and away from my faith now i want to find my way back to jesus
5o6p7q8r9s0t1k2l3m4n,Fernando,Ribeiro,Social Media,pt,I do not want to follow Jesus,Brazil,North,Amazonas,"""I feel like giving up. My addiction has taken everything from me, and I don't know where to turn.""",Alcoholism and Drug Addiction,,i feel like giving up my addiction has taken everything from and i don t know where to turn
6p7q8r9s0t1k2l3m4n5o,Camila,Lopes,Referral,pt,Christian - grow in my faith,Portugal,Azores,Ponta Delgada,"""I know God is with me, but overcoming addiction is still a daily struggle.""",Alcoholism and Drug Addiction,,i know god is with but overcoming addiction is still daily struggle
7q8r9s0t1k2l3m4n5o6p,André,Moreira,Email,pt,I am not sure about Jesus,Angola,Malanje,Malanje,"""I have tried everything to quit drinking, but nothing works. I wonder if Jesus can truly help.""",Alcoholism and Drug Addiction,,i have tried everything to quit drinking but nothing works i wonder if jesus can truly help
8r9s0t1k2l3m4n5o6p7q,Vanessa,Gonçalves,Website,pt,I just decided to follow Jesus,Mozambique,Zambezia,Quelimane,"""Choosing Jesus is my fresh start. I just need the strength to keep going.""",Alcoholism and Drug Addiction,,choosing jesus is my fresh start i just need the strength to keep going
9s0t1k2l3m4n5o6p7q8r,Leonardo,Castro,Social Media,pt,I want to come back to Jesus,Brazil,Midwest,Mato Grosso,"""I abandoned my faith during my struggle, but now I am seeking Jesus again.""",Alcoholism and Drug Addiction,,i abandoned my faith during my struggle but now i am seeking jesus again
1a2b3c4d5e6f7g8h9i0j,João,Pereira,Email,pt,Christian - grow in my faith,Brazil,Southeast,São Paulo,"""I feel lost in the midst of my financial crisis. I pray for wisdom and strength to endure this storm.""",Crisis,,i feel lost in the midst of my financial crisis i pray wisdom and strength to endure this storm
2b3c4d5e6f7g8h9i0j1a,Maria,Fernandes,Website,pt,I am not sure about Jesus,Portugal,Lisbon,Lisbon,"""My life feels like it's falling apart. I don't know if Jesus can help, but I need hope.""",Crisis,,my life feels like it s falling apart i don t know if jesus can help but i need hope
3c4d5e6f7g8h9i0j1a2b,Carlos,Oliveira,Social Media,pt,I just decided to follow Jesus,Angola,Luanda,Luanda,"""I have just started my faith journey, but this crisis is testing me. I need guidance and strength.""",Crisis,,i have just started my faith journey but this crisis is testing i need guidance and strength
4d5e6f7g8h9i0j1a2b3c,Ana,Costa,Referral,pt,I want to come back to Jesus,Mozambique,Maputo,Maputo,"""I turned away from my faith during hard times. Now, in this crisis, I want to find Jesus again.""",Crisis,,i turned away from my faith during hard times now in this crisis i want to find jesus again
5e6f7g8h9i0j1a2b3c4d,Pedro,Rodrigues,Email,pt,I do not want to follow Jesus,Brazil,Northeast,Bahia,"""I feel hopeless and abandoned in this crisis. I don’t think faith can help me.""",Crisis,,i feel hopeless and abandoned in this crisis i don t think faith can help
6f7g8h9i0j1a2b3c4d5e,Beatriz,Almeida,Website,pt,Christian - grow in my faith,Portugal,Porto,Porto,"""I know that God is with me, but this crisis is making it hard to see the light.""",Crisis,,i know that god is with but this crisis is making it hard to see the light
7g8h9i0j1a2b3c4d5e6f,Lucas,Nunes,Social Media,pt,I am not sure about Jesus,Brazil,South,Rio Grande do Sul,"""I've heard that Jesus can bring peace, but my life is in chaos. Can He really help?""",Crisis,,i ve heard that jesus can bring peace but my life is in chaos can he really help
8h9i0j1a2b3c4d5e6f7g,Sofia,Carvalho,Referral,pt,I just decided to follow Jesus,Angola,Benguela,Benguela,"""I chose to follow Jesus, but my struggles are overwhelming. I need faith to keep going.""",Crisis,,i chose to follow jesus but my struggles are overwhelming i need faith to keep going
9i0j1a2b3c4d5e6f7g8h,Bruno,Lima,Email,pt,I want to come back to Jesus,Mozambique,Nampula,Nampula,"""I lost faith when my crisis started. Now I want to return to Jesus and find peace.""",Crisis,,i lost faith when my crisis started now i want to return to jesus and find peace
0j1a2b3c4d5e6f7g8h9i,Carolina,Batista,Website,pt,I do not want to follow Jesus,Portugal,Algarve,Faro,"""I feel like everything is going wrong, and I don’t see how Jesus can change that.""",Crisis,,i feel like everything is going wrong and i don t see how jesus can change that
1k2l3m4n5o6p7q8r9s0t,Tiago,Sousa,Social Media,pt,Christian - grow in my faith,Brazil,Central-West,Goiás,"""I trust in God, but this crisis is testing my faith. I need strength to hold on.""",Crisis,,i trust in god but this crisis is testing my faith i need strength to hold on
2l3m4n5o6p7q8r9s0t1k,Luana,Teixeira,Referral,pt,I am not sure about Jesus,Angola,Huambo,Huambo,"""I don’t know if Jesus is real, but I need something to give me hope in this crisis.""",Crisis,,i don t know if jesus is real but i need something to give hope in this crisis
3m4n5o6p7q8r9s0t1k2l,Rafael,Mendes,Email,pt,I just decided to follow Jesus,Mozambique,Sofala,Beira,"""Starting my faith journey in the middle of this crisis is hard. I need guidance.""",Crisis,,starting my faith journey in the middle of this crisis is hard i need guidance
4n5o6p7q8r9s0t1k2l3m,Daniela,Martins,Website,pt,I want to come back to Jesus,Portugal,Madeira,Funchal,"""I lost my way when times got tough, but now I want to return to Jesus and find peace.""",Crisis,,i lost my way when times got tough but now i want to return to jesus and find peace
5o6p7q8r9s0t1k2l3m4n,Fernando,Ribeiro,Social Media,pt,I do not want to follow Jesus,Brazil,North,Amazonas,"""I feel like I have nowhere to turn in this crisis. I don’t believe faith can help me.""",Crisis,,i feel like i have nowhere to turn in this crisis i don t believe faith can help
6p7q8r9s0t1k2l3m4n5o,Camila,Lopes,Referral,pt,Christian - grow in my faith,Portugal,Azores,Ponta Delgada,"""I am trying to trust God, but this crisis makes it so difficult. I need His strength.""",Crisis,,i am trying to trust god but this crisis makes it so difficult i need his strength
7q8r9s0t1k2l3m4n5o6p,André,Moreira,Email,pt,I am not sure about Jesus,Angola,Malanje,Malanje,"""Everything is falling apart. I am searching for hope, but I don’t know if Jesus is the answer.""",Crisis,,everything is falling apart i am searching hope but i don t know if jesus is the answer
8r9s0t1k2l3m4n5o6p7q,Vanessa,Gonçalves,Website,pt,I just decided to follow Jesus,Mozambique,Zambezia,Quelimane,"""Following Jesus is supposed to bring peace, but I am still struggling in this crisis.""",Crisis,,following jesus is supposed to bring peace but i am still struggling in this crisis
9s0t1k2l3m4n5o6p7q8r,Leonardo,Castro,Social Media,pt,I want to come back to Jesus,Brazil,Midwest,Mato Grosso,"""I abandoned my faith when my struggles began, but now I am seeking Jesus again.""",Crisis,,i abandoned my faith when my struggles began but now i am seeking jesus again
1a2b3c4d5e6f7g8h9i0j,João,Pereira,Email,pt,Christian - grow in my faith,Brazil,Southeast,São Paulo,"""I've been struggling in my marriage, and it feels like we are growing apart. I pray for strength and wisdom to rebuild our love.""",Family and Marriage,,i ve been struggling in my marriage and it feels like we are growing apart i pray strength and wisdom to rebuild our love
2b3c4d5e6f7g8h9i0j1a,Maria,Fernandes,Website,pt,I am not sure about Jesus,Portugal,Lisbon,Lisbon,"""Arguments and misunderstandings have become daily struggles in my family. I feel lost and need guidance to find peace.""",Family and Marriage,,arguments and misunderstandings have become daily struggles in my family i feel lost and need guidance to find peace
3c4d5e6f7g8h9i0j1a2b,Carlos,Oliveira,Social Media,pt,I just decided to follow Jesus,Angola,Luanda,Luanda,"""My spouse and I barely talk anymore. I want to restore our love, but I don’t know where to start. Lord, help me.""",Family and Marriage,,my spouse and i barely talk anymore i want to restore our love but i don t know where to start lord help
4d5e6f7g8h9i0j1a2b3c,Ana,Costa,Referral,pt,I do not want to follow Jesus,Mozambique,Maputo,Maputo,"""After years of marriage, I feel disconnected from my partner. I wonder if faith can help us heal.""",Family and Marriage,,after years of marriage i feel disconnected from my partner i wonder if faith can help us heal
5e6f7g8h9i0j1a2b3c4d,Luís,Ribeiro,Email,pt,I want to come back to Jesus,Brazil,Northeast,Bahia,"""Infidelity has broken my trust. I want to forgive, but the pain is unbearable. I need God’s guidance to move forward.""",Family and Marriage,,infidelity has broken my trust i want to forgive but the pain is unbearable i need god s guidance to move forward
6f7g8h9i0j1a2b3c4d5e,Beatriz,Nascimento,Website,pt,Christian - grow in my faith,Portugal,Porto,Porto,"""My children are struggling because of our fights. I want to fix things for them, but I feel so helpless.""",Family and Marriage,,my children are struggling because of our fights i want to fix things them but i feel so helpless
7g8h9i0j1a2b3c4d5e6f,Henrique,Martins,Social Media,pt,I am not sure about Jesus,Angola,Benguela,Benguela,"""Separation seems like the only option, but deep down I want to believe there is hope for our marriage.""",Family and Marriage,,separation seems like the only option but deep down i want to believe there is hope our marriage
8h9i0j1a2b3c4d5e6f7g,Camila,Almeida,Referral,pt,I just decided to follow Jesus,Mozambique,Sofala,Beira,"""I feel alone in my marriage. I pray for the strength to communicate better and rebuild our love.""",Family and Marriage,,i feel alone in my marriage i pray the strength to communicate better and rebuild our love
9i0j1a2b3c4d5e6f7g8h,Rafael,Lima,Email,pt,I do not want to follow Jesus,Brazil,South,Rio Grande do Sul,"""I don’t know if faith can save my marriage, but I am desperate for change. Things cannot continue like this.""",Family and Marriage,,i don t know if faith can save my marriage but i am desperate change things cannot continue like this
0j1a2b3c4d5e6f7g8h9i,Sofia,Barbosa,Website,pt,I want to come back to Jesus,Portugal,Algarve,Faro,"""We promised to be together forever, but now it feels like we’re strangers. I pray for healing in our relationship.""",Family and Marriage,,we promised to be together forever but now it feels like we re strangers i pray healing in our relationship
1k2l3m4n5o6p7q8r9s0t,Miguel,Rocha,Social Media,pt,Christian - grow in my faith,Brazil,Midwest,Goiás,"""Financial problems are creating so much stress in my marriage. I pray for wisdom to handle our struggles together.""",Family and Marriage,,financial problems are creating so much stress in my marriage i pray wisdom to handle our struggles together
2l3m4n5o6p7q8r9s0t1k,Larissa,Melo,Referral,pt,I am not sure about Jesus,Angola,Huíla,Lubango,"""I love my spouse, but we’ve lost our emotional connection. I need guidance on how to restore what we once had.""",Family and Marriage,,i love my spouse but we ve lost our emotional connection i need guidance on how to restore what we once had
3m4n5o6p7q8r9s0t1k2l,Tiago,Duarte,Email,pt,I just decided to follow Jesus,Mozambique,Nampula,Nampula,"""Raising kids while dealing with marriage issues is exhausting. I ask for strength and patience in this difficult time.""",Family and Marriage,,raising kids while dealing with marriage issues is exhausting i ask strength and patience in this difficult time
4n5o6p7q8r9s0t1k2l3m,Mariana,Cardoso,Website,pt,I do not want to follow Jesus,Portugal,Madeira,Funchal,"""My partner and I see life so differently now. I wonder if we can ever be happy together again.""",Family and Marriage,,my partner and i see life so differently now i wonder if we can ever be happy together again
5o6p7q8r9s0t1k2l3m4n,Eduardo,Figueiredo,Social Media,pt,I want to come back to Jesus,Brazil,North,Amazonas,"""Trust issues are breaking us apart. I pray for the courage to open my heart again and heal from past wounds.""",Family and Marriage,,trust issues are breaking us apart i pray the courage to open my heart again and heal from past wounds
6p7q8r9s0t1k2l3m4n5o,Vanessa,Teixeira,Referral,pt,Christian - grow in my faith,Angola,Zaire,Mbanza-Kongo,"""I feel like giving up, but I know God has a plan for my marriage. I ask for strength to keep fighting for my family.""",Family and Marriage,,i feel like giving up but i know god has plan my marriage i ask strength to keep fighting my family
7q8r9s0t1k2l3m4n5o6p,André,Batista,Email,pt,I am not sure about Jesus,Mozambique,Inhambane,Inhambane,"""My parents’ marriage failed, and I fear mine will too. I want to break this cycle, but I don’t know how.""",Family and Marriage,,my parents marriage failed and i fear mine will too i want to break this cycle but i don t know how
8r9s0t1k2l3m4n5o6p7q,Daniela,Lopes,Website,pt,I just decided to follow Jesus,Portugal,Azores,Ponta Delgada,"""We used to pray together, but now we barely speak. I long for the days when our faith united us.""",Family and Marriage,,we used to pray together but now we barely speak i long the days when our faith united us
9s0t1k2l3m4n5o6p7q8r,Fernando,Coelho,Social Media,pt,I do not want to follow Jesus,Brazil,South,Santa Catarina,"""We keep hurting each other with our words. I don’t want to live in this constant pain anymore.""",Family and Marriage,,we keep hurting each other with our words i don t want to live in this constant pain anymore
0t1k2l3m4n5o6p7q8r9s,Bruna,Castro,Referral,pt,I want to come back to Jesus,Angola,Cuanza Sul,Sumbe,"""God, please heal my marriage. I am exhausted and feel hopeless. I need a miracle to keep going.""",Family and Marriage,,god please heal my marriage i am exhausted and feel hopeless i need miracle to keep going
1a2b3c4d5e6f7g8h9i0j,João,Pereira,Email,pt,Christian - grow in my faith,Brazil,Southeast,São Paulo,"""Lately, life has felt overwhelming. I feel lost, and I don’t know which direction to take.""",General,,lately life has felt overwhelming i feel lost and i don t know which direction to take
2b3c4d5e6f7g8h9i0j1a,Maria,Fernandes,Website,pt,I am not sure about Jesus,Portugal,Lisbon,Lisbon,"""I wake up every day feeling anxious, like something is missing. I need guidance to find peace.""",General,,i wake up every day feeling anxious like something is missing i need guidance to find peace
3c4d5e6f7g8h9i0j1a2b,Carlos,Oliveira,Social Media,pt,I just decided to follow Jesus,Angola,Luanda,Luanda,"""I've made mistakes that I can't seem to move past. I need help finding hope again.""",General,,i ve made mistakes that i can t seem to move past i need help finding hope again
4d5e6f7g8h9i0j1a2b3c,Ana,Costa,Referral,pt,I do not want to follow Jesus,Mozambique,Maputo,Maputo,"""I feel like I'm stuck in a cycle of struggles with no way out. I don’t know what to believe in anymore.""",General,,i feel like i m stuck in cycle of struggles with way out i don t know what to believe in anymore
5e6f7g8h9i0j1a2b3c4d,Luís,Ribeiro,Email,pt,I want to come back to Jesus,Brazil,Northeast,Bahia,"""I've drifted away from my faith, and life feels empty. I want to find my way back, but I don’t know how.""",General,,i ve drifted away from my faith and life feels empty i want to find my way back but i don t know how
6f7g8h9i0j1a2b3c4d5e,Beatriz,Nascimento,Website,pt,Christian - grow in my faith,Portugal,Porto,Porto,"""Every day feels like a battle. I am tired and don’t know where to find the strength to keep going.""",General,,every day feels like battle i am tired and don t know where to find the strength to keep going
7g8h9i0j1a2b3c4d5e6f,Henrique,Martins,Social Media,pt,I am not sure about Jesus,Angola,Benguela,Benguela,"""I’ve been searching for purpose, but I still feel empty inside. I need answers.""",General,,i ve been searching purpose but i still feel empty inside i need answers
8h9i0j1a2b3c4d5e6f7g,Camila,Almeida,Referral,pt,I just decided to follow Jesus,Mozambique,Sofala,Beira,"""I thought following Jesus would make life easier, but I still struggle. What am I doing wrong?""",General,,i thought following jesus would make life easier but i still struggle what am i doing wrong
9i0j1a2b3c4d5e6f7g8h,Rafael,Lima,Email,pt,I do not want to follow Jesus,Brazil,South,Rio Grande do Sul,"""I don’t know if faith is the answer, but nothing else seems to be working.""",General,,i don t know if faith is the answer but nothing else seems to be working
0j1a2b3c4d5e6f7g8h9i,Sofia,Barbosa,Website,pt,I want to come back to Jesus,Portugal,Algarve,Faro,"""I walked away from my faith years ago, but now I feel like something is missing. Should I return?""",General,,i walked away from my faith years ago but now i feel like something is missing should i return
1k2l3m4n5o6p7q8r9s0t,Miguel,Rocha,Social Media,pt,Christian - grow in my faith,Brazil,Midwest,Goiás,"""I feel distant from God even though I pray. I just want to feel His presence again.""",General,,i feel distant from god even though i pray i just want to feel his presence again
2l3m4n5o6p7q8r9s0t1k,Larissa,Melo,Referral,pt,I am not sure about Jesus,Angola,Huíla,Lubango,"""I want to believe in something bigger than myself, but I have so many doubts.""",General,,i want to believe in something bigger than myself but i have so many doubts
3m4n5o6p7q8r9s0t1k2l,Tiago,Duarte,Email,pt,I just decided to follow Jesus,Mozambique,Nampula,Nampula,"""I feel like my past is haunting me, even though I want to change. Will God forgive me?""",General,,i feel like my past is haunting even though i want to change will god forgive
4n5o6p7q8r9s0t1k2l3m,Mariana,Cardoso,Website,pt,I do not want to follow Jesus,Portugal,Madeira,Funchal,"""I've been hurt by religion before, and I don’t know if I can trust it again.""",General,,i ve been hurt by religion before and i don t know if i can trust it again
5o6p7q8r9s0t1k2l3m4n,Eduardo,Figueiredo,Social Media,pt,I want to come back to Jesus,Brazil,North,Amazonas,"""I miss the peace I used to feel when I had faith, but I don’t know how to return.""",General,,i miss the peace i used to feel when i had faith but i don t know how to return
6p7q8r9s0t1k2l3m4n5o,Vanessa,Teixeira,Referral,pt,Christian - grow in my faith,Angola,Zaire,Mbanza-Kongo,"""Life feels like a constant struggle, and I need strength to keep moving forward.""",General,,life feels like constant struggle and i need strength to keep moving forward
7q8r9s0t1k2l3m4n5o6p,André,Batista,Email,pt,I am not sure about Jesus,Mozambique,Inhambane,Inhambane,"""I feel like I have no direction in life, and I don’t know where to turn.""",General,,i feel like i have direction in life and i don t know where to turn
8r9s0t1k2l3m4n5o6p7q,Daniela,Lopes,Website,pt,I just decided to follow Jesus,Portugal,Azores,Ponta Delgada,"""I know faith is important, but I don’t know how to apply it to my struggles.""",General,,i know faith is important but i don t know how to apply it to my struggles
9s0t1k2l3m4n5o6p7q8r,Fernando,Coelho,Social Media,pt,I do not want to follow Jesus,Brazil,South,Santa Catarina,"""I keep searching for happiness, but nothing seems to fill the void inside.""",General,,i keep searching happiness but nothing seems to fill the void inside
0t1k2l3m4n5o6p7q8r9s,Bruna,Castro,Referral,pt,I want to come back to Jesus,Angola,Cuanza Sul,Sumbe,"""I feel disconnected from everything, and I just want to find peace again.""",General,,i feel disconnected from everything and i just want to find peace again
1a2b3c4d5e6f7g8h9i0j,João,Pereira,Email,pt,Christian - grow in my faith,Brazil,Southeast,São Paulo,"""I feel like I’m in a constant battle. Every time I try to move forward, something pulls me back.""",Spiritual Warfare,,i feel like i m in constant battle every time i try to move forward something pulls back
2b3c4d5e6f7g8h9i0j1a,Maria,Fernandes,Website,pt,I am not sure about Jesus,Portugal,Lisbon,Lisbon,"""There’s a heaviness over my life. I don’t know if it’s spiritual, but I can’t shake this feeling.""",Spiritual Warfare,,there s heaviness over my life i don t know if it s spiritual but i can t shake this feeling
3c4d5e6f7g8h9i0j1a2b,Carlos,Oliveira,Social Media,pt,I just decided to follow Jesus,Angola,Luanda,Luanda,"""Ever since I chose Jesus, my struggles seem to have intensified. I need help to stay strong.""",Spiritual Warfare,,ever since i chose jesus my struggles seem to have intensified i need help to stay strong
4d5e6f7g8h9i0j1a2b3c,Ana,Costa,Referral,pt,I do not want to follow Jesus,Mozambique,Maputo,Maputo,"""I feel attacked on all sides, and I don’t know if faith can really help me overcome this.""",Spiritual Warfare,,i feel attacked on all sides and i don t know if faith can really help overcome this
5e6f7g8h9i0j1a2b3c4d,Luís,Ribeiro,Email,pt,I want to come back to Jesus,Brazil,Northeast,Bahia,"""I left my faith, and now I feel surrounded by darkness. I need to know if there’s hope for me.""",Spiritual Warfare,,i left my faith and now i feel surrounded by darkness i need to know if there s hope
6f7g8h9i0j1a2b3c4d5e,Beatriz,Nascimento,Website,pt,Christian - grow in my faith,Portugal,Porto,Porto,"""Every time I pray, doubts creep in. I know I’m in a battle, but I feel too weak to fight.""",Spiritual Warfare,,every time i pray doubts creep in i know i m in battle but i feel too weak to fight
7g8h9i0j1a2b3c4d5e6f,Henrique,Martins,Social Media,pt,I am not sure about Jesus,Angola,Benguela,Benguela,"""Strange things keep happening in my life. Could this be spiritual warfare?""",Spiritual Warfare,,strange things keep happening in my life could this be spiritual warfare
8h9i0j1a2b3c4d5e6f7g,Camila,Almeida,Referral,pt,I just decided to follow Jesus,Mozambique,Sofala,Beira,"""Since committing to Jesus, I’ve faced rejection and struggles. Is this normal?""",Spiritual Warfare,,since committing to jesus i ve faced rejection and struggles is this normal
9i0j1a2b3c4d5e6f7g8h,Rafael,Lima,Email,pt,I do not want to follow Jesus,Brazil,South,Rio Grande do Sul,"""I feel like something is pushing me away from faith, even when I try to believe.""",Spiritual Warfare,,i feel like something is pushing away from faith even when i try to believe
0j1a2b3c4d5e6f7g8h9i,Sofia,Barbosa,Website,pt,I want to come back to Jesus,Portugal,Algarve,Faro,"""I used to believe, but I started experiencing deep struggles. I need to know if I can return.""",Spiritual Warfare,,i used to believe but i started experiencing deep struggles i need to know if i can return
1k2l3m4n5o6p7q8r9s0t,Miguel,Rocha,Social Media,pt,Christian - grow in my faith,Brazil,Midwest,Goiás,"""Sometimes, I wake up feeling drained as if I’m fighting an unseen battle. How do I overcome this?""",Spiritual Warfare,,sometimes i wake up feeling drained if i m fighting an unseen battle how i overcome this
2l3m4n5o6p7q8r9s0t1k,Larissa,Melo,Referral,pt,I am not sure about Jesus,Angola,Huíla,Lubango,"""I feel lost, like I’m fighting against something I don’t understand. Could it be spiritual?""",Spiritual Warfare,,i feel lost like i m fighting against something i don t understand could it be spiritual
3m4n5o6p7q8r9s0t1k2l,Tiago,Duarte,Email,pt,I just decided to follow Jesus,Mozambique,Nampula,Nampula,"""Choosing Jesus has made me feel stronger, but I also feel more attacks against me.""",Spiritual Warfare,,choosing jesus has made feel stronger but i also feel more attacks against
4n5o6p7q8r9s0t1k2l3m,Mariana,Cardoso,Website,pt,I do not want to follow Jesus,Portugal,Madeira,Funchal,"""My mind is always in turmoil. I don’t know if this is a spiritual attack or just life.""",Spiritual Warfare,,my mind is always in turmoil i don t know if this is spiritual attack or just life
5o6p7q8r9s0t1k2l3m4n,Eduardo,Figueiredo,Social Media,pt,I want to come back to Jesus,Brazil,North,Amazonas,"""Since I left Jesus, things have been difficult. Is this a test or something else?""",Spiritual Warfare,,since i left jesus things have been difficult is this test or something else
6p7q8r9s0t1k2l3m4n5o,Vanessa,Teixeira,Referral,pt,Christian - grow in my faith,Angola,Zaire,Mbanza-Kongo,"""I know spiritual warfare is real, but I don’t know how to fight back.""",Spiritual Warfare,,i know spiritual warfare is real but i don t know how to fight back
7q8r9s0t1k2l3m4n5o6p,André,Batista,Email,pt,I am not sure about Jesus,Mozambique,Inhambane,Inhambane,"""I’m skeptical about spiritual warfare, but I can’t ignore the things happening in my life.""",Spiritual Warfare,,i m skeptical about spiritual warfare but i can t ignore the things happening in my life
8r9s0t1k2l3m4n5o6p7q,Daniela,Lopes,Website,pt,I just decided to follow Jesus,Portugal,Azores,Ponta Delgada,"""Since I gave my life to Jesus, my struggles have increased. How do I stay strong?""",Spiritual Warfare,,since i gave my life to jesus my struggles have increased how i stay strong
9s0t1k2l3m4n5o6p7q8r,Fernando,Coelho,Social Media,pt,I do not want to follow Jesus,Brazil,South,Santa Catarina,"""Faith is hard when I feel like everything is against me. Is there really a spiritual battle?""",Spiritual Warfare,,faith is hard when i feel like everything is against is there really spiritual battle
0t1k2l3m4n5o6p7q8r9s,Bruna,Castro,Referral,pt,I want to come back to Jesus,Angola,Cuanza Sul,Sumbe,"""I walked away from my faith, but I feel like something is trying to pull me back. What should I do?""",Spiritual Warfare,,i walked away from my faith but i feel like something is trying to pull back what should i
1u2v3w4x5y6z7a8b9c0d,Ricardo,Silva,Email,pt,Christian - grow in my faith,Brazil,Central-West,Mato Grosso,"""Every time I pray, I feel resistance. It’s like something is trying to keep me from God.""",Spiritual Warfare,,every time i pray i feel resistance it s like something is trying to keep from god
94c1b944-fa30-4d06-9b6c-5997db664906,Имя_9,Фамилия_25,GMO,ru,I am not sure about Jesus,Беларусь,Киев,Киевская область,Как мне найти поддержку среди христиан?,General,,найти поддержку среди христиан
94c1b944-fa30-4d06-9b6c-5997db664907,Имя_30,Фамилия_37,GMO,ru,I just decided to follow Jesus,Беларусь,Алматы,Московская область,Как бороться с искушениями в повседневной жизни?,General,,бороться искушениями повседневной жизни
94c1b944-fa30-4d06-9b6c-5997db664908,Имя_96,Фамилия_9,GMO,ru,I do not want to follow Jesus,Украина,Киев,Киевская область,Как мне преодолеть страх перед будущим?,General,,преодолеть страх будущим
94c1b944-fa30-4d06-9b6c-5997db664909,Имя_94,Фамилия_68,GMO,ru,I am not sure about Jesus,Казахстан,Минск,Алматинская область,Как мне стать ближе к церкви и христианскому сообществу?,General,,стать ближе церкви христианскому сообществу
94c1b944-fa30-4d06-9b6c-5997db664910,Имя_50,Фамилия_68,GMO,ru,I want to come back to Jesus,Беларусь,Алматы,Минская область,Молитва помогает в духовной борьбе?,Spiritual Warfare,,молитва помогает духовной борьбе
94c1b944-fa30-4d06-9b6c-5997db664911,Имя_55,Фамилия_23,GMO,ru,I just decided to follow Jesus,Украина,Алматы,Алматинская область,"Как мне понять, что Бог меня слышит?",Spiritual Warfare,,понять бог слышит
94c1b944-fa30-4d06-9b6c-5997db664912,Имя_58,Фамилия_83,GMO,ru,I want to come back to Jesus,Украина,Киев,Минская область,"Как мне укрепить свою веру в трудные времена и справляться с сомнениями, когда мне кажется, что Бог меня не слышит?",General,,укрепить веру трудные времена справляться сомнениями кажется бог слышит
94c1b944-fa30-4d06-9b6c-5997db664913,Имя_45,Фамилия_14,GMO,ru,Christian - grow in my faith,Беларусь,Москва,Минская область,"Я потерял работу и не знаю, как дальше жить. Как мне найти покой в вере и довериться Божьему плану?",Crisis,,потерял работу знаю дальше жить найти покой вере довериться божьему плану
94c1b944-fa30-4d06-9b6c-5997db664914,Имя_90,Фамилия_27,GMO,ru,I want to come back to Jesus,Казахстан,Киев,Алматинская область,"Что делать, если мой супруг не верит в Бога, а я хочу, чтобы наша семья следовала христианским ценностям?",Family and Marriage,,делать супруг верит бога хочу наша семья следовала христианским ценностям
94c1b944-fa30-4d06-9b6c-5997db664915,Имя_50,Фамилия_81,GMO,ru,I do not want to follow Jesus,Казахстан,Киев,Минская область,"Почему Бог допускает страдания в мире, если Он всемогущ? Мне трудно понять, и я ищу ответы в вере.",Crisis,,почему бог допускает страдания мире всемогущ трудно понять ищу ответы вере
94c1b944-fa30-4d06-9b6c-5997db664916,Имя_3,Фамилия_7,GMO,ru,I do not want to follow Jesus,Россия,Киев,Алматинская область,"Как бороться с негативными мыслями и депрессией? Мне кажется, что я одинок в этом мире, но хочу найти путь к Богу.",Crisis,,бороться негативными мыслями депрессией кажется одинок мире хочу найти путь богу
94c1b944-fa30-4d06-9b6c-5997db664917,Имя_3,Фамилия_97,GMO,ru,I want to come back to Jesus,Украина,Алматы,Киевская область,"Я был христианином, но теперь не уверен. Я испытываю сильные сомнения и задаю себе вопросы, которые раньше никогда не возникали. Как мне найти уверенность в вере снова и понять, что Бог по-прежнему со мной, несмотря на мои сомнения?",Crisis,,христианином уверен испытываю сильные сомнения задаю вопросы которые раньше возникали найти уверенность вере снова понять бог прежнему мной несмотря мои сомнения
94c1b944-fa30-4d06-9b6c-5997db664918,Имя_27,Фамилия_53,GMO,ru,I just decided to follow Jesus,Казахстан,Алматы,Московская область,"Как мне наладить отношения с женой, если мы постоянно ссоримся из-за различий в наших убеждениях? Я хочу, чтобы наша семья была построена на христианских ценностях, но чувствую, что мы всё дальше отдаляемся друг от друга.",Family and Marriage,,наладить отношения женой постоянно ссоримся различий наших убеждениях хочу наша семья построена христианских ценностях чувствую всё дальше отдаляемся друг друга
94c1b944-fa30-4d06-9b6c-5997db664919,Имя_70,Фамилия_29,GMO,ru,Christian - grow in my faith,Украина,Алматы,Киевская область,"Как мне справляться с духовными атаками и чувствовать себя защищённым? Иногда мне кажется, что весь мир против меня, и я не знаю, как найти силу внутри себя, чтобы оставаться верным своей вере и Богу.",Spiritual Warfare,,справляться духовными атаками чувствовать защищённым кажется весь мир против знаю найти силу внутри оставаться верным своей вере богу
44ac22ce-0111-4f04-b883-0474b7ad20ab,Имя_33,Фамилия_9,GMO,ru,I do not want to follow Jesus,Россия,Минск,Минская область,"Я много грешил в прошлом, и мне кажется, что я недостоин Божьей любви. Возможно ли для меня прощение, и как мне понять, что Бог действительно прощает меня?",Crisis,,грешил прошлом кажется недостоин божьей любви возможно прощение понять бог действительно прощает
997d4aa4-588d-4158-8a61-61384b7796a4,Имя_81,Фамилия_50,GMO,ru,I do not want to follow Jesus,Россия,Алматы,Московская область,"Как мне изменить свою жизнь через веру? Я хочу следовать Божьему пути, но не знаю, с чего начать, чтобы жить согласно Его воле и преодолеть свои старые привычки.",General,,изменить жизнь веру хочу следовать божьему пути знаю начать жить согласно воле преодолеть свои старые привычки
a3abc277-6fc2-473a-bb37-3672216d7633,Имя_99,Фамилия_4,GMO,ru,Christian - grow in my faith,Украина,Минск,Минская область,"Я хочу укрепить свою веру, но не знаю, с чего начать. Какие шаги мне нужно предпринять?",General,,хочу укрепить веру знаю начать какие шаги нужно предпринять
7a927eaf-16c3-49b3-8a89-697470c2e4dd,Имя_1,Фамилия_39,GMO,ru,Christian - grow in my faith,Беларусь,Киев,Московская область,"Как мне справляться с депрессией и тревогой, если я не могу найти поддержку среди близких?",Crisis,,справляться депрессией тревогой могу найти поддержку среди близких
70852f83-1fdc-43fd-a1fb-c9043e07a1aa,Имя_17,Фамилия_67,GMO,ru,I do not want to follow Jesus,Беларусь,Москва,Алматинская область,"Как мне поддерживать отношения с Богом, если я потерял всякую надежду?",Spiritual Warfare,,поддерживать отношения богом потерял всякую надежду
9085f699-01a4-4b0e-9d99-3507ceff1e50,Имя_89,Фамилия_29,GMO,ru,I do not want to follow Jesus,Казахстан,Минск,Киевская область,"Как мне помочь другу, который страдает от алкогольной зависимости?",Alcoholism and Drug Addiction,,помочь другу который страдает алкогольной зависимости
d1175b90-96cd-4b42-8f87-60ba0e07a371,Имя_49,Фамилия_96,GMO,ru,I do not want to follow Jesus,Казахстан,Минск,Алматинская область,"Может ли молитва изменить мою жизнь, если я борюсь с наркотической зависимостью?",Alcoholism and Drug Addiction,,молитва изменить мою жизнь борюсь наркотической зависимостью
233a5271-00b1-4083-ab30-a21deca63bb9,Имя_40,Фамилия_93,GMO,ru,Christian - grow in my faith,Казахстан,Минск,Киевская область,Как мне выйти из порочного круга зависимости и восстановить свою веру?,Alcoholism and Drug Addiction,,выйти порочного круга зависимости восстановить веру
535a8c35-e4fb-4274-a3b0-f538323b09dd,Имя_86,Фамилия_45,GMO,ru,I just decided to follow Jesus,Беларусь,Минск,Московская область,"Я хочу найти смысл жизни. Как мне понять, что Бог действительно ведет меня по правильному пути?",General,,хочу найти смысл жизни понять бог действительно ведет правильному пути
8a49f4da-6216-4ab0-8e73-69d7991540bc,Имя_25,Фамилия_9,GMO,ru,I do not want to follow Jesus,Казахстан,Алматы,Алматинская область,"Что делать, если я чувствую, что теряю свою веру?",General,,делать чувствую теряю веру
a001d392-0fb3-462b-81d1-65aa63169b0a,Имя_49,Фамилия_59,GMO,ru,I just decided to follow Jesus,Беларусь,Алматы,Алматинская область,"Как мне молиться, если я не чувствую присутствия Бога в своей жизни?",Spiritual Warfare,,молиться чувствую присутствия бога своей жизни
bdc4eacf-1e6f-4877-a854-1913e90a84bc,Имя_31,Фамилия_29,GMO,ru,I just decided to follow Jesus,Украина,Москва,Киевская область,"Как мне укрепить свой брак, если моя вторая половинка отдаляется от Бога?",Family and Marriage,,укрепить свой брак вторая половинка отдаляется бога
d262dfc6-4f35-435b-a52c-8644b74d4b06,Имя_73,Фамилия_30,GMO,ru,I just decided to follow Jesus,Беларусь,Киев,Киевская область,Как мне научиться прощать себя за ошибки прошлого и двигаться вперед?,Crisis,,научиться прощать ошибки прошлого двигаться вперед
3d60e502-5855-4c65-bcfb-7aeb702383e0,Имя_10,Фамилия_24,GMO,ru,I just decided to follow Jesus,Беларусь,Минск,Минская область,Как мне вернуть радость и надежду в свою жизнь после тяжелого периода?,Crisis,,вернуть радость надежду жизнь тяжелого периода
0c639185-56cf-4c20-a3f5-83aa82dca8f6,Имя_74,Фамилия_43,GMO,ru,I just decided to follow Jesus,Казахстан,Москва,Минская область,"Как мне найти Бога, если я не уверен, что Он вообще существует?",General,,найти бога уверен вообще существует
8d97bfcb-6d4e-40f0-b7ae-397df3673428,Имя_100,Фамилия_30,GMO,ru,I just decided to follow Jesus,Казахстан,Минск,Алматинская область,"Я хочу больше узнать о Библии, с чего мне начать?",General,,хочу узнать библии начать
3e72eb3c-3843-4774-8529-c66ea5411ee6,Имя_20,Фамилия_40,GMO,ru,I am not sure about Jesus,Казахстан,Киев,Алматинская область,Как мне преодолеть страх перед будущим и довериться Божьему промыслу?,Crisis,,преодолеть страх будущим довериться божьему промыслу
7c43db7e-a6ef-4fbd-b98f-880e4df48237,Имя_45,Фамилия_3,GMO,ru,I am not sure about Jesus,Казахстан,Киев,Московская область,"Что делать, если мне кажется, что Бог не отвечает на мои молитвы?",Spiritual Warfare,,делать кажется бог отвечает мои молитвы
8efc2e0f-b03e-4337-b699-e366db72aa21,Имя_5,Фамилия_48,GMO,ru,I am not sure about Jesus,Украина,Киев,Киевская область,Как мне найти Божью любовь и обрести мир в сердце?,General,,найти божью любовь обрести мир сердце
9a0dd503-c3f4-4eea-8824-f53492f7fc6a,Имя_9,Фамилия_92,GMO,ru,I want to come back to Jesus,Беларусь,Алматы,Киевская область,Как мне примириться с Богом после долгих лет без веры?,Crisis,,примириться богом долгих лет веры
722fbaa6-eae6-4d68-ad13-6c3e56dbc014,Имя_33,Фамилия_52,GMO,ru,I do not want to follow Jesus,Украина,Киев,Московская область,"Как мне научиться доверять Богу, когда кажется, что всё рушится?",Crisis,,научиться доверять богу кажется всё рушится
370d9a81-7288-459a-a0aa-5c2f99387e7e,Имя_82,Фамилия_61,GMO,ru,I want to come back to Jesus,Россия,Москва,Минская область,Как мне перестать бояться осуждения за свою веру?,General,,перестать бояться осуждения веру
1c891d75-3dc9-486e-80fe-e189ba684158,Имя_76,Фамилия_44,GMO,ru,Christian - grow in my faith,Украина,Минск,Алматинская область,"Как мне не потерять веру, если мои друзья и близкие меня осуждают?",General,,потерять веру мои друзья близкие осуждают
753901ca-d1fb-4b3e-b747-52e0181abdaf,Имя_48,Фамилия_58,GMO,ru,I do not want to follow Jesus,Беларусь,Минск,Алматинская область,Как мне найти поддержку среди христиан?,General,,найти поддержку среди христиан
b27ed4d6-52c2-497b-a54d-a8dc9d972f36,Имя_24,Фамилия_45,GMO,ru,I just decided to follow Jesus,Россия,Минск,Алматинская область,Как бороться с искушениями в повседневной жизни?,General,,бороться искушениями повседневной жизни
1d39ed7b-d6c3-4354-897c-92f6170844af,Имя_99,Фамилия_67,GMO,ru,I do not want to follow Jesus,Беларусь,Минск,Киевская область,Как мне преодолеть страх перед будущим?,General,,преодолеть страх будущим
012e6330-a624-4c8d-a659-f3cd0bb14937,Имя_83,Фамилия_35,GMO,ru,I do not want to follow Jesus,Украина,Москва,Московская область,Как мне стать ближе к церкви и христианскому сообществу?,General,,стать ближе церкви христианскому сообществу
885367e7-4f2b-4358-8cd8-aba0c9e48e20,Имя_63,Фамилия_97,GMO,ru,I want to come back to Jesus,Россия,Минск,Минская область,Молитва помогает в духовной борьбе?,Spiritual Warfare,,молитва помогает духовной борьбе
6f311d5c-4989-4ac1-965f-59ebf8f49732,Имя_91,Фамилия_40,GMO,ru,I just decided to follow Jesus,Россия,Алматы,Киевская область,"Как мне понять, что Бог меня слышит?",Spiritual Warfare,,понять бог слышит
8ff39929-46dd-46c2-809d-9a0043994842,Имя_18,Фамилия_26,GMO,ru,I want to come back to Jesus,Украина,Москва,Алматинская область,"Как мне укрепить свою веру в трудные времена и справляться с сомнениями, когда мне кажется, что Бог меня не слышит?",General,,укрепить веру трудные времена справляться сомнениями кажется бог слышит
1479a27a-31da-43a5-9e3e-5ef5457865b7,Имя_75,Фамилия_51,GMO,ru,I want to come back to Jesus,Украина,Киев,Московская область,"Я потерял работу и не знаю, как дальше жить. Как мне найти покой в вере и довериться Божьему плану?",Crisis,,потерял работу знаю дальше жить найти покой вере довериться божьему плану
b41c148b-a08f-477d-8eaf-ed8f713e6a63,Имя_59,Фамилия_39,GMO,ru,I just decided to follow Jesus,Казахстан,Алматы,Минская область,"Что делать, если мой супруг не верит в Бога, а я хочу, чтобы наша семья следовала христианским ценностям?",Family and Marriage,,делать супруг верит бога хочу наша семья следовала христианским ценностям
88178b54-181e-467e-a83d-fa05b16b8f13,Имя_89,Фамилия_77,GMO,ru,I just decided to follow Jesus,Украина,Алматы,Минская область,"Почему Бог допускает страдания в мире, если Он всемогущ? Мне трудно понять, и я ищу ответы в вере.",Crisis,,почему бог допускает страдания мире всемогущ трудно понять ищу ответы вере
75af4fc3-3474-45df-be70-7a2f9a588705,Имя_59,Фамилия_77,GMO,ru,Christian - grow in my faith,Россия,Москва,Минская область,"Как бороться с негативными мыслями и депрессией? Мне кажется, что я одинок в этом мире, но хочу найти путь к Богу.",Crisis,,бороться негативными мыслями депрессией кажется одинок мире хочу найти путь богу
0daaf61d-3a69-4cd4-a5f7-72c8d295931e,Имя_40,Фамилия_82,GMO,ru,I just decided to follow Jesus,Украина,Минск,Московская область,"Я был христианином, но теперь не уверен. Я испытываю сильные сомнения и задаю себе вопросы, которые раньше никогда не возникали. Как мне найти уверенность в вере снова и понять, что Бог по-прежнему со мной, несмотря на мои сомнения?",Crisis,,христианином уверен испытываю сильные сомнения задаю вопросы которые раньше возникали найти уверенность вере снова понять бог прежнему мной несмотря мои сомнения
cb0cdfc0-5a7b-49c4-ac05-068413d9982e,Имя_57,Фамилия_99,GMO,ru,Christian - grow in my faith,Казахстан,Киев,Московская область,"Как мне наладить отношения с женой, если мы постоянно ссоримся из-за различий в наших убеждениях? Я хочу, чтобы наша семья была построена на христианских ценностях, но чувствую, что мы всё дальше отдаляемся друг от друга.",Family and Marriage,,наладить отношения женой постоянно ссоримся различий наших убеждениях хочу наша семья построена христианских ценностях чувствую всё дальше отдаляемся друг друга
c670faa5-37e4-4531-9f14-180e502b1987,Имя_20,Фамилия_96,GMO,ru,I just decided to follow Jesus,Украина,Москва,Минская область,"Как мне справляться с духовными атаками и чувствовать себя защищённым? Иногда мне кажется, что весь мир против меня, и я не знаю, как найти силу внутри себя, чтобы оставаться верным своей вере и Богу.",Spiritual Warfare,,справляться духовными атаками чувствовать защищённым кажется весь мир против знаю найти силу внутри оставаться верным своей вере богу
9a8d0156-09b2-4e57-872e-235f6f146002,Имя_54,Фамилия_52,GMO,ru,I do not want to follow Jesus,Украина,Минск,Московская область,"Я много грешил в прошлом, и мне кажется, что я недостоин Божьей любви. Возможно ли для меня прощение, и как мне понять, что Бог действительно прощает меня?",Crisis,,грешил прошлом кажется недостоин божьей любви возможно прощение понять бог действительно прощает
292c30aa-41f2-4f1e-900f-8bc48f1378e1,Имя_73,Фамилия_65,GMO,ru,I am not sure about Jesus,Россия,Минск,Московская область,"Как мне изменить свою жизнь через веру? Я хочу следовать Божьему пути, но не знаю, с чего начать, чтобы жить согласно Его воле и преодолеть свои старые привычки.",General,,изменить жизнь веру хочу следовать божьему пути знаю начать жить согласно воле преодолеть свои старые привычки
dd2f8ea4-2901-43ad-98b2-70421db822b7,Имя_96,Фамилия_50,GMO,ru,I want to come back to Jesus,Беларусь,Москва,Киевская область,"Я хочу укрепить свою веру, но не знаю, с чего начать. Какие шаги мне нужно предпринять?",General,,хочу укрепить веру знаю начать какие шаги нужно предпринять
aafe58d5-0e3f-4ac6-bea4-f2bb548b36b4,Имя_83,Фамилия_85,GMO,ru,Christian - grow in my faith,Украина,Минск,Московская область,"Как мне справляться с депрессией и тревогой, если я не могу найти поддержку среди близких?",Crisis,,справляться депрессией тревогой могу найти поддержку среди близких
5f54e740-f08d-49f8-a028-2bc61fa5b48c,Имя_37,Фамилия_42,GMO,ru,I am not sure about Jesus,Беларусь,Киев,Московская область,"Как мне поддерживать отношения с Богом, если я потерял всякую надежду?",Spiritual Warfare,,поддерживать отношения богом потерял всякую надежду
1a774bad-16af-4b8e-83c6-640bf7dfde4a,Имя_64,Фамилия_4,GMO,ru,I am not sure about Jesus,Беларусь,Москва,Московская область,"Как мне помочь другу, который страдает от алкогольной зависимости?",Alcoholism and Drug Addiction,,помочь другу который страдает алкогольной зависимости
ac8aee30-bdea-4fb4-8c5e-18216d2be1fa,Имя_55,Фамилия_94,GMO,ru,I just decided to follow Jesus,Украина,Алматы,Московская область,"Может ли молитва изменить мою жизнь, если я борюсь с наркотической зависимостью?",Alcoholism and Drug Addiction,,молитва изменить мою жизнь борюсь наркотической зависимостью
2dd50551-2f7d-475a-b95c-e980e54d72bf,Имя_48,Фамилия_88,GMO,ru,I want to come back to Jesus,Россия,Алматы,Алматинская область,Как мне выйти из порочного круга зависимости и восстановить свою веру?,Alcoholism and Drug Addiction,,выйти порочного круга зависимости восстановить веру
a83ff767-43f5-4478-8395-e3ff52f0cd6c,Имя_67,Фамилия_82,GMO,ru,Christian - grow in my faith,Казахстан,Киев,Алматинская область,"Я хочу найти смысл жизни. Как мне понять, что Бог действительно ведет меня по правильному пути?",General,,хочу найти смысл жизни понять бог действительно ведет правильному пути
4ab8544d-9d87-4e05-a218-4ef4919a7950,Имя_12,Фамилия_8,GMO,ru,I am not sure about Jesus,Украина,Киев,Минская область,"Что делать, если я чувствую, что теряю свою веру?",General,,делать чувствую теряю веру
b7472acf-7e25-47df-a7a4-297a36abc28c,Имя_88,Фамилия_43,GMO,ru,I do not want to follow Jesus,Беларусь,Минск,Московская область,"Как мне молиться, если я не чувствую присутствия Бога в своей жизни?",Spiritual Warfare,,молиться чувствую присутствия бога своей жизни
5a4c9086-5a37-4828-b4c3-2c0a5b0bc786,Имя_52,Фамилия_87,GMO,ru,I want to come back to Jesus,Россия,Москва,Московская область,"Как мне укрепить свой брак, если моя вторая половинка отдаляется от Бога?",Family and Marriage,,укрепить свой брак вторая половинка отдаляется бога
5f97a665-3d07-49a0-869f-cc762dfe8412,Имя_2,Фамилия_40,GMO,ru,I want to come back to Jesus,Казахстан,Минск,Алматинская область,Как мне научиться прощать себя за ошибки прошлого и двигаться вперед?,Crisis,,научиться прощать ошибки прошлого двигаться вперед
b55a4d59-9f70-4347-ac2d-e1c991d52094,Имя_83,Фамилия_42,GMO,ru,I am not sure about Jesus,Украина,Алматы,Алматинская область,Как мне вернуть радость и надежду в свою жизнь после тяжелого периода?,Crisis,,вернуть радость надежду жизнь тяжелого периода
2906c334-52c5-43a5-8de0-6e025c7ca316,Имя_70,Фамилия_50,GMO,ru,I just decided to follow Jesus,Украина,Киев,Алматинская область,"Как мне найти Бога, если я не уверен, что Он вообще существует?",General,,найти бога уверен вообще существует
2a191f2e-c0c6-47b1-a572-ceffdf2860f2,Имя_22,Фамилия_38,GMO,ru,I am not sure about Jesus,Беларусь,Алматы,Алматинская область,"Я хочу больше узнать о Библии, с чего мне начать?",General,,хочу узнать библии начать
a8a322d5-085b-40e5-a577-00db28c7a574,Имя_86,Фамилия_71,GMO,ru,Christian - grow in my faith,Россия,Минск,Алматинская область,Как мне преодолеть страх перед будущим и довериться Божьему промыслу?,Crisis,,преодолеть страх будущим довериться божьему промыслу
d5d86c17-59c9-498f-a9a6-8fc61f2cd095,Имя_6,Фамилия_20,GMO,ru,I just decided to follow Jesus,Россия,Минск,Минская область,"Что делать, если мне кажется, что Бог не отвечает на мои молитвы?",Spiritual Warfare,,делать кажется бог отвечает мои молитвы
af113460-1238-4f81-9240-fb5c9f360636,Имя_7,Фамилия_4,GMO,ru,I just decided to follow Jesus,Украина,Минск,Московская область,Как мне найти Божью любовь и обрести мир в сердце?,General,,найти божью любовь обрести мир сердце
66ffaca4-7d9d-434a-9b57-ffa3d7b3aa32,Имя_64,Фамилия_99,GMO,ru,I do not want to follow Jesus,Казахстан,Алматы,Минская область,Как мне примириться с Богом после долгих лет без веры?,Crisis,,примириться богом долгих лет веры
d914590d-858a-4c1d-9c33-026fd44eb69e,Имя_14,Фамилия_96,GMO,ru,I do not want to follow Jesus,Беларусь,Москва,Московская область,"Как мне научиться доверять Богу, когда кажется, что всё рушится?",Crisis,,научиться доверять богу кажется всё рушится
381a99a0-72e5-4d43-af02-69dfdfc07790,Имя_21,Фамилия_77,GMO,ru,I want to come back to Jesus,Россия,Минск,Киевская область,Как мне перестать бояться осуждения за свою веру?,General,,перестать бояться осуждения веру
62ade480-c9d4-40ae-9427-9f4ea6eb5af6,Имя_69,Фамилия_38,GMO,ru,I do not want to follow Jesus,Россия,Минск,Алматинская область,"Как мне не потерять веру, если мои друзья и близкие меня осуждают?",General,,потерять веру мои друзья близкие осуждают
440c7499-2f3d-4d0a-a2fb-ae29f61879f7,Имя_15,Фамилия_39,GMO,ru,I just decided to follow Jesus,Украина,Минск,Алматинская область,Как мне найти поддержку среди христиан?,General,,найти поддержку среди христиан
58be2018-71fb-4f3a-9695-ab7fba73961c,Имя_13,Фамилия_80,GMO,ru,I want to come back to Jesus,Украина,Киев,Киевская область,Как бороться с искушениями в повседневной жизни?,General,,бороться искушениями повседневной жизни
84f05b5d-be00-47fa-97b9-00eb70208269,Имя_74,Фамилия_44,GMO,ru,I just decided to follow Jesus,Беларусь,Алматы,Минская область,Как мне преодолеть страх перед будущим?,General,,преодолеть страх будущим
62fe181c-281d-40ab-a4a9-830ff857e28f,Имя_23,Фамилия_81,GMO,ru,Christian - grow in my faith,Украина,Киев,Киевская область,Как мне стать ближе к церкви и христианскому сообществу?,General,,стать ближе церкви христианскому сообществу
5aa52bec-7c8f-4679-8584-99505b517f4c,Имя_64,Фамилия_73,GMO,ru,Christian - grow in my faith,Украина,Алматы,Минская область,Молитва помогает в духовной борьбе?,Spiritual Warfare,,молитва помогает духовной борьбе
bf0661d8-8934-4a16-b414-41c06e91b849,Имя_5,Фамилия_34,GMO,ru,I do not want to follow Jesus,Украина,Киев,Киевская область,"Как мне понять, что Бог меня слышит?",Spiritual Warfare,,понять бог слышит
b4ae2d21-71e1-47d7-ae99-ba5acf075214,Имя_76,Фамилия_72,GMO,ru,I do not want to follow Jesus,Украина,Москва,Алматинская область,"Как мне укрепить свою веру в трудные времена и справляться с сомнениями, когда мне кажется, что Бог меня не слышит?",General,,укрепить веру трудные времена справляться сомнениями кажется бог слышит
1926a080-8591-42c6-a791-7c03e5338669,Имя_6,Фамилия_68,GMO,ru,I just decided to follow Jesus,Россия,Алматы,Алматинская область,"Я потерял работу и не знаю, как дальше жить. Как мне найти покой в вере и довериться Божьему плану?",Crisis,,потерял работу знаю дальше жить найти покой вере довериться божьему плану
4aea348b-837d-4c73-afc3-a8c5e3ee4e95,Имя_48,Фамилия_60,GMO,ru,I want to come back to Jesus,Россия,Минск,Московская область,"Что делать, если мой супруг не верит в Бога, а я хочу, чтобы наша семья следовала христианским ценностям?",Family and Marriage,,делать супруг верит бога хочу наша семья следовала христианским ценностям
7601141d-9290-4cd7-afcd-d423a050f576,Имя_84,Фамилия_96,GMO,ru,I just decided to follow Jesus,Россия,Алматы,Алматинская область,"Почему Бог допускает страдания в мире, если Он всемогущ? Мне трудно понять, и я ищу ответы в вере.",Crisis,,почему бог допускает страдания мире всемогущ трудно понять ищу ответы вере
5aa91391-ad44-4875-95c2-1f419864f0cc,Имя_63,Фамилия_78,GMO,ru,I do not want to follow Jesus,Россия,Москва,Минская область,"Как бороться с негативными мыслями и депрессией? Мне кажется, что я одинок в этом мире, но хочу найти путь к Богу.",Crisis,,бороться негативными мыслями депрессией кажется одинок мире хочу найти путь богу
449230c3-0b48-4daf-a348-54995e4b3879,Имя_76,Фамилия_2,GMO,ru,I just decided to follow Jesus,Казахстан,Минск,Киевская область,"Я был христианином, но теперь не уверен. Я испытываю сильные сомнения и задаю себе вопросы, которые раньше никогда не возникали. Как мне найти уверенность в вере снова и понять, что Бог по-прежнему со мной, несмотря на мои сомнения?",Crisis,,христианином уверен испытываю сильные сомнения задаю вопросы которые раньше возникали найти уверенность вере снова понять бог прежнему мной несмотря мои сомнения
bafd0d3a-182c-49a8-b9c3-8c5153b182aa,Имя_23,Фамилия_25,GMO,ru,I just decided to follow Jesus,Беларусь,Москва,Минская область,"Как мне наладить отношения с женой, если мы постоянно ссоримся из-за различий в наших убеждениях? Я хочу, чтобы наша семья была построена на христианских ценностях, но чувствую, что мы всё дальше отдаляемся друг от друга.",Family and Marriage,,наладить отношения женой постоянно ссоримся различий наших убеждениях хочу наша семья построена христианских ценностях чувствую всё дальше отдаляемся друг друга
3f3f3d3e-4d02-41f2-a4ed-692c58e75f7c,Имя_83,Фамилия_13,GMO,ru,I want to come back to Jesus,Россия,Минск,Минская область,"Как мне справляться с духовными атаками и чувствовать себя защищённым? Иногда мне кажется, что весь мир против меня, и я не знаю, как найти силу внутри себя, чтобы оставаться верным своей вере и Богу.",Spiritual Warfare,,справляться духовными атаками чувствовать защищённым кажется весь мир против знаю найти силу внутри оставаться верным своей вере богу
e4e6248a-e74e-43d8-994f-1a7de38092f2,Имя_90,Фамилия_12,GMO,ru,I do not want to follow Jesus,Россия,Киев,Минская область,"Я много грешил в прошлом, и мне кажется, что я недостоин Божьей любви. Возможно ли для меня прощение, и как мне понять, что Бог действительно прощает меня?",Crisis,,грешил прошлом кажется недостоин божьей любви возможно прощение понять бог действительно прощает
1e3e9de6-1a54-4da5-8cad-e3e45841a4cc,Имя_16,Фамилия_48,GMO,ru,I do not want to follow Jesus,Казахстан,Москва,Алматинская область,"Как мне изменить свою жизнь через веру? Я хочу следовать Божьему пути, но не знаю, с чего начать, чтобы жить согласно Его воле и преодолеть свои старые привычки.",General,,изменить жизнь веру хочу следовать божьему пути знаю начать жить согласно воле преодолеть свои старые привычки
1d796ac3-8c84-47a1-ad04-6bd6090029b1,Имя_9,Фамилия_99,GMO,ru,Christian - grow in my faith,Россия,Минск,Московская область,"Я хочу укрепить свою веру, но не знаю, с чего начать. Какие шаги мне нужно предпринять?",General,,хочу укрепить веру знаю начать какие шаги нужно предпринять
5701c246-b2b8-456e-9cf6-a5bf79d0afef,Имя_26,Фамилия_87,GMO,ru,I want to come back to Jesus,Украина,Киев,Московская область,"Как мне справляться с депрессией и тревогой, если я не могу найти поддержку среди близких?",Crisis,,справляться депрессией тревогой могу найти поддержку среди близких
20d11e99-5734-4796-8cc6-65f1254aa6fb,Имя_48,Фамилия_37,GMO,ru,I am not sure about Jesus,Украина,Киев,Алматинская область,"Как мне поддерживать отношения с Богом, если я потерял всякую надежду?",Spiritual Warfare,,поддерживать отношения богом потерял всякую надежду
dc7760e4-58de-4727-abc0-319af7d4deee,Имя_39,Фамилия_20,GMO,ru,I want to come back to Jesus,Россия,Киев,Минская область,"Как мне помочь другу, который страдает от алкогольной зависимости?",Alcoholism and Drug Addiction,,помочь другу который страдает алкогольной зависимости
774e8c08-cdfa-472b-9bd5-de77aa3b66e5,Имя_3,Фамилия_82,GMO,ru,I am not sure about Jesus,Украина,Минск,Минская область,"Может ли молитва изменить мою жизнь, если я борюсь с наркотической зависимостью?",Alcoholism and Drug Addiction,,молитва изменить мою жизнь борюсь наркотической зависимостью
f6e84155-67e1-4284-abe6-ff13bcfa1271,Имя_18,Фамилия_21,GMO,ru,I just decided to follow Jesus,Беларусь,Минск,Алматинская область,Как мне выйти из порочного круга зависимости и восстановить свою веру?,Alcoholism and Drug Addiction,,выйти порочного круга зависимости восстановить веру
86eb6484-12c0-483a-9d63-3e316052e7a6,Имя_30,Фамилия_24,GMO,ru,I do not want to follow Jesus,Казахстан,Москва,Московская область,"Я хочу найти смысл жизни. Как мне понять, что Бог действительно ведет меня по правильному пути?",General,,хочу найти смысл жизни понять бог действительно ведет правильному пути
21903def-071b-439a-8e19-e0a1f28ab5d5,Имя_61,Фамилия_88,GMO,ru,I do not want to follow Jesus,Россия,Москва,Минская область,"Что делать, если я чувствую, что теряю свою веру?",General,,делать чувствую теряю веру
56bc1f51-de69-4b9b-a86a-9270f63f8981,Имя_74,Фамилия_65,GMO,ru,I am not sure about Jesus,Украина,Алматы,Киевская область,"Как мне молиться, если я не чувствую присутствия Бога в своей жизни?",Spiritual Warfare,,молиться чувствую присутствия бога своей жизни
e4dce73d-8675-4f7e-ae3e-3ca48e401316,Имя_41,Фамилия_87,GMO,ru,Christian - grow in my faith,Украина,Киев,Минская область,"Как мне укрепить свой брак, если моя вторая половинка отдаляется от Бога?",Family and Marriage,,укрепить свой брак вторая половинка отдаляется бога
df45402a-6357-4aff-8e4c-5063bc655ef3,Nombre_28,Apellido_10,GMO,es,Christian - grow in my faith,Argentina,Ciudad de México,Provincia de Buenos Aires,¿Cómo puedo encontrar apoyo entre los cristianos?,General,,cómo puedo encontrar apoyo cristianos
cbdc3ce6-1f81-4bb7-86f1-b07056fed47c,Nombre_94,Apellido_31,GMO,es,I do not want to follow Jesus,México,Bogotá,Provincia de Buenos Aires,¿Cómo lidiar con las tentaciones en la vida diaria?,General,,cómo lidiar tentaciones vida diaria
c112ae03-3be3-4874-aa22-79139b1fc006,Nombre_90,Apellido_67,GMO,es,I want to come back to Jesus,España,Ciudad de México,Provincia de Buenos Aires,¿Cómo superar el miedo al futuro?,General,,cómo superar miedo futuro
fc2eaef0-7046-4a09-bc99-65d7e36866df,Nombre_85,Apellido_92,GMO,es,I just decided to follow Jesus,Colombia,Madrid,Comunidad de Madrid,¿Cómo acercarme más a la iglesia y a la comunidad cristiana?,General,,cómo acercarme iglesia comunidad cristiana
5980649d-6c2e-4b18-9a8a-df1ee1724f3b,Nombre_52,Apellido_46,GMO,es,I am not sure about Jesus,España,Ciudad de México,Provincia de Buenos Aires,¿La oración ayuda en la lucha espiritual?,Spiritual Warfare,,oración ayuda lucha espiritual
cd4ae7e6-fd0b-4db2-9726-dc6e7106601c,Nombre_68,Apellido_28,GMO,es,I want to come back to Jesus,Argentina,Bogotá,Provincia de Buenos Aires,¿Cómo puedo saber que Dios me escucha?,Spiritual Warfare,,cómo puedo saber dios escucha
48048add-3e02-4f97-a953-d250e2b7d7c9,Nombre_16,Apellido_47,GMO,es,I do not want to follow Jesus,México,Madrid,CDMX,"Quiero fortalecer mi fe, pero no sé por dónde empezar. ¿Qué pasos debo tomar?",General,,quiero fortalecer fe sé dónde empezar pasos debo tomar
8786db81-4856-4eb9-87d7-e91b08f66f4d,Nombre_23,Apellido_27,GMO,es,Christian - grow in my faith,México,Ciudad de México,Provincia de Buenos Aires,Perdí mi trabajo y no sé qué hacer. ¿Cómo puedo encontrar paz en la fe y confiar en el plan de Dios?,Crisis,,perdí trabajo sé hacer cómo puedo encontrar paz fe confiar plan dios
9ddddffa-63bb-4375-bb37-fa5efc3b5026,Nombre_61,Apellido_77,GMO,es,I just decided to follow Jesus,Argentina,Madrid,CDMX,¿Qué hago si mi esposo/a no cree en Dios y quiero que nuestra familia siga valores cristianos?,Family and Marriage,,hago si esposo cree dios quiero familia siga valores cristianos
b49a1f47-1bc5-4ac9-9f36-d0d1ca9d4d2c,Nombre_60,Apellido_75,GMO,es,I just decided to follow Jesus,Argentina,Bogotá,Provincia de Buenos Aires,"Si Dios es todopoderoso, ¿por qué permite el sufrimiento en el mundo? Me cuesta entenderlo y busco respuestas en la fe.",Crisis,,si dios todopoderoso permite sufrimiento mundo cuesta entenderlo busco respuestas fe
9d4ce393-6cb1-458c-8d32-d13cc6b23fa1,Nombre_92,Apellido_72,GMO,es,I do not want to follow Jesus,Argentina,Buenos Aires,CDMX,"¿Cómo puedo vencer los pensamientos negativos y la depresión? Me siento solo/a en este mundo, pero quiero encontrar a Dios.",Crisis,,cómo puedo vencer pensamientos negativos depresión siento solo mundo quiero encontrar dios
98f171dc-e933-415a-bf47-21ee82267db3,Nombre_4,Apellido_78,GMO,es,I do not want to follow Jesus,Colombia,Madrid,Cundinamarca,"Fui cristiano/a, pero ahora tengo dudas. Me pregunto cosas que nunca antes había cuestionado. ¿Cómo puedo recuperar mi confianza en la fe y saber que Dios sigue conmigo a pesar de mis dudas?",Crisis,,cristiano ahora dudas pregunto cosas nunca cuestionado cómo puedo recuperar confianza fe saber dios sigue conmigo pesar dudas
b862110e-e08d-4692-b8d5-96d4260bf3e0,Nombre_33,Apellido_45,GMO,es,I want to come back to Jesus,Colombia,Ciudad de México,Comunidad de Madrid,¿Cómo puedo fortalecer mi matrimonio si mi pareja se está alejando de Dios?,Family and Marriage,,cómo puedo fortalecer matrimonio si pareja alejando dios
f95ad38b-e9cb-4738-ab2d-b2ee694b3524,Nombre_41,Apellido_36,GMO,es,Christian - grow in my faith,Colombia,Ciudad de México,Cundinamarca,¿Cómo enfrentar los ataques espirituales y sentirme protegido/a? A veces siento que el mundo está en mi contra y no sé cómo encontrar fuerzas dentro de mí para seguir fiel a Dios.,Spiritual Warfare,,cómo enfrentar ataques espirituales sentirme protegido veces siento mundo sé cómo encontrar fuerzas dentro seguir fiel dios
579fabe4-cca8-4c1e-9c47-88cba1faedb8,Nombre_36,Apellido_78,GMO,es,I want to come back to Jesus,España,Ciudad de México,Cundinamarca,He pecado mucho en el pasado y siento que no merezco el amor de Dios. ¿Es posible su perdón para mí? ¿Cómo puedo estar seguro/a de que Dios realmente me perdona?,Crisis,,pecado pasado siento merezco amor dios posible perdón cómo puedo seguro dios realmente perdona
b3bde233-8a3d-4738-b589-d8ad6fba5d86,Nombre_82,Apellido_42,GMO,es,I just decided to follow Jesus,Argentina,Ciudad de México,Comunidad de Madrid,"Quiero cambiar mi vida a través de la fe, pero no sé por dónde empezar. ¿Cómo vivir según la voluntad de Dios y superar mis viejos hábitos?",General,,quiero cambiar vida través fe sé dónde empezar cómo vivir según voluntad dios superar viejos hábitos
4a5de1ca-98bb-4263-b93f-d1cb8ac781eb,Nombre_14,Apellido_1,GMO,es,I do not want to follow Jesus,Colombia,Buenos Aires,Provincia de Buenos Aires,¿Cómo puedo encontrar a Dios si no estoy seguro/a de que Él existe?,General,,cómo puedo encontrar dios si seguro existe
ad059b82-0c4f-4e8b-9899-d63de6ff42a4,Nombre_25,Apellido_66,GMO,es,I just decided to follow Jesus,Argentina,Madrid,CDMX,¿Qué hacer si siento que estoy perdiendo mi fe?,General,,hacer si siento perdiendo fe
599ad705-62ea-4de5-ad9a-e908d3c45f23,Nombre_8,Apellido_85,GMO,es,I want to come back to Jesus,Argentina,Buenos Aires,Cundinamarca,¿Cómo orar cuando no siento la presencia de Dios en mi vida?,Spiritual Warfare,,cómo orar siento presencia dios vida
b0f9933c-5742-4b4d-b0f0-bf94eef27846,Nombre_69,Apellido_53,GMO,es,I want to come back to Jesus,España,Ciudad de México,Cundinamarca,¿Cómo fortalecer mi matrimonio cuando mi pareja se aleja de la fe?,Family and Marriage,,cómo fortalecer matrimonio pareja aleja fe
787c7939-47b4-4fa1-83bc-e678e34cd1b6,Nombre_11,Apellido_27,GMO,es,Christian - grow in my faith,México,Bogotá,CDMX,¿Cómo perdonarme a mí mismo/a por los errores del pasado y seguir adelante?,Crisis,,cómo perdonarme mismo errores pasado seguir adelante
104cd1e7-8686-48ca-95d4-665329b4b22e,Nombre_37,Apellido_54,GMO,es,Christian - grow in my faith,México,Bogotá,CDMX,¿Cómo puedo recuperar la alegría y la esperanza después de un período difícil?,Crisis,,cómo puedo recuperar alegría esperanza después período difícil
899b279a-e3e3-44db-994f-1d2c2dce9c04,Nombre_3,Apellido_85,GMO,es,I do not want to follow Jesus,Colombia,Madrid,Comunidad de Madrid,¿Cómo confiar en Dios cuando parece que todo está saliendo mal?,Crisis,,cómo confiar dios parece saliendo mal
276b6a60-6a15-4440-8a9c-c2a36f95f271,Nombre_46,Apellido_45,GMO,es,Christian - grow in my faith,España,Madrid,Provincia de Buenos Aires,¿Cómo dejar de temer el juicio de los demás por mi fe?,General,,cómo dejar temer juicio demás fe
546dc9f9-8d65-4385-8a82-4bf0313004d5,Nombre_60,Apellido_79,GMO,es,Christian - grow in my faith,Colombia,Bogotá,Comunidad de Madrid,¿Cómo puedo ayudar a un amigo/a que lucha con la adicción al alcohol?,Alcoholism and Drug Addiction,,cómo puedo ayudar amigo lucha adicción alcohol
ccb232b6-2467-460b-a457-7e31655ad0fc,Nombre_10,Apellido_91,GMO,es,Christian - grow in my faith,España,Ciudad de México,Comunidad de Madrid,¿Puede la oración cambiar mi vida si lucho con la adicción a las drogas?,Alcoholism and Drug Addiction,,puede oración cambiar vida si lucho adicción drogas
1bd7e1aa-f390-4ee1-aae6-1e84e4bf7a6d,Nombre_55,Apellido_71,GMO,es,I want to come back to Jesus,España,Madrid,Comunidad de Madrid,¿Cómo salir del ciclo de la adicción y recuperar mi fe?,Alcoholism and Drug Addiction,,cómo salir ciclo adicción recuperar fe
dc1c3afe-5080-4e17-919c-806f5e430201,Nombre_15,Apellido_95,GMO,es,I just decided to follow Jesus,Argentina,Madrid,Provincia de Buenos Aires,Estoy buscando el propósito de mi vida. ¿Cómo puedo saber que Dios me está guiando?,General,,buscando propósito vida cómo puedo saber dios guiando
d4e6748c-8726-4600-9a31-ebc68186ee42,Nombre_92,Apellido_36,GMO,es,I want to come back to Jesus,Colombia,Bogotá,Comunidad de Madrid,¿Cómo sé si Dios tiene un plan para mí?,General,,cómo sé si dios plan
9747f5d2-a9f9-4c82-8db9-b049e46c2343,Nombre_61,Apellido_30,GMO,es,Christian - grow in my faith,Colombia,Madrid,CDMX,¿Cómo encontrar la paz en tiempos de incertidumbre?,Crisis,,cómo encontrar paz tiempos incertidumbre
c128e789-0d55-4164-b747-09e33b57f668,Nombre_33,Apellido_42,GMO,es,I am not sure about Jesus,Colombia,Madrid,Provincia de Buenos Aires,¿Qué hacer cuando siento que Dios no responde mis oraciones?,Spiritual Warfare,,hacer siento dios responde oraciones
f80040e8-8299-479d-83f4-04e4b54035d3,Nombre_91,Apellido_17,GMO,es,Christian - grow in my faith,Argentina,Buenos Aires,Comunidad de Madrid,¿Cómo puedo sentir el amor de Dios y encontrar paz en mi corazón?,General,,cómo puedo sentir amor dios encontrar paz corazón
ffc9b6c0-7ffe-45a8-8e35-7f3e9903d18b,Nombre_40,Apellido_16,GMO,es,I want to come back to Jesus,España,Buenos Aires,Provincia de Buenos Aires,¿Cómo reconciliarme con Dios después de muchos años de ausencia en mi fe?,Crisis,,cómo reconciliarme dios después años ausencia fe
26c1b803-3cea-49ff-aa47-478e738a394c,Nombre_68,Apellido_75,GMO,es,I do not want to follow Jesus,Argentina,Madrid,Comunidad de Madrid,¿Cómo puedo confiar en Dios cuando todo parece perdido?,Crisis,,cómo puedo confiar dios parece perdido
6583360a-674f-4a8b-921d-c35b449eac02,Nombre_27,Apellido_56,GMO,es,I just decided to follow Jesus,México,Ciudad de México,CDMX,¿Cómo encontrar fuerza para seguir adelante después de una gran pérdida?,Crisis,,cómo encontrar fuerza seguir adelante después gran pérdida
7f867d02-8eeb-4844-9e74-17976ee77b16,Nombre_56,Apellido_13,GMO,es,Christian - grow in my faith,Colombia,Buenos Aires,Cundinamarca,¿Cómo puedo encontrar apoyo entre los cristianos?,General,,cómo puedo encontrar apoyo cristianos
878e595b-aa43-4f8f-bc2c-ebe4a1eb9c12,Nombre_85,Apellido_69,GMO,es,I am not sure about Jesus,México,Ciudad de México,Cundinamarca,¿Cómo lidiar con las tentaciones en la vida diaria?,General,,cómo lidiar tentaciones vida diaria
1dd7d1c9-7c09-4431-a389-c70b1c497547,Nombre_57,Apellido_88,GMO,es,I do not want to follow Jesus,México,Ciudad de México,Comunidad de Madrid,¿Cómo superar el miedo al futuro?,General,,cómo superar miedo futuro
0bd59e8a-8d0b-475a-9d04-61629b90f2f7,Nombre_67,Apellido_25,GMO,es,I just decided to follow Jesus,Colombia,Bogotá,Comunidad de Madrid,¿Cómo acercarme más a la iglesia y a la comunidad cristiana?,General,,cómo acercarme iglesia comunidad cristiana
f11c65ed-2be5-4de3-88f0-9f4566e95a2f,Nombre_6,Apellido_24,GMO,es,I just decided to follow Jesus,México,Ciudad de México,CDMX,¿La oración ayuda en la lucha espiritual?,Spiritual Warfare,,oración ayuda lucha espiritual
0197388b-e166-49f5-903d-e919cbe9a709,Nombre_40,Apellido_34,GMO,es,I do not want to follow Jesus,Colombia,Buenos Aires,CDMX,¿Cómo puedo saber que Dios me escucha?,Spiritual Warfare,,cómo puedo saber dios escucha
9439622b-a33c-456f-8155-6734d3984ba1,Nombre_2,Apellido_27,GMO,es,I do not want to follow Jesus,México,Madrid,CDMX,"Quiero fortalecer mi fe, pero no sé por dónde empezar. ¿Qué pasos debo tomar?",General,,quiero fortalecer fe sé dónde empezar pasos debo tomar
ee23454b-eaa9-48d9-aeae-69b7d2b8fadd,Nombre_15,Apellido_14,GMO,es,I do not want to follow Jesus,Argentina,Madrid,Comunidad de Madrid,Perdí mi trabajo y no sé qué hacer. ¿Cómo puedo encontrar paz en la fe y confiar en el plan de Dios?,Crisis,,perdí trabajo sé hacer cómo puedo encontrar paz fe confiar plan dios
7e2bef36-499c-4d40-903c-80adc753b082,Nombre_65,Apellido_13,GMO,es,I just decided to follow Jesus,México,Ciudad de México,Provincia de Buenos Aires,¿Qué hago si mi esposo/a no cree en Dios y quiero que nuestra familia siga valores cristianos?,Family and Marriage,,hago si esposo cree dios quiero familia siga valores cristianos
70f78fd9-e2dd-4122-884b-e5da87423860,Nombre_41,Apellido_55,GMO,es,I am not sure about Jesus,Colombia,Bogotá,Provincia de Buenos Aires,"Si Dios es todopoderoso, ¿por qué permite el sufrimiento en el mundo? Me cuesta entenderlo y busco respuestas en la fe.",Crisis,,si dios todopoderoso permite sufrimiento mundo cuesta entenderlo busco respuestas fe
0a40bcb5-15c7-49bd-b150-0961b0d453ec,Nombre_56,Apellido_17,GMO,es,I do not want to follow Jesus,España,Buenos Aires,CDMX,"¿Cómo puedo vencer los pensamientos negativos y la depresión? Me siento solo/a en este mundo, pero quiero encontrar a Dios.",Crisis,,cómo puedo vencer pensamientos negativos depresión siento solo mundo quiero encontrar dios
053522e6-e709-4e94-89b8-8f6c998459aa,Nombre_56,Apellido_30,GMO,es,I am not sure about Jesus,México,Bogotá,Comunidad de Madrid,"Fui cristiano/a, pero ahora tengo dudas. Me pregunto cosas que nunca antes había cuestionado. ¿Cómo puedo recuperar mi confianza en la fe y saber que Dios sigue conmigo a pesar de mis dudas?",Crisis,,cristiano ahora dudas pregunto cosas nunca cuestionado cómo puedo recuperar confianza fe saber dios sigue conmigo pesar dudas
8487603c-b31f-48bd-9cf9-446ffcdce534,Nombre_91,Apellido_90,GMO,es,Christian - grow in my faith,España,Madrid,Provincia de Buenos Aires,¿Cómo puedo fortalecer mi matrimonio si mi pareja se está alejando de Dios?,Family and Marriage,,cómo puedo fortalecer matrimonio si pareja alejando dios
90bd1f69-f3fb-4af5-8dc4-646f5f2cdc44,Nombre_8,Apellido_80,GMO,es,I am not sure about Jesus,México,Ciudad de México,Cundinamarca,¿Cómo enfrentar los ataques espirituales y sentirme protegido/a? A veces siento que el mundo está en mi contra y no sé cómo encontrar fuerzas dentro de mí para seguir fiel a Dios.,Spiritual Warfare,,cómo enfrentar ataques espirituales sentirme protegido veces siento mundo sé cómo encontrar fuerzas dentro seguir fiel dios
d5d09a53-2611-4a0c-84ee-05f0ee0439c7,Nombre_14,Apellido_10,GMO,es,I want to come back to Jesus,Colombia,Bogotá,CDMX,He pecado mucho en el pasado y siento que no merezco el amor de Dios. ¿Es posible su perdón para mí? ¿Cómo puedo estar seguro/a de que Dios realmente me perdona?,Crisis,,pecado pasado siento merezco amor dios posible perdón cómo puedo seguro dios realmente perdona
d9d57113-6922-4706-bef1-3573a5d1cbeb,Nombre_11,Apellido_24,GMO,es,Christian - grow in my faith,Colombia,Madrid,CDMX,"Quiero cambiar mi vida a través de la fe, pero no sé por dónde empezar. ¿Cómo vivir según la voluntad de Dios y superar mis viejos hábitos?",General,,quiero cambiar vida través fe sé dónde empezar cómo vivir según voluntad dios superar viejos hábitos
0c672f65-f9d9-4637-921a-8345737761ed,Nombre_58,Apellido_46,GMO,es,I just decided to follow Jesus,Colombia,Ciudad de México,CDMX,¿Cómo puedo encontrar a Dios si no estoy seguro/a de que Él existe?,General,,cómo puedo encontrar dios si seguro existe
4211c4cd-cba0-4e01-8e48-f8657921c817,Nombre_69,Apellido_4,GMO,es,I want to come back to Jesus,México,Madrid,Cundinamarca,¿Qué hacer si siento que estoy perdiendo mi fe?,General,,hacer si siento perdiendo fe
29d4b7b4-5db7-48b9-8ffe-290a49c7b05d,Nombre_79,Apellido_97,GMO,es,I want to come back to Jesus,México,Bogotá,CDMX,¿Cómo orar cuando no siento la presencia de Dios en mi vida?,Spiritual Warfare,,cómo orar siento presencia dios vida
24823166-3fb0-4849-8118-e365716ef4a2,Nombre_85,Apellido_46,GMO,es,I want to come back to Jesus,México,Bogotá,Cundinamarca,¿Cómo fortalecer mi matrimonio cuando mi pareja se aleja de la fe?,Family and Marriage,,cómo fortalecer matrimonio pareja aleja fe
3a688591-2a96-4693-ad44-9b523afaa7fd,Nombre_35,Apellido_50,GMO,es,I want to come back to Jesus,España,Buenos Aires,Provincia de Buenos Aires,¿Cómo perdonarme a mí mismo/a por los errores del pasado y seguir adelante?,Crisis,,cómo perdonarme mismo errores pasado seguir adelante
15489cd2-028c-4cf0-ba22-4d7a464afe79,Nombre_66,Apellido_76,GMO,es,Christian - grow in my faith,Argentina,Ciudad de México,Comunidad de Madrid,¿Cómo puedo recuperar la alegría y la esperanza después de un período difícil?,Crisis,,cómo puedo recuperar alegría esperanza después período difícil
cd60cbc7-5f63-4c66-97e9-8bb32f08afe9,Nombre_63,Apellido_71,GMO,es,I am not sure about Jesus,España,Ciudad de México,Comunidad de Madrid,¿Cómo confiar en Dios cuando parece que todo está saliendo mal?,Crisis,,cómo confiar dios parece saliendo mal
f0d090ca-1cc3-4e71-ab4d-eca1f09d03ae,Nombre_26,Apellido_19,GMO,es,I do not want to follow Jesus,México,Madrid,Comunidad de Madrid,¿Cómo dejar de temer el juicio de los demás por mi fe?,General,,cómo dejar temer juicio demás fe
3fca89fe-df73-431c-9f46-d80edc283637,Nombre_84,Apellido_94,GMO,es,I am not sure about Jesus,España,Bogotá,Cundinamarca,¿Cómo puedo ayudar a un amigo/a que lucha con la adicción al alcohol?,Alcoholism and Drug Addiction,,cómo puedo ayudar amigo lucha adicción alcohol
65a8c114-9553-44a3-b8c9-3efa987e9368,Nombre_46,Apellido_70,GMO,es,I just decided to follow Jesus,España,Ciudad de México,Provincia de Buenos Aires,¿Puede la oración cambiar mi vida si lucho con la adicción a las drogas?,Alcoholism and Drug Addiction,,puede oración cambiar vida si lucho adicción drogas
dfcca8eb-4c3f-4087-84e5-d524180332b0,Nombre_81,Apellido_7,GMO,es,Christian - grow in my faith,Argentina,Bogotá,CDMX,¿Cómo salir del ciclo de la adicción y recuperar mi fe?,Alcoholism and Drug Addiction,,cómo salir ciclo adicción recuperar fe
f1c2bfdd-09cf-4d9c-af61-c68fd1596bf3,Nombre_55,Apellido_69,GMO,es,Christian - grow in my faith,Colombia,Madrid,Cundinamarca,Estoy buscando el propósito de mi vida. ¿Cómo puedo saber que Dios me está guiando?,General,,buscando propósito vida cómo puedo saber dios guiando
cbbc8460-58d3-4196-a597-28f9859f8a12,Nombre_52,Apellido_22,GMO,es,I want to come back to Jesus,Colombia,Madrid,CDMX,¿Cómo sé si Dios tiene un plan para mí?,General,,cómo sé si dios plan
de88e062-9e60-45c1-8542-441e625c4726,Nombre_94,Apellido_27,GMO,es,I do not want to follow Jesus,Colombia,Bogotá,Cundinamarca,¿Cómo encontrar la paz en tiempos de incertidumbre?,Crisis,,cómo encontrar paz tiempos incertidumbre
636cbb51-de3d-40f7-8981-398d127015d2,Nombre_31,Apellido_88,GMO,es,Christian - grow in my faith,España,Bogotá,CDMX,¿Qué hacer cuando siento que Dios no responde mis oraciones?,Spiritual Warfare,,hacer siento dios responde oraciones
5def57ef-c486-4056-87d5-a99f26da0472,Nombre_21,Apellido_19,GMO,es,I just decided to follow Jesus,Argentina,Madrid,CDMX,¿Cómo puedo sentir el amor de Dios y encontrar paz en mi corazón?,General,,cómo puedo sentir amor dios encontrar paz corazón
81787e68-4d1d-41c2-9a94-854329b8b63f,Nombre_59,Apellido_35,GMO,es,Christian - grow in my faith,España,Buenos Aires,Cundinamarca,¿Cómo reconciliarme con Dios después de muchos años de ausencia en mi fe?,Crisis,,cómo reconciliarme dios después años ausencia fe
1a1132a7-4983-47cb-a9a4-8dac9ccdd579,Nombre_19,Apellido_59,GMO,es,I am not sure about Jesus,Colombia,Ciudad de México,Provincia de Buenos Aires,¿Cómo puedo confiar en Dios cuando todo parece perdido?,Crisis,,cómo puedo confiar dios parece perdido
b9541204-d40b-4e85-9519-d9d97aa47d37,Nombre_75,Apellido_66,GMO,es,I am not sure about Jesus,Argentina,Bogotá,CDMX,¿Cómo encontrar fuerza para seguir adelante después de una gran pérdida?,Crisis,,cómo encontrar fuerza seguir adelante después gran pérdida
2d4eb564-a90d-4971-ac48-c9f97ae07eef,Nombre_46,Apellido_10,GMO,es,I want to come back to Jesus,Colombia,Madrid,Comunidad de Madrid,¿Cómo puedo encontrar apoyo entre los cristianos?,General,,cómo puedo encontrar apoyo cristianos
234ff16b-f25d-441a-a733-a47a05c517da,Nombre_69,Apellido_76,GMO,es,I do not want to follow Jesus,España,Ciudad de México,Provincia de Buenos Aires,¿Cómo lidiar con las tentaciones en la vida diaria?,General,,cómo lidiar tentaciones vida diaria
e168834f-2bdd-4c7a-925e-b95ea902fcde,Nombre_92,Apellido_46,GMO,es,I want to come back to Jesus,Argentina,Madrid,Cundinamarca,¿Cómo superar el miedo al futuro?,General,,cómo superar miedo futuro
ac6e546b-cde0-4317-99fd-5046c32f67d8,Nombre_7,Apellido_12,GMO,es,I do not want to follow Jesus,Argentina,Ciudad de México,CDMX,¿Cómo acercarme más a la iglesia y a la comunidad cristiana?,General,,cómo acercarme iglesia comunidad cristiana
ece14581-3faf-48ba-bab9-7266ce230310,Nombre_8,Apellido_75,GMO,es,I am not sure about Jesus,Argentina,Madrid,Provincia de Buenos Aires,¿La oración ayuda en la lucha espiritual?,Spiritual Warfare,,oración ayuda lucha espiritual
1d67c10e-9a03-4a13-8294-f4babaaf3fff,Nombre_65,Apellido_27,GMO,es,I just decided to follow Jesus,Colombia,Buenos Aires,CDMX,¿Cómo puedo saber que Dios me escucha?,Spiritual Warfare,,cómo puedo saber dios escucha
c532d222-55ab-4931-8403-8e359ca46a7d,Nombre_96,Apellido_18,GMO,es,I am not sure about Jesus,España,Buenos Aires,Comunidad de Madrid,"Quiero fortalecer mi fe, pero no sé por dónde empezar. ¿Qué pasos debo tomar?",General,,quiero fortalecer fe sé dónde empezar pasos debo tomar
5bc4f510-63dd-466c-8297-76949cab0cee,Nombre_90,Apellido_63,GMO,es,I just decided to follow Jesus,Argentina,Bogotá,Cundinamarca,Perdí mi trabajo y no sé qué hacer. ¿Cómo puedo encontrar paz en la fe y confiar en el plan de Dios?,Crisis,,perdí trabajo sé hacer cómo puedo encontrar paz fe confiar plan dios
cf8953de-ad9d-4084-abf4-90bdc256ea81,Nombre_73,Apellido_26,GMO,es,Christian - grow in my faith,Colombia,Ciudad de México,Cundinamarca,¿Qué hago si mi esposo/a no cree en Dios y quiero que nuestra familia siga valores cristianos?,Family and Marriage,,hago si esposo cree dios quiero familia siga valores cristianos
13972a13-5047-4e61-8579-7bdabb26b284,Nombre_57,Apellido_71,GMO,es,I am not sure about Jesus,Argentina,Bogotá,Cundinamarca,"Si Dios es todopoderoso, ¿por qué permite el sufrimiento en el mundo? Me cuesta entenderlo y busco respuestas en la fe.",Crisis,,si dios todopoderoso permite sufrimiento mundo cuesta entenderlo busco respuestas fe
129e6e6b-6518-480a-a306-2021497f77e4,Nombre_90,Apellido_8,GMO,es,I want to come back to Jesus,Colombia,Madrid,Comunidad de Madrid,"¿Cómo puedo vencer los pensamientos negativos y la depresión? Me siento solo/a en este mundo, pero quiero encontrar a Dios.",Crisis,,cómo puedo vencer pensamientos negativos depresión siento solo mundo quiero encontrar dios
c0387021-a2dc-48c5-8fa5-03abfda9659b,Nombre_22,Apellido_26,GMO,es,I do not want to follow Jesus,España,Madrid,Comunidad de Madrid,"Fui cristiano/a, pero ahora tengo dudas. Me pregunto cosas que nunca antes había cuestionado. ¿Cómo puedo recuperar mi confianza en la fe y saber que Dios sigue conmigo a pesar de mis dudas?",Crisis,,cristiano ahora dudas pregunto cosas nunca cuestionado cómo puedo recuperar confianza fe saber dios sigue conmigo pesar dudas
e392a835-7d20-4f76-aa51-d2ed6e097e0a,Nombre_9,Apellido_39,GMO,es,I want to come back to Jesus,Argentina,Madrid,Provincia de Buenos Aires,¿Cómo puedo fortalecer mi matrimonio si mi pareja se está alejando de Dios?,Family and Marriage,,cómo puedo fortalecer matrimonio si pareja alejando dios
6972019b-6158-4fc6-847d-f59436212ca8,Nombre_63,Apellido_91,GMO,es,I just decided to follow Jesus,Colombia,Madrid,CDMX,¿Cómo enfrentar los ataques espirituales y sentirme protegido/a? A veces siento que el mundo está en mi contra y no sé cómo encontrar fuerzas dentro de mí para seguir fiel a Dios.,Spiritual Warfare,,cómo enfrentar ataques espirituales sentirme protegido veces siento mundo sé cómo encontrar fuerzas dentro seguir fiel dios
9802e95a-0529-4616-9c5c-7b656167c92e,Nombre_2,Apellido_56,GMO,es,Christian - grow in my faith,Argentina,Buenos Aires,Cundinamarca,He pecado mucho en el pasado y siento que no merezco el amor de Dios. ¿Es posible su perdón para mí? ¿Cómo puedo estar seguro/a de que Dios realmente me perdona?,Crisis,,pecado pasado siento merezco amor dios posible perdón cómo puedo seguro dios realmente perdona
07e51975-f4b9-4a42-92fc-f7162be0baca,Nombre_81,Apellido_18,GMO,es,I want to come back to Jesus,Colombia,Madrid,Cundinamarca,"Quiero cambiar mi vida a través de la fe, pero no sé por dónde empezar. ¿Cómo vivir según la voluntad de Dios y superar mis viejos hábitos?",General,,quiero cambiar vida través fe sé dónde empezar cómo vivir según voluntad dios superar viejos hábitos
d55b6265-5737-4b43-86d6-0bb46ae722f1,Nombre_9,Apellido_97,GMO,es,Christian - grow in my faith,Argentina,Ciudad de México,Comunidad de Madrid,¿Cómo puedo encontrar a Dios si no estoy seguro/a de que Él existe?,General,,cómo puedo encontrar dios si seguro existe
9f273878-9611-48b0-91d2-3e1a7e95f64d,Nombre_87,Apellido_42,GMO,es,I just decided to follow Jesus,Colombia,Ciudad de México,Comunidad de Madrid,¿Qué hacer si siento que estoy perdiendo mi fe?,General,,hacer si siento perdiendo fe
2000b0dd-8dee-447e-bcbf-c8cfea137cb0,Nombre_22,Apellido_68,GMO,es,I do not want to follow Jesus,México,Madrid,Provincia de Buenos Aires,¿Cómo orar cuando no siento la presencia de Dios en mi vida?,Spiritual Warfare,,cómo orar siento presencia dios vida
39a45ce4-ad02-4c0a-857d-c11f22dc9292,Nombre_4,Apellido_63,GMO,es,I do not want to follow Jesus,Argentina,Ciudad de México,CDMX,¿Cómo fortalecer mi matrimonio cuando mi pareja se aleja de la fe?,Family and Marriage,,cómo fortalecer matrimonio pareja aleja fe
ce8c2730-553c-49a5-877d-20a05d9fb716,Nombre_95,Apellido_94,GMO,es,I am not sure about Jesus,España,Buenos Aires,CDMX,¿Cómo perdonarme a mí mismo/a por los errores del pasado y seguir adelante?,Crisis,,cómo perdonarme mismo errores pasado seguir adelante
b2c446cb-47c7-4aab-9324-32b863fcc003,Nombre_17,Apellido_37,GMO,es,I just decided to follow Jesus,México,Madrid,Comunidad de Madrid,¿Cómo puedo recuperar la alegría y la esperanza después de un período difícil?,Crisis,,cómo puedo recuperar alegría esperanza después período difícil
fb89ec5f-c785-42a7-b34d-3ba7fc44c0a7,Nombre_54,Apellido_7,GMO,es,Christian - grow in my faith,México,Madrid,Provincia de Buenos Aires,¿Cómo confiar en Dios cuando parece que todo está saliendo mal?,Crisis,,cómo confiar dios parece saliendo mal
7b878e75-fb78-4def-b625-66f2c9c7ac3c,Nombre_39,Apellido_17,GMO,es,Christian - grow in my faith,Argentina,Buenos Aires,Cundinamarca,¿Cómo dejar de temer el juicio de los demás por mi fe?,General,,cómo dejar temer juicio demás fe
c1848f24-a7a8-4801-adee-6756f9a9ddb9,Nombre_53,Apellido_10,GMO,es,Christian - grow in my faith,España,Bogotá,Provincia de Buenos Aires,¿Cómo puedo ayudar a un amigo/a que lucha con la adicción al alcohol?,Alcoholism and Drug Addiction,,cómo puedo ayudar amigo lucha adicción alcohol
440be4b3-eb49-44b0-be2a-c4cd77fe15df,Nombre_99,Apellido_44,GMO,es,I do not want to follow Jesus,España,Bogotá,Provincia de Buenos Aires,¿Puede la oración cambiar mi vida si lucho con la adicción a las drogas?,Alcoholism and Drug Addiction,,puede oración cambiar vida si lucho adicción drogas
fc855edc-334e-49a0-b917-72b6f2270c57,Nombre_27,Apellido_82,GMO,es,I am not sure about Jesus,Argentina,Ciudad de México,CDMX,¿Cómo salir del ciclo de la adicción y recuperar mi fe?,Alcoholism and Drug Addiction,,cómo salir ciclo adicción recuperar fe
a0fb809d-52dc-4de4-8a59-5b463593a138,Nombre_13,Apellido_7,GMO,es,I do not want to follow Jesus,Argentina,Bogotá,CDMX,Estoy buscando el propósito de mi vida. ¿Cómo puedo saber que Dios me está guiando?,General,,buscando propósito vida cómo puedo saber dios guiando
b66520d2-f52e-4ef8-beb5-3d2b5fbc438b,Nombre_64,Apellido_82,GMO,es,I want to come back to Jesus,México,Buenos Aires,CDMX,¿Cómo sé si Dios tiene un plan para mí?,General,,cómo sé si dios plan
baada543-07e0-46d0-882c-7580285c0702,Nombre_13,Apellido_99,GMO,es,I am not sure about Jesus,Colombia,Madrid,Cundinamarca,¿Cómo encontrar la paz en tiempos de incertidumbre?,Crisis,,cómo encontrar paz tiempos incertidumbre
6bf8841c-ce5a-46b2-ba21-6696bc9c4059,Ad_65,Soyad_88,GMO,tr,Christian - grow in my faith,Almanya,İstanbul,Berlin Eyaleti,Hristiyanlar arasında nasıl destek bulabilirim?,General,,hristiyanlar arasında destek bulabilirim
c4512517-bb6a-456e-8367-cee19174b1e3,Ad_19,Soyad_43,GMO,tr,I want to come back to Jesus,Azerbaycan,Berlin,Absheron,Günlük hayatta günaha karşı nasıl direnebilirim?,General,,günlük hayatta günaha karşı direnebilirim
d2696968-057c-4451-8f55-fef4e5a26597,Ad_49,Soyad_24,GMO,tr,I just decided to follow Jesus,Azerbaycan,Bakü,Île-de-France,Gelecek korkusunu nasıl aşabilirim?,General,,gelecek korkusunu aşabilirim
0480c7f4-c568-44b7-bdf1-3614fe0093d7,Ad_72,Soyad_84,GMO,tr,I am not sure about Jesus,Azerbaycan,İstanbul,Île-de-France,Kilise ve Hristiyan topluluğuna nasıl daha yakın olabilirim?,General,,kilise hristiyan topluluğuna yakın olabilirim
f3f70333-a598-4c46-b631-3346379879c6,Ad_25,Soyad_89,GMO,tr,I want to come back to Jesus,Azerbaycan,Berlin,Île-de-France,"Dua, ruhsal savaşta yardımcı olur mu?",Spiritual Warfare,,dua ruhsal savaşta yardımcı olur
99ec2452-d9ce-4a94-8c34-7566ecfcfdd2,Ad_91,Soyad_92,GMO,tr,I do not want to follow Jesus,Fransa,Paris,Île-de-France,Tanrı’nın beni duyduğunu nasıl bilebilirim?,Spiritual Warfare,,tanrı nın beni duyduğunu bilebilirim
d9aeb54e-3894-48d5-8c88-29a22f1b5117,Ad_55,Soyad_72,GMO,tr,Christian - grow in my faith,Azerbaycan,Berlin,Absheron,İnancımı güçlendirmek istiyorum ama nereden başlamalıyım?,General,,i nancımı güçlendirmek istiyorum nereden başlamalıyım
47928aba-d09b-4b5b-8109-8d9d6f77c547,Ad_81,Soyad_97,GMO,tr,I want to come back to Jesus,Fransa,Berlin,Berlin Eyaleti,İşimi kaybettim ve ne yapacağımı bilmiyorum. Tanrı’nın planına nasıl güvenebilirim?,Crisis,,i şimi kaybettim yapacağımı bilmiyorum tanrı nın planına güvenebilirim
1111dd35-53dc-4196-ae63-0d44db70a80a,Ad_74,Soyad_29,GMO,tr,I just decided to follow Jesus,Almanya,Berlin,Marmara Bölgesi,Eşim Tanrı’ya inanmıyor ama ailemizin Hristiyan değerlerine bağlı kalmasını istiyorum. Ne yapmalıyım?,Family and Marriage,,eşim tanrı inanmıyor ailemizin hristiyan değerlerine bağlı kalmasını istiyorum yapmalıyım
e47e5023-dff6-4919-8033-ba5732c7f054,Ad_40,Soyad_87,GMO,tr,I do not want to follow Jesus,Almanya,Bakü,Berlin Eyaleti,"Tanrı her şeye kadirse, dünyada neden acılar var? Bu durumu anlamakta zorlanıyorum.",Crisis,,tanrı şeye kadirse dünyada acılar var durumu anlamakta zorlanıyorum
29b3d174-1e95-481b-9f3f-923418e1da2a,Ad_11,Soyad_65,GMO,tr,Christian - grow in my faith,Almanya,Berlin,Berlin Eyaleti,Olumsuz düşünceler ve depresyonla nasıl başa çıkabilirim? Kendimi yalnız hissediyorum ama Tanrı’yı bulmak istiyorum.,Crisis,,olumsuz düşünceler depresyonla başa çıkabilirim kendimi yalnız hissediyorum tanrı yı bulmak istiyorum
1d022253-ebda-48fb-844d-1e4609908455,Ad_21,Soyad_72,GMO,tr,I do not want to follow Jesus,Almanya,Bakü,Berlin Eyaleti,Eskiden Hristiyandım ama şimdi şüphelerim var. Tanrı’nın hala benimle olduğunu nasıl anlayabilirim?,Crisis,,eskiden hristiyandım şimdi şüphelerim var tanrı nın hala benimle olduğunu anlayabilirim
3917bc8a-25a4-4d81-a78e-5631a55306b4,Ad_20,Soyad_33,GMO,tr,I want to come back to Jesus,Fransa,İstanbul,Berlin Eyaleti,"Eşim Tanrı’dan uzaklaşıyor, evliliğimizi nasıl güçlendirebiliriz?",Family and Marriage,,eşim tanrı dan uzaklaşıyor evliliğimizi güçlendirebiliriz
c4ed8326-276f-419a-acbd-e0a098cdff38,Ad_17,Soyad_60,GMO,tr,I just decided to follow Jesus,Fransa,Bakü,Absheron,Ruhsal saldırılarla nasıl mücadele edebilirim? Kendimi güvende hissetmek için ne yapmalıyım?,Spiritual Warfare,,ruhsal saldırılarla mücadele edebilirim kendimi güvende hissetmek yapmalıyım
21ddc1a5-581b-4d52-8ab4-edd1b54b326b,Ad_28,Soyad_59,GMO,tr,I want to come back to Jesus,Fransa,Bakü,Absheron,Geçmişte birçok hata yaptım ve Tanrı’nın beni affedeceğinden emin değilim. Gerçekten affedilebilir miyim?,Crisis,,geçmişte birçok hata yaptım tanrı nın beni affedeceğinden emin değilim gerçekten affedilebilir miyim
301ea59f-4d50-4c38-bdb5-5d1be1ceaab7,Ad_18,Soyad_36,GMO,tr,I just decided to follow Jesus,Fransa,Paris,Marmara Bölgesi,İnancımı daha derinlemesine yaşamak ve eski alışkanlıklarımı bırakmak istiyorum. Nereden başlamalıyım?,General,,i nancımı derinlemesine yaşamak eski alışkanlıklarımı bırakmak istiyorum nereden başlamalıyım
978f8ed4-ef36-46a6-a772-cc8bb01a4c9c,Ad_26,Soyad_55,GMO,tr,I am not sure about Jesus,Fransa,İstanbul,Berlin Eyaleti,Tanrı’nın varlığından nasıl emin olabilirim?,General,,tanrı nın varlığından emin olabilirim
b6ed66d6-fa37-4ffe-8bf1-64e0c92f3d1b,Ad_80,Soyad_35,GMO,tr,I am not sure about Jesus,Almanya,Berlin,Marmara Bölgesi,"İnancımı kaybediyormuş gibi hissediyorum, ne yapmalıyım?",General,,i nancımı kaybediyormuş hissediyorum yapmalıyım
e7273fe2-8e44-4eb3-841a-13b645ce2457,Ad_17,Soyad_21,GMO,tr,Christian - grow in my faith,Türkiye,Bakü,Marmara Bölgesi,Tanrı’nın sesini nasıl duyabilirim?,Spiritual Warfare,,tanrı nın sesini duyabilirim
8c76a175-329f-4c80-b009-48eed2c0da5e,Ad_19,Soyad_88,GMO,tr,I am not sure about Jesus,Türkiye,Bakü,Berlin Eyaleti,"Eşim Hristiyan değerlerine uzak, evliliğimizi nasıl kurtarabiliriz?",Family and Marriage,,eşim hristiyan değerlerine uzak evliliğimizi kurtarabiliriz
4739f6b4-14f9-4bc2-9829-3a9f5ed98934,Ad_19,Soyad_84,GMO,tr,I want to come back to Jesus,Fransa,İstanbul,Absheron,Geçmişte yaptığım hatalar beni rahatsız ediyor. Kendimi nasıl affedebilirim?,Crisis,,geçmişte yaptığım hatalar beni rahatsız ediyor kendimi affedebilirim
1c1db4a2-4d19-4eb9-99c7-757c6bac0f4a,Ad_50,Soyad_59,GMO,tr,I do not want to follow Jesus,Almanya,Bakü,Absheron,Umut ve neşemi geri kazanmak için ne yapmalıyım?,Crisis,,umut neşemi geri kazanmak yapmalıyım
d9e51131-594d-4ddf-9da9-460bcc618b72,Ad_67,Soyad_92,GMO,tr,Christian - grow in my faith,Fransa,Paris,Absheron,"Her şey kötüye gidiyormuş gibi hissediyorum, Tanrı’ya nasıl güvenebilirim?",Crisis,,kötüye gidiyormuş hissediyorum tanrı güvenebilirim
0deaab94-5daf-4e11-894c-0374fc291e35,Ad_18,Soyad_44,GMO,tr,I am not sure about Jesus,Fransa,Paris,Berlin Eyaleti,Başkalarının yargılarından korkmamayı nasıl öğrenebilirim?,General,,başkalarının yargılarından korkmamayı öğrenebilirim
9fc1be29-1210-4761-afd4-cf486df2d639,Ad_62,Soyad_10,GMO,tr,Christian - grow in my faith,Azerbaycan,Berlin,Berlin Eyaleti,Alkol bağımlılığıyla mücadele eden bir arkadaşımı nasıl destekleyebilirim?,Alcoholism and Drug Addiction,,alkol bağımlılığıyla mücadele eden bir arkadaşımı destekleyebilirim
b62b6489-d590-40a2-b81c-573fab4138e4,Ad_62,Soyad_99,GMO,tr,I want to come back to Jesus,Türkiye,Bakü,Berlin Eyaleti,Uyuşturucu bağımlılığından kurtulmak için dua etmek işe yarar mı?,Alcoholism and Drug Addiction,,uyuşturucu bağımlılığından kurtulmak dua etmek işe yarar
171ac69a-6c9f-4f45-a9c8-00c3e21528b5,Ad_15,Soyad_73,GMO,tr,I am not sure about Jesus,Türkiye,İstanbul,Île-de-France,Bağımlılıktan çıkıp inancımı nasıl güçlendirebilirim?,Alcoholism and Drug Addiction,,bağımlılıktan çıkıp inancımı güçlendirebilirim
48b2ea68-1cb5-479f-90b7-2f6c261375e7,Ad_94,Soyad_14,GMO,tr,Christian - grow in my faith,Türkiye,Paris,Berlin Eyaleti,Hayatımın amacını arıyorum. Tanrı’nın beni yönlendirdiğini nasıl anlayabilirim?,General,,hayatımın amacını arıyorum tanrı nın beni yönlendirdiğini anlayabilirim
16050494-7913-4914-a652-d0d1523532cd,Ad_75,Soyad_27,GMO,tr,I do not want to follow Jesus,Türkiye,Berlin,Berlin Eyaleti,Tanrı’nın benim için bir planı olduğunu nasıl bilebilirim?,General,,tanrı nın benim bir planı olduğunu bilebilirim
ccd4ea47-0f73-400e-ba89-6cc9ae1f2d1d,Ad_30,Soyad_24,GMO,tr,I just decided to follow Jesus,Azerbaycan,Berlin,Berlin Eyaleti,Belirsizlik zamanlarında iç huzurumu nasıl koruyabilirim?,Crisis,,belirsizlik zamanlarında iç huzurumu koruyabilirim
e3e3491d-9b00-4dcd-b789-17813abf7295,Ad_32,Soyad_72,GMO,tr,I do not want to follow Jesus,Almanya,Paris,Île-de-France,"Dualarımın cevapsız kaldığını hissediyorum, ne yapmalıyım?",Spiritual Warfare,,dualarımın cevapsız kaldığını hissediyorum yapmalıyım
ddc445ab-44ce-45bb-9fd2-0ca9ddaf49c8,Ad_75,Soyad_21,GMO,tr,I just decided to follow Jesus,Türkiye,Paris,Berlin Eyaleti,Tanrı’nın sevgisini hissedip iç huzuru nasıl bulabilirim?,General,,tanrı nın sevgisini hissedip iç huzuru bulabilirim
109a3408-760f-4df3-bfe1-8866451028e2,Ad_35,Soyad_84,GMO,tr,I do not want to follow Jesus,Türkiye,Paris,Marmara Bölgesi,Uzun yıllar sonra Tanrı ile barışmak için ne yapmalıyım?,Crisis,,uzun yıllar sonra tanrı barışmak yapmalıyım
e37ba79c-4acc-4653-b4a1-f1a4040d6821,Ad_37,Soyad_55,GMO,tr,I am not sure about Jesus,Almanya,Paris,Marmara Bölgesi,Her şey kötü gidiyorken Tanrı’ya nasıl güvenebilirim?,Crisis,,kötü gidiyorken tanrı güvenebilirim
7707141c-4f3b-444e-b8a1-9d09a24c9947,Ad_85,Soyad_44,GMO,tr,I am not sure about Jesus,Türkiye,Bakü,Berlin Eyaleti,Büyük bir kayıptan sonra hayatıma devam etmek için nasıl güç bulabilirim?,Crisis,,büyük bir kayıptan sonra hayatıma devam etmek güç bulabilirim
26ff04c3-e263-4147-97a3-b3c893c149c3,Ad_82,Soyad_93,GMO,tr,I want to come back to Jesus,Azerbaycan,Berlin,Île-de-France,Hristiyanlar arasında nasıl destek bulabilirim?,General,,hristiyanlar arasında destek bulabilirim
283bae71-a829-4718-a5f7-c482136d94ae,Ad_48,Soyad_82,GMO,tr,I am not sure about Jesus,Azerbaycan,Berlin,Île-de-France,Günlük hayatta günaha karşı nasıl direnebilirim?,General,,günlük hayatta günaha karşı direnebilirim
c648c735-f41d-47cb-a172-477c385741ce,Ad_18,Soyad_49,GMO,tr,I do not want to follow Jesus,Almanya,Bakü,Absheron,Gelecek korkusunu nasıl aşabilirim?,General,,gelecek korkusunu aşabilirim
6ebe4387-4c51-42d2-a347-ba55f8184b71,Ad_74,Soyad_70,GMO,tr,I just decided to follow Jesus,Türkiye,Berlin,Île-de-France,Kilise ve Hristiyan topluluğuna nasıl daha yakın olabilirim?,General,,kilise hristiyan topluluğuna yakın olabilirim
21c63907-d022-4e39-932d-b9858ef63437,Ad_8,Soyad_67,GMO,tr,I want to come back to Jesus,Fransa,Berlin,Marmara Bölgesi,"Dua, ruhsal savaşta yardımcı olur mu?",Spiritual Warfare,,dua ruhsal savaşta yardımcı olur
c7d7e4f4-0f73-49b2-801f-57f607a18692,Ad_63,Soyad_94,GMO,tr,Christian - grow in my faith,Almanya,Berlin,Île-de-France,Tanrı’nın beni duyduğunu nasıl bilebilirim?,Spiritual Warfare,,tanrı nın beni duyduğunu bilebilirim
15e7db35-605b-4168-8aa2-08ce813d22bc,Ad_14,Soyad_94,GMO,tr,Christian - grow in my faith,Türkiye,Paris,Marmara Bölgesi,İnancımı güçlendirmek istiyorum ama nereden başlamalıyım?,General,,i nancımı güçlendirmek istiyorum nereden başlamalıyım
f608a938-8137-4285-b43b-9a6a4a5238b4,Ad_73,Soyad_21,GMO,tr,I want to come back to Jesus,Fransa,Berlin,Île-de-France,İşimi kaybettim ve ne yapacağımı bilmiyorum. Tanrı’nın planına nasıl güvenebilirim?,Crisis,,i şimi kaybettim yapacağımı bilmiyorum tanrı nın planına güvenebilirim
86a19e9b-153f-4308-81c1-a59eda5284d7,Ad_52,Soyad_47,GMO,tr,I want to come back to Jesus,Fransa,Paris,Absheron,Eşim Tanrı’ya inanmıyor ama ailemizin Hristiyan değerlerine bağlı kalmasını istiyorum. Ne yapmalıyım?,Family and Marriage,,eşim tanrı inanmıyor ailemizin hristiyan değerlerine bağlı kalmasını istiyorum yapmalıyım
fdcc4bed-8086-4226-958c-8cbf00d5066b,Ad_12,Soyad_7,GMO,tr,I just decided to follow Jesus,Almanya,İstanbul,Île-de-France,"Tanrı her şeye kadirse, dünyada neden acılar var? Bu durumu anlamakta zorlanıyorum.",Crisis,,tanrı şeye kadirse dünyada acılar var durumu anlamakta zorlanıyorum
2ff588c1-b717-4cf6-8906-a2110b46d3d5,Ad_15,Soyad_76,GMO,tr,I just decided to follow Jesus,Almanya,Bakü,Île-de-France,Olumsuz düşünceler ve depresyonla nasıl başa çıkabilirim? Kendimi yalnız hissediyorum ama Tanrı’yı bulmak istiyorum.,Crisis,,olumsuz düşünceler depresyonla başa çıkabilirim kendimi yalnız hissediyorum tanrı yı bulmak istiyorum
8be21bb2-7c75-4785-8bbf-d9f4f3777932,Ad_27,Soyad_41,GMO,tr,Christian - grow in my faith,Almanya,Paris,Marmara Bölgesi,Eskiden Hristiyandım ama şimdi şüphelerim var. Tanrı’nın hala benimle olduğunu nasıl anlayabilirim?,Crisis,,eskiden hristiyandım şimdi şüphelerim var tanrı nın hala benimle olduğunu anlayabilirim
8a95d5b4-e17e-4e1d-9429-b86ed975c49f,Ad_46,Soyad_38,GMO,tr,I am not sure about Jesus,Almanya,Paris,Marmara Bölgesi,"Eşim Tanrı’dan uzaklaşıyor, evliliğimizi nasıl güçlendirebiliriz?",Family and Marriage,,eşim tanrı dan uzaklaşıyor evliliğimizi güçlendirebiliriz
09f5f0e1-d444-4594-ac29-0e6fb82e7f2e,Ad_7,Soyad_7,GMO,tr,I just decided to follow Jesus,Türkiye,Berlin,Marmara Bölgesi,Ruhsal saldırılarla nasıl mücadele edebilirim? Kendimi güvende hissetmek için ne yapmalıyım?,Spiritual Warfare,,ruhsal saldırılarla mücadele edebilirim kendimi güvende hissetmek yapmalıyım
a6b41874-3e1f-4d41-a9a6-f24d7747e9c6,Ad_100,Soyad_52,GMO,tr,Christian - grow in my faith,Azerbaycan,Berlin,Île-de-France,Geçmişte birçok hata yaptım ve Tanrı’nın beni affedeceğinden emin değilim. Gerçekten affedilebilir miyim?,Crisis,,geçmişte birçok hata yaptım tanrı nın beni affedeceğinden emin değilim gerçekten affedilebilir miyim
cc1e69d5-4b8c-44c0-8299-ac63c791969d,Ad_10,Soyad_32,GMO,tr,I want to come back to Jesus,Almanya,Bakü,Berlin Eyaleti,İnancımı daha derinlemesine yaşamak ve eski alışkanlıklarımı bırakmak istiyorum. Nereden başlamalıyım?,General,,i nancımı derinlemesine yaşamak eski alışkanlıklarımı bırakmak istiyorum nereden başlamalıyım
337e7a5b-ed91-4f47-a686-d63ec53e4e59,Ad_60,Soyad_92,GMO,tr,Christian - grow in my faith,Azerbaycan,Bakü,Marmara Bölgesi,Tanrı’nın varlığından nasıl emin olabilirim?,General,,tanrı nın varlığından emin olabilirim
614812a1-10a1-42b4-8c04-2ff4e0a20d00,Ad_40,Soyad_37,GMO,tr,I just decided to follow Jesus,Azerbaycan,Berlin,Absheron,"İnancımı kaybediyormuş gibi hissediyorum, ne yapmalıyım?",General,,i nancımı kaybediyormuş hissediyorum yapmalıyım
5c3eb97a-692c-4eb2-ac9e-0915ae53e0ab,Ad_9,Soyad_56,GMO,tr,I do not want to follow Jesus,Türkiye,İstanbul,Marmara Bölgesi,Tanrı’nın sesini nasıl duyabilirim?,Spiritual Warfare,,tanrı nın sesini duyabilirim
e82008c7-cf49-4439-b819-3d6d59329066,Ad_5,Soyad_20,GMO,tr,Christian - grow in my faith,Fransa,Bakü,Marmara Bölgesi,"Eşim Hristiyan değerlerine uzak, evliliğimizi nasıl kurtarabiliriz?",Family and Marriage,,eşim hristiyan değerlerine uzak evliliğimizi kurtarabiliriz
77d06b68-8176-46a9-90cf-eb7de8939690,Ad_61,Soyad_6,GMO,tr,I do not want to follow Jesus,Türkiye,Berlin,Absheron,Geçmişte yaptığım hatalar beni rahatsız ediyor. Kendimi nasıl affedebilirim?,Crisis,,geçmişte yaptığım hatalar beni rahatsız ediyor kendimi affedebilirim
5f2a3cc9-afff-4fc3-a0cb-23806c1e46dc,Ad_28,Soyad_34,GMO,tr,I want to come back to Jesus,Fransa,Bakü,Absheron,Umut ve neşemi geri kazanmak için ne yapmalıyım?,Crisis,,umut neşemi geri kazanmak yapmalıyım
ab6a3d9d-f5ea-4cdf-b00a-8e4a2dbc0751,Ad_38,Soyad_31,GMO,tr,I am not sure about Jesus,Türkiye,Bakü,Marmara Bölgesi,"Her şey kötüye gidiyormuş gibi hissediyorum, Tanrı’ya nasıl güvenebilirim?",Crisis,,kötüye gidiyormuş hissediyorum tanrı güvenebilirim
51dbdea2-8c58-49e8-8921-0085a5d8d783,Ad_26,Soyad_4,GMO,tr,Christian - grow in my faith,Almanya,İstanbul,Absheron,Başkalarının yargılarından korkmamayı nasıl öğrenebilirim?,General,,başkalarının yargılarından korkmamayı öğrenebilirim
a8b4ec9c-ebfe-40d5-870a-522cdd60c469,Ad_99,Soyad_18,GMO,tr,I do not want to follow Jesus,Türkiye,Paris,Berlin Eyaleti,Alkol bağımlılığıyla mücadele eden bir arkadaşımı nasıl destekleyebilirim?,Alcoholism and Drug Addiction,,alkol bağımlılığıyla mücadele eden bir arkadaşımı destekleyebilirim
e02d11b9-c79d-4507-87a6-dcb89a783798,Ad_79,Soyad_40,GMO,tr,Christian - grow in my faith,Almanya,Paris,Île-de-France,Uyuşturucu bağımlılığından kurtulmak için dua etmek işe yarar mı?,Alcoholism and Drug Addiction,,uyuşturucu bağımlılığından kurtulmak dua etmek işe yarar
9db90220-71d5-49ff-b4a0-20a8bbc7dd0a,Ad_75,Soyad_89,GMO,tr,I want to come back to Jesus,Azerbaycan,İstanbul,Absheron,Bağımlılıktan çıkıp inancımı nasıl güçlendirebilirim?,Alcoholism and Drug Addiction,,bağımlılıktan çıkıp inancımı güçlendirebilirim
ef1f25c5-2c97-46d9-bd6c-078ead91d361,Ad_2,Soyad_36,GMO,tr,I am not sure about Jesus,Azerbaycan,Berlin,Marmara Bölgesi,Hayatımın amacını arıyorum. Tanrı’nın beni yönlendirdiğini nasıl anlayabilirim?,General,,hayatımın amacını arıyorum tanrı nın beni yönlendirdiğini anlayabilirim
347cfb71-02bb-4be1-af49-b8ec42f90655,Ad_86,Soyad_95,GMO,tr,I do not want to follow Jesus,Almanya,Bakü,Île-de-France,Tanrı’nın benim için bir planı olduğunu nasıl bilebilirim?,General,,tanrı nın benim bir planı olduğunu bilebilirim
6781116a-f8d0-440c-b040-1eb8ea1618a9,Ad_65,Soyad_91,GMO,tr,I am not sure about Jesus,Fransa,Bakü,Marmara Bölgesi,Belirsizlik zamanlarında iç huzurumu nasıl koruyabilirim?,Crisis,,belirsizlik zamanlarında iç huzurumu koruyabilirim
14f432c0-eab5-4299-9fac-f9ce89b14ee7,Ad_79,Soyad_53,GMO,tr,Christian - grow in my faith,Azerbaycan,Berlin,Berlin Eyaleti,"Dualarımın cevapsız kaldığını hissediyorum, ne yapmalıyım?",Spiritual Warfare,,dualarımın cevapsız kaldığını hissediyorum yapmalıyım
2681d8ce-b1cc-46d6-a09a-ba8f432b0267,Ad_67,Soyad_29,GMO,tr,I just decided to follow Jesus,Fransa,Paris,Île-de-France,Tanrı’nın sevgisini hissedip iç huzuru nasıl bulabilirim?,General,,tanrı nın sevgisini hissedip iç huzuru bulabilirim
5602caea-5be8-464d-88cf-316bfb6a0e74,Ad_35,Soyad_39,GMO,tr,I just decided to follow Jesus,Türkiye,Bakü,Marmara Bölgesi,Uzun yıllar sonra Tanrı ile barışmak için ne yapmalıyım?,Crisis,,uzun yıllar sonra tanrı barışmak yapmalıyım
3c9313b3-f14f-4aae-8a52-48e9a59729cc,Ad_92,Soyad_29,GMO,tr,I just decided to follow Jesus,Azerbaycan,Paris,Île-de-France,Her şey kötü gidiyorken Tanrı’ya nasıl güvenebilirim?,Crisis,,kötü gidiyorken tanrı güvenebilirim
f17c30fb-7e14-44d2-b28e-ab89944800e7,Ad_75,Soyad_13,GMO,tr,Christian - grow in my faith,Fransa,Berlin,Absheron,Büyük bir kayıptan sonra hayatıma devam etmek için nasıl güç bulabilirim?,Crisis,,büyük bir kayıptan sonra hayatıma devam etmek güç bulabilirim
4a1ee168-65f3-4bcd-9fd9-6576c919ba85,Ad_51,Soyad_50,GMO,tr,I want to come back to Jesus,Fransa,İstanbul,Marmara Bölgesi,Hristiyanlar arasında nasıl destek bulabilirim?,General,,hristiyanlar arasında destek bulabilirim
8a57db46-8c03-4882-b3c5-1a3e7df3c21f,Ad_63,Soyad_66,GMO,tr,I am not sure about Jesus,Fransa,Paris,Marmara Bölgesi,Günlük hayatta günaha karşı nasıl direnebilirim?,General,,günlük hayatta günaha karşı direnebilirim
2653fe66-0139-447e-b45e-eee7ea59f327,Ad_70,Soyad_7,GMO,tr,I want to come back to Jesus,Azerbaycan,İstanbul,Île-de-France,Gelecek korkusunu nasıl aşabilirim?,General,,gelecek korkusunu aşabilirim
19cc4510-2933-4a69-932c-beb48f0c8aff,Ad_7,Soyad_30,GMO,tr,I just decided to follow Jesus,Türkiye,Bakü,Marmara Bölgesi,Kilise ve Hristiyan topluluğuna nasıl daha yakın olabilirim?,General,,kilise hristiyan topluluğuna yakın olabilirim
b985f450-5d94-42f4-bcf3-f44141ffeb79,Ad_96,Soyad_83,GMO,tr,I want to come back to Jesus,Almanya,Berlin,Absheron,"Dua, ruhsal savaşta yardımcı olur mu?",Spiritual Warfare,,dua ruhsal savaşta yardımcı olur
82c806c0-c83e-440c-8ddc-742a765429e0,Ad_62,Soyad_97,GMO,tr,I do not want to follow Jesus,Almanya,Berlin,Absheron,Tanrı’nın beni duyduğunu nasıl bilebilirim?,Spiritual Warfare,,tanrı nın beni duyduğunu bilebilirim
95bb31d9-873a-4714-8a7b-2317bc3ed9bf,Ad_92,Soyad_23,GMO,tr,I do not want to follow Jesus,Azerbaycan,İstanbul,Île-de-France,İnancımı güçlendirmek istiyorum ama nereden başlamalıyım?,General,,i nancımı güçlendirmek istiyorum nereden başlamalıyım
b6a22029-9918-4ef7-bf26-7f30a9f508da,Ad_84,Soyad_21,GMO,tr,I do not want to follow Jesus,Türkiye,İstanbul,Marmara Bölgesi,İşimi kaybettim ve ne yapacağımı bilmiyorum. Tanrı’nın planına nasıl güvenebilirim?,Crisis,,i şimi kaybettim yapacağımı bilmiyorum tanrı nın planına güvenebilirim
6375a8e0-cd20-4dfd-a979-35204a5d799a,Ad_64,Soyad_27,GMO,tr,I am not sure about Jesus,Azerbaycan,Berlin,Berlin Eyaleti,Eşim Tanrı’ya inanmıyor ama ailemizin Hristiyan değerlerine bağlı kalmasını istiyorum. Ne yapmalıyım?,Family and Marriage,,eşim tanrı inanmıyor ailemizin hristiyan değerlerine bağlı kalmasını istiyorum yapmalıyım
9683a3f1-1f8b-4e4d-80a8-8b7d756e3dfe,Ad_16,Soyad_48,GMO,tr,I just decided to follow Jesus,Almanya,Berlin,Berlin Eyaleti,"Tanrı her şeye kadirse, dünyada neden acılar var? Bu durumu anlamakta zorlanıyorum.",Crisis,,tanrı şeye kadirse dünyada acılar var durumu anlamakta zorlanıyorum
3fb00ddf-82d8-45b9-a7ab-c19a01392580,Ad_80,Soyad_48,GMO,tr,I want to come back to Jesus,Türkiye,Bakü,Absheron,Olumsuz düşünceler ve depresyonla nasıl başa çıkabilirim? Kendimi yalnız hissediyorum ama Tanrı’yı bulmak istiyorum.,Crisis,,olumsuz düşünceler depresyonla başa çıkabilirim kendimi yalnız hissediyorum tanrı yı bulmak istiyorum
16ce74bb-f261-4a9d-aae7-7b00c282040e,Ad_79,Soyad_83,GMO,tr,Christian - grow in my faith,Azerbaycan,İstanbul,Berlin Eyaleti,Eskiden Hristiyandım ama şimdi şüphelerim var. Tanrı’nın hala benimle olduğunu nasıl anlayabilirim?,Crisis,,eskiden hristiyandım şimdi şüphelerim var tanrı nın hala benimle olduğunu anlayabilirim
a104457b-3610-4fe8-87ce-8013520d643b,Ad_86,Soyad_34,GMO,tr,I just decided to follow Jesus,Azerbaycan,Berlin,Berlin Eyaleti,"Eşim Tanrı’dan uzaklaşıyor, evliliğimizi nasıl güçlendirebiliriz?",Family and Marriage,,eşim tanrı dan uzaklaşıyor evliliğimizi güçlendirebiliriz
37ca8af4-3780-4a3e-8878-177a25ba5870,Ad_95,Soyad_99,GMO,tr,I want to come back to Jesus,Türkiye,Berlin,Marmara Bölgesi,Ruhsal saldırılarla nasıl mücadele edebilirim? Kendimi güvende hissetmek için ne yapmalıyım?,Spiritual Warfare,,ruhsal saldırılarla mücadele edebilirim kendimi güvende hissetmek yapmalıyım
16216358-a24e-461f-ba3b-927b54db8f81,Ad_19,Soyad_91,GMO,tr,I want to come back to Jesus,Azerbaycan,Bakü,Marmara Bölgesi,Geçmişte birçok hata yaptım ve Tanrı’nın beni affedeceğinden emin değilim. Gerçekten affedilebilir miyim?,Crisis,,geçmişte birçok hata yaptım tanrı nın beni affedeceğinden emin değilim gerçekten affedilebilir miyim
918a9ce8-2682-4f83-bd09-23a1b558eacf,Ad_58,Soyad_13,GMO,tr,I do not want to follow Jesus,Azerbaycan,Bakü,Absheron,İnancımı daha derinlemesine yaşamak ve eski alışkanlıklarımı bırakmak istiyorum. Nereden başlamalıyım?,General,,i nancımı derinlemesine yaşamak eski alışkanlıklarımı bırakmak istiyorum nereden başlamalıyım
7e9b6b96-da9a-48c3-ac21-3180365ccc04,Ad_52,Soyad_56,GMO,tr,I do not want to follow Jesus,Azerbaycan,Bakü,Absheron,Tanrı’nın varlığından nasıl emin olabilirim?,General,,tanrı nın varlığından emin olabilirim
04edf716-dda6-4134-943b-97b4a4849309,Ad_44,Soyad_75,GMO,tr,I just decided to follow Jesus,Fransa,Bakü,Marmara Bölgesi,"İnancımı kaybediyormuş gibi hissediyorum, ne yapmalıyım?",General,,i nancımı kaybediyormuş hissediyorum yapmalıyım
a2b452a2-93aa-48ae-87b6-5953907687fd,Ad_97,Soyad_74,GMO,tr,I just decided to follow Jesus,Fransa,Berlin,Absheron,Tanrı’nın sesini nasıl duyabilirim?,Spiritual Warfare,,tanrı nın sesini duyabilirim
db4640cd-3bc7-4c08-b475-bdbd5d7e844e,Ad_61,Soyad_74,GMO,tr,I just decided to follow Jesus,Türkiye,Bakü,Île-de-France,"Eşim Hristiyan değerlerine uzak, evliliğimizi nasıl kurtarabiliriz?",Family and Marriage,,eşim hristiyan değerlerine uzak evliliğimizi kurtarabiliriz
6b16b2ab-6119-44a5-a3b4-d119e7c2d3e8,Ad_73,Soyad_20,GMO,tr,I just decided to follow Jesus,Almanya,Berlin,Berlin Eyaleti,Geçmişte yaptığım hatalar beni rahatsız ediyor. Kendimi nasıl affedebilirim?,Crisis,,geçmişte yaptığım hatalar beni rahatsız ediyor kendimi affedebilirim
a34a5fbe-1d61-4f94-855c-9d84e3493bb7,Ad_88,Soyad_18,GMO,tr,I am not sure about Jesus,Azerbaycan,Paris,Île-de-France,Umut ve neşemi geri kazanmak için ne yapmalıyım?,Crisis,,umut neşemi geri kazanmak yapmalıyım
c7d346a4-0167-414f-97a5-2c8ce7751d44,Ad_72,Soyad_13,GMO,tr,I do not want to follow Jesus,Fransa,İstanbul,Marmara Bölgesi,"Her şey kötüye gidiyormuş gibi hissediyorum, Tanrı’ya nasıl güvenebilirim?",Crisis,,kötüye gidiyormuş hissediyorum tanrı güvenebilirim
8ec5901f-9206-4810-98ae-b4ac684688a8,Ad_33,Soyad_41,GMO,tr,I want to come back to Jesus,Almanya,Paris,Marmara Bölgesi,Başkalarının yargılarından korkmamayı nasıl öğrenebilirim?,General,,başkalarının yargılarından korkmamayı öğrenebilirim
93b8efaa-55c5-4e79-8bee-0d7fc7be059d,Ad_52,Soyad_53,GMO,tr,I just decided to follow Jesus,Türkiye,Paris,Île-de-France,Alkol bağımlılığıyla mücadele eden bir arkadaşımı nasıl destekleyebilirim?,Alcoholism and Drug Addiction,,alkol bağımlılığıyla mücadele eden bir arkadaşımı destekleyebilirim
38d38d29-ffdd-49f8-9e91-0c6e9c459362,Ad_37,Soyad_35,GMO,tr,I just decided to follow Jesus,Fransa,İstanbul,Marmara Bölgesi,Uyuşturucu bağımlılığından kurtulmak için dua etmek işe yarar mı?,Alcoholism and Drug Addiction,,uyuşturucu bağımlılığından kurtulmak dua etmek işe yarar
12027329-1bf4-48cc-b9d4-73e7ae3d5412,Ad_25,Soyad_3,GMO,tr,I do not want to follow Jesus,Türkiye,İstanbul,Absheron,Bağımlılıktan çıkıp inancımı nasıl güçlendirebilirim?,Alcoholism and Drug Addiction,,bağımlılıktan çıkıp inancımı güçlendirebilirim
e66cd194-ab7d-4d23-bbd3-8af6ce3179f6,Ad_2,Soyad_24,GMO,tr,I am not sure about Jesus,Türkiye,Paris,Marmara Bölgesi,Hayatımın amacını arıyorum. Tanrı’nın beni yönlendirdiğini nasıl anlayabilirim?,General,,hayatımın amacını arıyorum tanrı nın beni yönlendirdiğini anlayabilirim
0ecdf6fb-ba8d-46d5-b838-d9014ae04252,Ad_76,Soyad_17,GMO,tr,I am not sure about Jesus,Almanya,Paris,Île-de-France,Tanrı’nın benim için bir planı olduğunu nasıl bilebilirim?,General,,tanrı nın benim bir planı olduğunu bilebilirim
d73e2e26-ffd9-436f-8bc7-c2747a722802,Ad_82,Soyad_33,GMO,tr,I am not sure about Jesus,Azerbaycan,Paris,Île-de-France,Belirsizlik zamanlarında iç huzurumu nasıl koruyabilirim?,Crisis,,belirsizlik zamanlarında iç huzurumu koruyabilirim
692f4b44-216c-4731-9ee8-a5f136cb31cf,Ім'я_10,Прізвище_86,GMO,uk,I am not sure about Jesus,Німеччина,Берлін,Онтаріо,Як знайти підтримку серед християн?,General,,знайти підтримку серед християн
7f8dc54c-c76a-4e98-af7a-be48abfeb115,Ім'я_55,Прізвище_11,GMO,uk,I just decided to follow Jesus,Німеччина,Львів,Київська область,Як боротися з спокусами у повсякденному житті?,General,,боротися спокусами у повсякденному житті
0f2b34e5-f6ed-4e92-a118-75f5717e7865,Ім'я_31,Прізвище_7,GMO,uk,I just decided to follow Jesus,Україна,Львів,Берлінська земля,Як подолати страх перед майбутнім?,General,,подолати страх перед майбутнім
fcc4803f-6e94-4a6f-8cea-142740f46045,Ім'я_8,Прізвище_42,GMO,uk,Christian - grow in my faith,Україна,Київ,Берлінська земля,Як наблизитися до церкви та християнської спільноти?,General,,наблизитися до церкви християнської спільноти
6ebd06a7-23c9-4c59-81eb-54a8d9cc8ce8,Ім'я_56,Прізвище_92,GMO,uk,I just decided to follow Jesus,Україна,Київ,Київська область,Чи допомагає молитва в духовній боротьбі?,Spiritual Warfare,,допомагає молитва в духовній боротьбі
2aecab2b-1587-4d4c-871e-6b83a685c19e,Ім'я_15,Прізвище_57,GMO,uk,I do not want to follow Jesus,Німеччина,Берлін,Онтаріо,"Як зрозуміти, що Бог мене чує?",Spiritual Warfare,,зрозуміти бог мене чує
b6ac9e23-ad9f-44a6-b7f1-bb0695207907,Ім'я_93,Прізвище_76,GMO,uk,I am not sure about Jesus,Польща,Торонто,Київська область,"Я хочу зміцнити свою віру, але не знаю, з чого почати.",General,,я хочу зміцнити свою віру не знаю почати
e03f7b03-f6b1-4885-9aa0-630aa931c136,Ім'я_32,Прізвище_11,GMO,uk,I am not sure about Jesus,Україна,Берлін,Берлінська земля,"Я втратив роботу і не знаю, що робити. Як знайти спокій у вірі та довіритися Божому плану?",Crisis,,я втратив роботу і не знаю робити знайти спокій у вірі довіритися божому плану
a17aa85e-33d5-4002-b6f8-b2a0239dd1bf,Ім'я_75,Прізвище_74,GMO,uk,I just decided to follow Jesus,Німеччина,Берлін,Онтаріо,"Що робити, якщо мій чоловік/дружина не вірить у Бога, а я хочу, щоб наша сім'я жила за християнськими цінностями?",Family and Marriage,,робити якщо мій чоловік дружина не вірить у бога а я хочу щоб наша сім я жила за християнськими цінностями
f37f4da8-de04-4148-bc14-eb04348e2f46,Ім'я_93,Прізвище_80,GMO,uk,I just decided to follow Jesus,Канада,Берлін,Онтаріо,"Якщо Бог всемогутній, чому існують страждання у світі? Це важко зрозуміти, і я шукаю відповіді.",Crisis,,якщо бог всемогутній чому існують страждання у світі важко зрозуміти і я шукаю відповіді
db050c0d-f7b7-4aab-a93c-ff7c306243cc,Ім'я_14,Прізвище_68,GMO,uk,I want to come back to Jesus,Польща,Львів,Берлінська земля,"Як подолати негативні думки і депресію? Відчуваю себе самотнім, але хочу знайти Бога.",Crisis,,подолати негативні думки і депресію відчуваю себе самотнім хочу знайти бога
81159726-68a4-46d9-84b2-89163b6bba5f,Ім'я_16,Прізвище_47,GMO,uk,I just decided to follow Jesus,Канада,Берлін,Київська область,"Я був християнином, але тепер маю сумніви. Як мені знайти впевненість у вірі та зрозуміти, що Бог все ще зі мною?",Crisis,,я був християнином тепер маю сумніви мені знайти впевненість у вірі зрозуміти бог все ще зі мною
0bff9a30-acb0-420e-842f-19aeb52b6e00,Ім'я_45,Прізвище_68,GMO,uk,I want to come back to Jesus,Україна,Торонто,Онтаріо,"Як зміцнити шлюб, якщо мій партнер віддаляється від Бога?",Family and Marriage,,зміцнити шлюб якщо мій партнер віддаляється від бога
687d8eb6-6a6e-4394-a5e3-179124d4620f,Ім'я_79,Прізвище_83,GMO,uk,I do not want to follow Jesus,Україна,Берлін,Берлінська земля,Як боротися з духовними атаками і відчувати себе захищеним?,Spiritual Warfare,,боротися духовними атаками і відчувати себе захищеним
af00e2db-aa8c-410d-9406-b50fe109c557,Ім'я_41,Прізвище_84,GMO,uk,I want to come back to Jesus,Польща,Львів,Онтаріо,"Я багато грішив у минулому і не впевнений, що Бог може мене пробачити. Як зрозуміти, що Його милість є для мене?",Crisis,,я багато грішив у минулому і не впевнений бог може мене пробачити зрозуміти його милість є для мене
1294aa2e-8008-4bc5-8a8e-7aba709ecf91,Ім'я_28,Прізвище_76,GMO,uk,I just decided to follow Jesus,Польща,Берлін,Онтаріо,"Як змінити своє життя через віру? Я хочу йти Божим шляхом, але не знаю, з чого почати.",General,,змінити своє життя через віру я хочу йти божим шляхом не знаю почати
f7dd816a-39d6-4d63-924c-4cd3d9e4b042,Ім'я_30,Прізвище_56,GMO,uk,I am not sure about Jesus,Німеччина,Торонто,Берлінська земля,"Як мені зрозуміти, що Бог існує?",General,,мені зрозуміти бог існує
b9120d9d-cfe7-4c6f-9036-31cff8aab7d6,Ім'я_37,Прізвище_53,GMO,uk,I do not want to follow Jesus,Німеччина,Берлін,Київська область,"Що робити, якщо я відчуваю, що втрачаю віру?",General,,робити якщо я відчуваю втрачаю віру
247d02e5-7d87-4fd5-b214-a77d69880a6d,Ім'я_49,Прізвище_44,GMO,uk,Christian - grow in my faith,Німеччина,Львів,Львівська область,"Як молитися, коли я не відчуваю Божої присутності?",Spiritual Warfare,,молитися я не відчуваю божої присутності
ce4b1296-c2c7-41ea-9eba-b3c9178b0aab,Ім'я_50,Прізвище_99,GMO,uk,Christian - grow in my faith,Україна,Торонто,Львівська область,"Як врятувати шлюб, якщо моя друга половинка віддаляється від віри?",Family and Marriage,,врятувати шлюб якщо моя друга половинка віддаляється від віри
4e142ddf-dc99-4133-91ba-690a6c17f771,Ім'я_90,Прізвище_24,GMO,uk,I just decided to follow Jesus,Польща,Торонто,Львівська область,Як пробачити себе за помилки минулого і рухатися далі?,Crisis,,пробачити себе за помилки минулого і рухатися далі
cf6b4df0-d26f-47a0-a370-ba6a2937efb8,Ім'я_16,Прізвище_77,GMO,uk,Christian - grow in my faith,Німеччина,Торонто,Берлінська земля,Як повернути радість і надію після важких часів?,Crisis,,повернути радість і надію після важких часів
fcc497b4-e245-49df-afb4-28bbb000acc4,Ім'я_19,Прізвище_11,GMO,uk,Christian - grow in my faith,Україна,Львів,Берлінська земля,"Як навчитися довіряти Богу, коли здається, що все йде не так?",Crisis,,навчитися довіряти богу здається все йде не так
857b56cc-0bc7-4637-adc1-b63836d530eb,Ім'я_81,Прізвище_72,GMO,uk,I do not want to follow Jesus,Канада,Київ,Онтаріо,Як не боятися осуду за свою віру?,General,,не боятися осуду за свою віру
84c6f398-98f7-4826-9678-bf001cf10c07,Ім'я_20,Прізвище_19,GMO,uk,I just decided to follow Jesus,Україна,Берлін,Львівська область,"Як допомогти другу, який страждає від алкогольної залежності?",Alcoholism and Drug Addiction,,допомогти другу який страждає від алкогольної залежності
7e14bbbc-c3e8-45a6-80f9-3cfb1e4be84a,Ім'я_81,Прізвище_20,GMO,uk,Christian - grow in my faith,Німеччина,Берлін,Київська область,Чи може молитва допомогти подолати наркозалежність?,Alcoholism and Drug Addiction,,може молитва допомогти подолати наркозалежність
5b2cb14f-002c-4a1f-9e85-230c6047a9a7,Ім'я_24,Прізвище_53,GMO,uk,I am not sure about Jesus,Польща,Берлін,Берлінська земля,Як вийти з порочного кола залежності та відновити віру?,Alcoholism and Drug Addiction,,вийти порочного кола залежності відновити віру
55f45f4a-b70f-4a29-811b-d7d6d74ddfda,Ім'я_43,Прізвище_29,GMO,uk,I want to come back to Jesus,Німеччина,Львів,Онтаріо,"Я шукаю сенс свого життя. Як зрозуміти, що Бог веде мене?",General,,я шукаю сенс свого життя зрозуміти бог веде мене
b353706b-ee13-4ce7-8029-af53c613a2d3,Ім'я_13,Прізвище_57,GMO,uk,I just decided to follow Jesus,Польща,Київ,Берлінська земля,"Як дізнатися, чи є у Бога план для мене?",General,,дізнатися є у бога план для мене
5a8809f7-87c5-420a-8a24-da236b3f24ae,Ім'я_57,Прізвище_70,GMO,uk,I am not sure about Jesus,Канада,Київ,Львівська область,Як знайти спокій у часи невизначеності?,Crisis,,знайти спокій у часи невизначеності
92da32b2-20b3-4af0-8b4f-eab4c2f2d921,Ім'я_53,Прізвище_24,GMO,uk,I am not sure about Jesus,Канада,Берлін,Онтаріо,"Що робити, якщо здається, що Бог не відповідає на мої молитви?",Spiritual Warfare,,робити якщо здається бог не відповідає на мої молитви
44ac5b0e-5f49-4272-abbe-c80976bcbff1,Ім'я_36,Прізвище_99,GMO,uk,I just decided to follow Jesus,Україна,Берлін,Онтаріо,Як відчути Божу любов і знайти мир у своєму серці?,General,,відчути божу любов і знайти мир у своєму серці
c1810574-aac6-4e60-80e9-68d73fd4f31a,Ім'я_41,Прізвище_89,GMO,uk,I just decided to follow Jesus,Польща,Київ,Київська область,Як помиритися з Богом після довгих років віддалення від віри?,Crisis,,помиритися богом після довгих років віддалення від віри
c96b0a0f-a4b6-41e1-9462-5189a7ed8deb,Ім'я_43,Прізвище_16,GMO,uk,Christian - grow in my faith,Канада,Берлін,Берлінська земля,"Як довіряти Богу, коли здається, що все руйнується?",Crisis,,довіряти богу здається все руйнується
df59572c-6019-4a8b-82fb-99b0021d39a2,Ім'я_42,Прізвище_5,GMO,uk,Christian - grow in my faith,Україна,Львів,Львівська область,Як знайти сили жити далі після великої втрати?,Crisis,,знайти сили жити далі після великої втрати
d6f5f3a7-9732-4a8c-9710-841768dd743f,Ім'я_62,Прізвище_31,GMO,uk,Christian - grow in my faith,Польща,Київ,Берлінська земля,Як знайти підтримку серед християн?,General,,знайти підтримку серед християн
5274acca-d5ff-4a10-99be-61bee20a6e9a,Ім'я_36,Прізвище_53,GMO,uk,Christian - grow in my faith,Україна,Торонто,Львівська область,Як боротися з спокусами у повсякденному житті?,General,,боротися спокусами у повсякденному житті
3879db74-c68d-489f-accc-59a85f11997a,Ім'я_44,Прізвище_25,GMO,uk,I want to come back to Jesus,Канада,Торонто,Львівська область,Як подолати страх перед майбутнім?,General,,подолати страх перед майбутнім
2c520780-cf01-4734-a8ce-489cc680f799,Ім'я_11,Прізвище_57,GMO,uk,I just decided to follow Jesus,Польща,Львів,Онтаріо,Як наблизитися до церкви та християнської спільноти?,General,,наблизитися до церкви християнської спільноти
f0219d3d-5f84-4ecf-9083-c6f637f504be,Ім'я_39,Прізвище_52,GMO,uk,I want to come back to Jesus,Німеччина,Торонто,Львівська область,Чи допомагає молитва в духовній боротьбі?,Spiritual Warfare,,допомагає молитва в духовній боротьбі
28acf5b3-a53f-4ee7-b3b8-0ed3ca3c9c73,Ім'я_16,Прізвище_80,GMO,uk,I want to come back to Jesus,Польща,Берлін,Київська область,"Як зрозуміти, що Бог мене чує?",Spiritual Warfare,,зрозуміти бог мене чує
e05f9cf1-bfe1-472c-8a33-d50ddd022b13,Ім'я_100,Прізвище_16,GMO,uk,I do not want to follow Jesus,Україна,Київ,Львівська область,"Я хочу зміцнити свою віру, але не знаю, з чого почати.",General,,я хочу зміцнити свою віру не знаю почати
24edd108-11fd-4ac4-9862-4237db148e0d,Ім'я_59,Прізвище_80,GMO,uk,I want to come back to Jesus,Канада,Берлін,Львівська область,"Я втратив роботу і не знаю, що робити. Як знайти спокій у вірі та довіритися Божому плану?",Crisis,,я втратив роботу і не знаю робити знайти спокій у вірі довіритися божому плану
8530e1bb-adb6-4338-988f-fad05d113a97,Ім'я_65,Прізвище_78,GMO,uk,Christian - grow in my faith,Канада,Торонто,Київська область,"Що робити, якщо мій чоловік/дружина не вірить у Бога, а я хочу, щоб наша сім'я жила за християнськими цінностями?",Family and Marriage,,робити якщо мій чоловік дружина не вірить у бога а я хочу щоб наша сім я жила за християнськими цінностями
2cfd655a-f2a3-4fd4-a4b0-758bf6505f07,Ім'я_75,Прізвище_79,GMO,uk,I want to come back to Jesus,Німеччина,Львів,Онтаріо,"Якщо Бог всемогутній, чому існують страждання у світі? Це важко зрозуміти, і я шукаю відповіді.",Crisis,,якщо бог всемогутній чому існують страждання у світі важко зрозуміти і я шукаю відповіді
c138e74a-9da2-4a32-9ac9-51c5ddd14bc1,Ім'я_63,Прізвище_54,GMO,uk,I am not sure about Jesus,Польща,Берлін,Львівська область,"Як подолати негативні думки і депресію? Відчуваю себе самотнім, але хочу знайти Бога.",Crisis,,подолати негативні думки і депресію відчуваю себе самотнім хочу знайти бога
4f38e922-9be0-4e0a-9224-5abdeeeac87b,Ім'я_73,Прізвище_9,GMO,uk,Christian - grow in my faith,Україна,Берлін,Берлінська земля,"Я був християнином, але тепер маю сумніви. Як мені знайти впевненість у вірі та зрозуміти, що Бог все ще зі мною?",Crisis,,я був християнином тепер маю сумніви мені знайти впевненість у вірі зрозуміти бог все ще зі мною
07bf44a6-84ac-461d-9951-f4d932b2d660,Ім'я_31,Прізвище_10,GMO,uk,I do not want to follow Jesus,Польща,Берлін,Онтаріо,"Як зміцнити шлюб, якщо мій партнер віддаляється від Бога?",Family and Marriage,,зміцнити шлюб якщо мій партнер віддаляється від бога
2a211803-4dd3-4e48-8ec8-8056dfd619f3,Ім'я_25,Прізвище_95,GMO,uk,I am not sure about Jesus,Польща,Київ,Київська область,Як боротися з духовними атаками і відчувати себе захищеним?,Spiritual Warfare,,боротися духовними атаками і відчувати себе захищеним
eff29d8f-886f-4ad5-83b2-e7fa5abbfa5c,Ім'я_9,Прізвище_65,GMO,uk,I just decided to follow Jesus,Канада,Львів,Онтаріо,"Я багато грішив у минулому і не впевнений, що Бог може мене пробачити. Як зрозуміти, що Його милість є для мене?",Crisis,,я багато грішив у минулому і не впевнений бог може мене пробачити зрозуміти його милість є для мене
207044a4-f3dc-4c8f-b282-0cec1be9325e,Ім'я_58,Прізвище_29,GMO,uk,I do not want to follow Jesus,Німеччина,Київ,Львівська область,"Як змінити своє життя через віру? Я хочу йти Божим шляхом, але не знаю, з чого почати.",General,,змінити своє життя через віру я хочу йти божим шляхом не знаю почати
721bcefa-e23c-4628-b956-754893ea27fc,Ім'я_41,Прізвище_88,GMO,uk,I want to come back to Jesus,Канада,Берлін,Львівська область,"Як мені зрозуміти, що Бог існує?",General,,мені зрозуміти бог існує
31ceecf8-2923-4a1f-90a1-2d59b823b6bf,Ім'я_55,Прізвище_99,GMO,uk,I just decided to follow Jesus,Україна,Львів,Київська область,"Що робити, якщо я відчуваю, що втрачаю віру?",General,,робити якщо я відчуваю втрачаю віру
6a8cdc17-2695-486d-9ba6-094846ca7b51,Ім'я_30,Прізвище_27,GMO,uk,I want to come back to Jesus,Німеччина,Берлін,Онтаріо,"Як молитися, коли я не відчуваю Божої присутності?",Spiritual Warfare,,молитися я не відчуваю божої присутності
c0f57151-c0b9-49c0-8ee9-7f3969634677,Ім'я_42,Прізвище_3,GMO,uk,I am not sure about Jesus,Польща,Київ,Онтаріо,"Як врятувати шлюб, якщо моя друга половинка віддаляється від віри?",Family and Marriage,,врятувати шлюб якщо моя друга половинка віддаляється від віри
9786630a-ddfa-4b9b-9bca-4797df58fac6,Ім'я_86,Прізвище_92,GMO,uk,I am not sure about Jesus,Польща,Київ,Львівська область,Як пробачити себе за помилки минулого і рухатися далі?,Crisis,,пробачити себе за помилки минулого і рухатися далі
fb2ab543-e1a1-4c8d-bf75-ab014dce1986,Ім'я_83,Прізвище_55,GMO,uk,I just decided to follow Jesus,Україна,Торонто,Онтаріо,Як повернути радість і надію після важких часів?,Crisis,,повернути радість і надію після важких часів
5d805713-f500-4b56-8480-5eb62e819a5b,Ім'я_12,Прізвище_1,GMO,uk,I want to come back to Jesus,Канада,Київ,Львівська область,"Як навчитися довіряти Богу, коли здається, що все йде не так?",Crisis,,навчитися довіряти богу здається все йде не так
df359537-0887-4f88-be94-6e2dc63916ad,Ім'я_60,Прізвище_42,GMO,uk,I want to come back to Jesus,Канада,Львів,Львівська область,Як не боятися осуду за свою віру?,General,,не боятися осуду за свою віру
fa9f232c-a3cd-45f7-85bd-a48552d4a483,Ім'я_68,Прізвище_38,GMO,uk,Christian - grow in my faith,Польща,Київ,Онтаріо,"Як допомогти другу, який страждає від алкогольної залежності?",Alcoholism and Drug Addiction,,допомогти другу який страждає від алкогольної залежності
b571230e-0cc4-420e-b14b-c521024dc66c,Ім'я_55,Прізвище_73,GMO,uk,I am not sure about Jesus,Канада,Київ,Львівська область,Чи може молитва допомогти подолати наркозалежність?,Alcoholism and Drug Addiction,,може молитва допомогти подолати наркозалежність
d911177b-13a3-410e-ad30-17fc289a9d0b,Ім'я_25,Прізвище_24,GMO,uk,I want to come back to Jesus,Україна,Київ,Берлінська земля,Як вийти з порочного кола залежності та відновити віру?,Alcoholism and Drug Addiction,,вийти порочного кола залежності відновити віру
a71ff533-802e-40fc-927a-6585b7197b59,Ім'я_97,Прізвище_24,GMO,uk,I am not sure about Jesus,Канада,Берлін,Берлінська земля,"Я шукаю сенс свого життя. Як зрозуміти, що Бог веде мене?",General,,я шукаю сенс свого життя зрозуміти бог веде мене
651e3cd1-6659-48b2-9eb8-fc137ed50169,Ім'я_51,Прізвище_60,GMO,uk,I just decided to follow Jesus,Німеччина,Торонто,Берлінська земля,"Як дізнатися, чи є у Бога план для мене?",General,,дізнатися є у бога план для мене
beb2fe9e-c78b-4d8c-956c-e0c8d30d26a2,Ім'я_37,Прізвище_69,GMO,uk,Christian - grow in my faith,Польща,Львів,Берлінська земля,Як знайти спокій у часи невизначеності?,Crisis,,знайти спокій у часи невизначеності
8bafe8cc-a83d-4eed-8439-24d2efb6e82b,Ім'я_42,Прізвище_77,GMO,uk,I do not want to follow Jesus,Канада,Торонто,Берлінська земля,"Що робити, якщо здається, що Бог не відповідає на мої молитви?",Spiritual Warfare,,робити якщо здається бог не відповідає на мої молитви
96ebf4bb-87b6-422b-912a-8f73dcd20be4,Ім'я_46,Прізвище_19,GMO,uk,I am not sure about Jesus,Польща,Торонто,Київська область,Як відчути Божу любов і знайти мир у своєму серці?,General,,відчути божу любов і знайти мир у своєму серці
5f05ec82-48a9-42d6-9f13-a099c8b92851,Ім'я_21,Прізвище_12,GMO,uk,I just decided to follow Jesus,Польща,Львів,Київська область,Як помиритися з Богом після довгих років віддалення від віри?,Crisis,,помиритися богом після довгих років віддалення від віри
750680c0-4336-4a4f-9b65-f29d310b67a9,Ім'я_10,Прізвище_76,GMO,uk,I just decided to follow Jesus,Україна,Берлін,Берлінська земля,"Як довіряти Богу, коли здається, що все руйнується?",Crisis,,довіряти богу здається все руйнується
9e9f2458-10e2-461f-9b6e-b3a2c28102eb,Ім'я_56,Прізвище_53,GMO,uk,Christian - grow in my faith,Польща,Торонто,Берлінська земля,Як знайти сили жити далі після великої втрати?,Crisis,,знайти сили жити далі після великої втрати
470eb869-d0d3-4ca1-9fd6-61cbc84caaac,Ім'я_62,Прізвище_8,GMO,uk,I do not want to follow Jesus,Німеччина,Берлін,Львівська область,Як знайти підтримку серед християн?,General,,знайти підтримку серед християн
a3d420ca-3178-4add-b517-16efd98f64ab,Ім'я_36,Прізвище_49,GMO,uk,I am not sure about Jesus,Німеччина,Берлін,Львівська область,Як боротися з спокусами у повсякденному житті?,General,,боротися спокусами у повсякденному житті
93af6473-3d61-471f-9e14-781bdb64e582,Ім'я_68,Прізвище_19,GMO,uk,I just decided to follow Jesus,Україна,Київ,Київська область,Як подолати страх перед майбутнім?,General,,подолати страх перед майбутнім
84efa636-1ff7-40c7-b311-711958a7f09e,Ім'я_30,Прізвище_65,GMO,uk,Christian - grow in my faith,Канада,Київ,Київська область,Як наблизитися до церкви та християнської спільноти?,General,,наблизитися до церкви християнської спільноти
ba872858-f6de-4874-a21f-ad550f35c624,Ім'я_71,Прізвище_1,GMO,uk,I want to come back to Jesus,Польща,Київ,Львівська область,Чи допомагає молитва в духовній боротьбі?,Spiritual Warfare,,допомагає молитва в духовній боротьбі
ebfb620b-4191-46e5-bf15-87bf5e2ef8e3,Ім'я_71,Прізвище_97,GMO,uk,Christian - grow in my faith,Канада,Львів,Онтаріо,"Як зрозуміти, що Бог мене чує?",Spiritual Warfare,,зрозуміти бог мене чує
4de20b02-ae47-483b-85c7-63730f73c49d,Ім'я_42,Прізвище_13,GMO,uk,I want to come back to Jesus,Німеччина,Київ,Берлінська земля,"Я хочу зміцнити свою віру, але не знаю, з чого почати.",General,,я хочу зміцнити свою віру не знаю почати
51685a16-5801-4451-9c16-3e6c2c1350ba,Ім'я_75,Прізвище_20,GMO,uk,I want to come back to Jesus,Польща,Торонто,Берлінська земля,"Я втратив роботу і не знаю, що робити. Як знайти спокій у вірі та довіритися Божому плану?",Crisis,,я втратив роботу і не знаю робити знайти спокій у вірі довіритися божому плану
72eeac03-295a-4a29-beef-f2a55b44a080,Ім'я_66,Прізвище_82,GMO,uk,I want to come back to Jesus,Польща,Львів,Берлінська земля,"Що робити, якщо мій чоловік/дружина не вірить у Бога, а я хочу, щоб наша сім'я жила за християнськими цінностями?",Family and Marriage,,робити якщо мій чоловік дружина не вірить у бога а я хочу щоб наша сім я жила за християнськими цінностями
36747da0-48c7-4873-bf90-e217f0fb296d,Ім'я_13,Прізвище_16,GMO,uk,I just decided to follow Jesus,Німеччина,Берлін,Львівська область,"Якщо Бог всемогутній, чому існують страждання у світі? Це важко зрозуміти, і я шукаю відповіді.",Crisis,,якщо бог всемогутній чому існують страждання у світі важко зрозуміти і я шукаю відповіді
6b07e0c4-ecc1-4acd-9d00-d35631cedf63,Ім'я_15,Прізвище_40,GMO,uk,Christian - grow in my faith,Канада,Берлін,Львівська область,"Як подолати негативні думки і депресію? Відчуваю себе самотнім, але хочу знайти Бога.",Crisis,,подолати негативні думки і депресію відчуваю себе самотнім хочу знайти бога
422f597d-5f5a-442a-884f-9ea2d4acd234,Ім'я_39,Прізвище_30,GMO,uk,Christian - grow in my faith,Україна,Київ,Онтаріо,"Я був християнином, але тепер маю сумніви. Як мені знайти впевненість у вірі та зрозуміти, що Бог все ще зі мною?",Crisis,,я був християнином тепер маю сумніви мені знайти впевненість у вірі зрозуміти бог все ще зі мною
6398f338-cc83-4c02-9a20-a89a59d17dd3,Ім'я_83,Прізвище_26,GMO,uk,I just decided to follow Jesus,Німеччина,Київ,Львівська область,"Як зміцнити шлюб, якщо мій партнер віддаляється від Бога?",Family and Marriage,,зміцнити шлюб якщо мій партнер віддаляється від бога
2910ad88-8e40-42c1-8950-f86ec6491f15,Ім'я_99,Прізвище_44,GMO,uk,Christian - grow in my faith,Україна,Київ,Берлінська земля,Як боротися з духовними атаками і відчувати себе захищеним?,Spiritual Warfare,,боротися духовними атаками і відчувати себе захищеним
70bf9356-ad71-47f6-ba7f-c3bc4779a451,Ім'я_76,Прізвище_7,GMO,uk,I want to come back to Jesus,Україна,Торонто,Львівська область,"Я багато грішив у минулому і не впевнений, що Бог може мене пробачити. Як зрозуміти, що Його милість є для мене?",Crisis,,я багато грішив у минулому і не впевнений бог може мене пробачити зрозуміти його милість є для мене
cdb94c4c-5c57-4ee4-b7ac-df55e305bc23,Ім'я_4,Прізвище_47,GMO,uk,I just decided to follow Jesus,Німеччина,Львів,Берлінська земля,"Як змінити своє життя через віру? Я хочу йти Божим шляхом, але не знаю, з чого почати.",General,,змінити своє життя через віру я хочу йти божим шляхом не знаю почати
6e4cef20-4b01-422a-a480-e5a154279c2b,Ім'я_41,Прізвище_25,GMO,uk,I am not sure about Jesus,Німеччина,Торонто,Онтаріо,"Як мені зрозуміти, що Бог існує?",General,,мені зрозуміти бог існує
9fe98bb8-aa43-47fc-a1fe-2510c8d25908,Ім'я_67,Прізвище_12,GMO,uk,I am not sure about Jesus,Польща,Берлін,Берлінська земля,"Що робити, якщо я відчуваю, що втрачаю віру?",General,,робити якщо я відчуваю втрачаю віру
fc6f0084-0f25-4005-8c90-ea9bea10be47,Ім'я_76,Прізвище_95,GMO,uk,I am not sure about Jesus,Канада,Берлін,Львівська область,"Як молитися, коли я не відчуваю Божої присутності?",Spiritual Warfare,,молитися я не відчуваю божої присутності
b69ca117-5728-4fab-9a33-521d648d0fce,Ім'я_31,Прізвище_68,GMO,uk,I just decided to follow Jesus,Німеччина,Торонто,Берлінська земля,"Як врятувати шлюб, якщо моя друга половинка віддаляється від віри?",Family and Marriage,,врятувати шлюб якщо моя друга половинка віддаляється від віри
08b58ca7-6049-4c7e-b997-b59b76a49a59,Ім'я_52,Прізвище_85,GMO,uk,I am not sure about Jesus,Польща,Берлін,Львівська область,Як пробачити себе за помилки минулого і рухатися далі?,Crisis,,пробачити себе за помилки минулого і рухатися далі
7ab06e0b-9c34-4f92-b916-969999b58ce3,Ім'я_28,Прізвище_66,GMO,uk,Christian - grow in my faith,Україна,Торонто,Онтаріо,Як повернути радість і надію після важких часів?,Crisis,,повернути радість і надію після важких часів
2468faa1-d9b4-4084-adcc-03185d40b3cf,Ім'я_73,Прізвище_49,GMO,uk,Christian - grow in my faith,Польща,Торонто,Київська область,"Як навчитися довіряти Богу, коли здається, що все йде не так?",Crisis,,навчитися довіряти богу здається все йде не так
28f9c85b-53aa-4ac3-9fe2-6069692fd141,Ім'я_1,Прізвище_95,GMO,uk,Christian - grow in my faith,Канада,Торонто,Львівська область,Як не боятися осуду за свою віру?,General,,не боятися осуду за свою віру
8b025f9e-2289-42d6-96a0-b020b0a1c1fa,Ім'я_63,Прізвище_79,GMO,uk,I do not want to follow Jesus,Польща,Торонто,Берлінська земля,"Як допомогти другу, який страждає від алкогольної залежності?",Alcoholism and Drug Addiction,,допомогти другу який страждає від алкогольної залежності
29776f53-44f4-474f-9a02-fe02a978ef84,Ім'я_89,Прізвище_35,GMO,uk,I am not sure about Jesus,Польща,Торонто,Берлінська земля,Чи може молитва допомогти подолати наркозалежність?,Alcoholism and Drug Addiction,,може молитва допомогти подолати наркозалежність
6d0616e8-cfe0-423a-aa7b-8dc3ff93cb68,Ім'я_58,Прізвище_26,GMO,uk,Christian - grow in my faith,Канада,Торонто,Львівська область,Як вийти з порочного кола залежності та відновити віру?,Alcoholism and Drug Addiction,,вийти порочного кола залежності відновити віру
6f3c33ed-fa6b-4314-a38d-69b02ed98010,Ім'я_68,Прізвище_89,GMO,uk,I just decided to follow Jesus,Німеччина,Берлін,Берлінська земля,"Я шукаю сенс свого життя. Як зрозуміти, що Бог веде мене?",General,,я шукаю сенс свого життя зрозуміти бог веде мене
2a1eb2cf-e1ae-45c8-a7f7-fe878b14f017,Ім'я_1,Прізвище_47,GMO,uk,I do not want to follow Jesus,Україна,Торонто,Київська область,"Як дізнатися, чи є у Бога план для мене?",General,,дізнатися є у бога план для мене
34d00450-432f-428b-baa0-7b9479827b62,Ім'я_26,Прізвище_84,GMO,uk,I do not want to follow Jesus,Україна,Львів,Онтаріо,Як знайти спокій у часи невизначеності?,Crisis,,знайти спокій у часи невизначеності
22fec374-4206-4db9-b8cb-ab82db9c0f98,نام_60,کنیت_98,GMO,ur,I want to come back to Jesus,بھارت,لاہور,پنجاب,میں عیسائیوں کے درمیان مدد کیسے حاصل کر سکتا ہوں؟,General,,عیسائیوں درمیان مدد حاصل سکتا
e816ded5-de1f-4c48-b954-59cf58611a5c,نام_20,کنیت_54,GMO,ur,I want to come back to Jesus,بھارت,دبئی,دبئی کا علاقہ,روزمرہ کی زندگی میں گناہوں سے بچنے کا طریقہ کیا ہے؟,General,,روزمرہ زندگی گناہوں بچنے کا طریقہ
d8188e73-b4a9-4f0b-84af-53adc66cdef7,نام_49,کنیت_55,GMO,ur,I just decided to follow Jesus,برطانیہ,کراچی,دبئی کا علاقہ,مستقبل کے خوف پر قابو کیسے پایا جائے؟,General,,مستقبل خوف قابو پایا جائے
71ed2de7-95cf-4470-83bf-e7ca7d79b6e2,نام_91,کنیت_57,GMO,ur,Christian - grow in my faith,بھارت,دبئی,پنجاب,چرچ اور مسیحی کمیونٹی کے قریب کیسے ہوں؟,General,,چرچ مسیحی کمیونٹی قریب
caef393d-ab87-4313-a3b8-c4db3efc7d42,نام_66,کنیت_81,GMO,ur,I just decided to follow Jesus,برطانیہ,دبئی,سندھ,کیا دعا روحانی جنگ میں مدد کرتی ہے؟,Spiritual Warfare,,دعا روحانی جنگ مدد کرتی
86317fd3-9d38-4d93-a4ec-209026327cc7,نام_67,کنیت_69,GMO,ur,I am not sure about Jesus,بھارت,لندن,پنجاب,میں کیسے جان سکتا ہوں کہ خدا میری سنتا ہے؟,Spiritual Warfare,,جان سکتا خدا سنتا
b14ba52c-7fc6-4ae7-a8b2-35785065e4be,نام_85,کنیت_44,GMO,ur,I just decided to follow Jesus,متحدہ عرب امارات,دبئی,دبئی کا علاقہ,میں اپنا ایمان مضبوط کرنا چاہتا ہوں، لیکن میں نہیں جانتا کہ کہاں سے شروع کروں۔,General,,اپنا ایمان مضبوط کرنا چاہتا لیکن جانتا کہاں شروع کروں
fc9774e0-cfe8-40ab-bf1d-03b740053f1e,نام_81,کنیت_41,GMO,ur,I do not want to follow Jesus,بھارت,دبئی,انگلینڈ,میں نے اپنی نوکری کھو دی ہے اور نہیں جانتا کہ کیا کرنا ہے۔ خدا کے منصوبے پر کیسے یقین رکھوں؟,Crisis,,اپنی نوکری کھو دی جانتا کرنا خدا منصوبے یقین رکھوں
424dd684-0f21-4403-a8b6-bed7eb0b4ebd,نام_27,کنیت_44,GMO,ur,I am not sure about Jesus,متحدہ عرب امارات,دبئی,پنجاب,اگر میرا شریک حیات خدا پر ایمان نہیں رکھتا اور میں چاہتا ہوں کہ میرا خاندان مسیحی اقدار کی پیروی کرے تو میں کیا کروں؟,Family and Marriage,,اگر شریک حیات خدا ایمان رکھتا چاہتا خاندان مسیحی اقدار پیروی کرے کروں
a96f520c-0bbb-4107-b833-3700ce61ec14,نام_7,کنیت_18,GMO,ur,I just decided to follow Jesus,پاکستان,دبئی,دبئی کا علاقہ,اگر خدا سب کچھ کر سکتا ہے، تو دنیا میں اتنی تکلیف کیوں ہے؟ میں اس کو سمجھنے کی کوشش کر رہا ہوں۔,Crisis,,اگر خدا سکتا دنیا اتنی تکلیف سمجھنے کوشش
664000f7-456d-4655-9cb8-6e7f20977354,نام_82,کنیت_68,GMO,ur,Christian - grow in my faith,بھارت,لاہور,دبئی کا علاقہ,منفی خیالات اور ڈپریشن سے کیسے نمٹا جائے؟ میں خود کو تنہا محسوس کرتا ہوں لیکن خدا کو تلاش کرنا چاہتا ہوں۔,Crisis,,منفی خیالات ڈپریشن نمٹا جائے خود تنہا محسوس کرتا لیکن خدا تلاش کرنا چاہتا
29bbd561-9583-43ba-bcaa-b0f600a6d7fd,نام_65,کنیت_9,GMO,ur,I am not sure about Jesus,متحدہ عرب امارات,لندن,انگلینڈ,میں ایک عیسائی تھا، لیکن اب مجھے شک ہے۔ مجھے کیسے معلوم ہو کہ خدا اب بھی میرے ساتھ ہے؟,Crisis,,ایک عیسائی لیکن اب مجھے شک مجھے معلوم خدا اب ساتھ
a37f370e-b4a9-438c-ae04-5db622579895,نام_51,کنیت_44,GMO,ur,I am not sure about Jesus,پاکستان,کراچی,انگلینڈ,اگر میرا شریک حیات خدا سے دور ہو رہا ہے تو میں اپنی شادی کو کیسے مضبوط کر سکتا ہوں؟,Family and Marriage,,اگر شریک حیات خدا دور اپنی شادی مضبوط سکتا
bb22491c-c612-42c2-b2a6-b3409f404d93,نام_29,کنیت_74,GMO,ur,I just decided to follow Jesus,برطانیہ,دبئی,سندھ,روحانی حملوں سے کیسے نمٹا جائے اور خود کو محفوظ محسوس کیا جائے؟,Spiritual Warfare,,روحانی حملوں نمٹا جائے خود محفوظ محسوس جائے
62a1abbc-9e39-4405-8475-7232a88f33a4,نام_70,کنیت_38,GMO,ur,I just decided to follow Jesus,متحدہ عرب امارات,کراچی,سندھ,میں نے ماضی میں بہت سے گناہ کیے ہیں اور نہیں جانتا کہ خدا مجھے معاف کرے گا یا نہیں۔,Crisis,,ماضی بہت گناہ کیے جانتا خدا مجھے معاف کرے گا یا
07a55685-be2e-4212-b3c7-b4b6c4b54510,نام_72,کنیت_37,GMO,ur,I do not want to follow Jesus,متحدہ عرب امارات,لاہور,پنجاب,اپنی زندگی کو ایمان کے ذریعے کیسے بدلا جائے؟ میں خدا کی راہ پر چلنا چاہتا ہوں لیکن مجھے معلوم نہیں کہ کہاں سے شروع کروں۔,General,,اپنی زندگی ایمان ذریعے بدلا جائے خدا راہ چلنا چاہتا لیکن مجھے معلوم کہاں شروع کروں
cbdaaa8e-871d-47ff-9258-89beb7ccd242,نام_52,کنیت_4,GMO,ur,I want to come back to Jesus,برطانیہ,لندن,انگلینڈ,میں کیسے جان سکتا ہوں کہ خدا واقعی موجود ہے؟,General,,جان سکتا خدا واقعی موجود
084e970c-463d-43f6-baac-3c03853f2e3d,نام_8,کنیت_39,GMO,ur,I am not sure about Jesus,متحدہ عرب امارات,کراچی,دبئی کا علاقہ,اگر میں محسوس کر رہا ہوں کہ میں اپنا ایمان کھو رہا ہوں، تو مجھے کیا کرنا چاہیے؟,General,,اگر محسوس اپنا ایمان کھو مجھے کرنا چاہیے
cd3e9a18-6b87-4afb-9648-866b8be1872a,نام_58,کنیت_11,GMO,ur,Christian - grow in my faith,پاکستان,کراچی,پنجاب,جب میں دعا کرتا ہوں اور خدا کی موجودگی محسوس نہیں کرتا تو کیا کرنا چاہیے؟,Spiritual Warfare,,دعا کرتا خدا موجودگی محسوس کرتا کرنا چاہیے
de23b27b-c97f-4d2a-9699-a09ae7729900,نام_66,کنیت_91,GMO,ur,I just decided to follow Jesus,برطانیہ,لندن,انگلینڈ,اگر میرا شریک حیات ایمان سے دور ہو رہا ہے تو میں اپنی شادی کو کیسے محفوظ رکھ سکتا ہوں؟,Family and Marriage,,اگر شریک حیات ایمان دور اپنی شادی محفوظ رکھ سکتا
57ff5cb8-bc01-425e-aa67-d9660132ffd5,نام_66,کنیت_18,GMO,ur,I do not want to follow Jesus,برطانیہ,دبئی,پنجاب,ماضی کی غلطیوں کے بوجھ سے کیسے نجات حاصل کی جائے؟,Crisis,,ماضی غلطیوں بوجھ نجات حاصل جائے
ded1da40-3686-40ee-937e-37e9d180659d,نام_82,کنیت_65,GMO,ur,I am not sure about Jesus,متحدہ عرب امارات,لاہور,پنجاب,مشکل وقت کے بعد اپنی خوشی اور امید کیسے واپس حاصل کریں؟,Crisis,,مشکل وقت اپنی خوشی امید واپس حاصل
f885fda5-b8d2-4e12-b48f-5a46b9dea021,نام_62,کنیت_57,GMO,ur,I am not sure about Jesus,متحدہ عرب امارات,لندن,انگلینڈ,جب ہر چیز غلط لگتی ہے تو خدا پر کیسے بھروسہ کریں؟,Crisis,,چیز غلط لگتی خدا بھروسہ
cf313a6c-cb0e-4a44-bfb2-2f9566348c22,نام_72,کنیت_92,GMO,ur,I just decided to follow Jesus,پاکستان,لاہور,انگلینڈ,اپنے ایمان کی وجہ سے دوسروں کی تنقید کا سامنا کیسے کریں؟,General,,اپنے ایمان وجہ دوسروں تنقید کا سامنا
cf7c9248-b2a9-471e-9510-a98f3e3757af,نام_40,کنیت_70,GMO,ur,Christian - grow in my faith,برطانیہ,لاہور,سندھ,میں اپنے دوست کی مدد کیسے کروں جو شراب نوشی کی لت میں مبتلا ہے؟,Alcoholism and Drug Addiction,,اپنے دوست مدد کروں شراب نوشی لت مبتلا
ce51d9bc-10ad-4859-aac3-945c6623ca22,نام_50,کنیت_2,GMO,ur,I want to come back to Jesus,پاکستان,دبئی,سندھ,کیا دعا منشیات کی لت سے نجات دلانے میں مدد کر سکتی ہے؟,Alcoholism and Drug Addiction,,دعا منشیات لت نجات دلانے مدد سکتی
3af02914-0926-458a-9e05-6f8b03720c78,نام_26,کنیت_72,GMO,ur,I want to come back to Jesus,متحدہ عرب امارات,لاہور,دبئی کا علاقہ,لت کے چکر سے نکل کر اپنے ایمان کو کیسے مضبوط کیا جائے؟,Alcoholism and Drug Addiction,,لت چکر نکل اپنے ایمان مضبوط جائے
b481b116-e5cb-4b9f-b4e4-a0002d8eee3c,نام_99,کنیت_64,GMO,ur,Christian - grow in my faith,متحدہ عرب امارات,کراچی,انگلینڈ,میں اپنی زندگی کا مقصد تلاش کر رہا ہوں۔ میں کیسے جان سکتا ہوں کہ خدا مجھے رہنمائی دے رہا ہے؟,General,,اپنی زندگی کا مقصد تلاش جان سکتا خدا مجھے رہنمائی دے
0eefa41b-0be5-4015-b5cd-c4bdd8206436,نام_71,کنیت_9,GMO,ur,I am not sure about Jesus,متحدہ عرب امارات,لندن,انگلینڈ,میں کیسے معلوم کر سکتا ہوں کہ خدا کے پاس میرے لیے کوئی منصوبہ ہے؟,General,,معلوم سکتا خدا پاس لیے منصوبہ
e843c196-ab17-45b8-865a-774b06702e40,نام_35,کنیت_60,GMO,ur,Christian - grow in my faith,بھارت,لندن,پنجاب,غیر یقینی صورتحال میں اندرونی سکون کیسے پایا جائے؟,Crisis,,غیر یقینی صورتحال اندرونی سکون پایا جائے
a29fb658-8bac-4cf1-b576-63a1e3947ccf,نام_4,کنیت_42,GMO,ur,I just decided to follow Jesus,برطانیہ,دبئی,سندھ,اگر مجھے لگے کہ خدا میری دعاؤں کا جواب نہیں دے رہا تو میں کیا کروں؟,Spiritual Warfare,,اگر مجھے خدا دعاؤں کا جواب دے کروں
035429ba-1464-4450-ae57-54cd4cd81da8,نام_46,کنیت_30,GMO,ur,I just decided to follow Jesus,متحدہ عرب امارات,کراچی,دبئی کا علاقہ,میں خدا کی محبت کو کیسے محسوس کر سکتا ہوں اور اپنے دل میں سکون کیسے پا سکتا ہوں؟,General,,خدا محبت محسوس سکتا اپنے دل سکون پا سکتا
86bd2591-5bad-4d8e-a4e6-2d574f9b1efe,نام_85,کنیت_96,GMO,ur,I want to come back to Jesus,پاکستان,کراچی,پنجاب,طویل عرصے کے بعد خدا کے قریب کیسے واپس آیا جائے؟,Crisis,,طویل عرصے خدا قریب واپس آیا جائے
c9c78aaa-2c70-41b4-9a6e-ca488e651586,نام_49,کنیت_5,GMO,ur,I want to come back to Jesus,متحدہ عرب امارات,لندن,دبئی کا علاقہ,جب زندگی میں سب کچھ بکھر رہا ہو تو خدا پر کیسے یقین رکھا جائے؟,Crisis,,زندگی بکھر خدا یقین رکھا جائے
3e0aa7ee-d7e1-4942-983b-710a3ebc706a,نام_18,کنیت_12,GMO,ur,I want to come back to Jesus,بھارت,لاہور,انگلینڈ,کسی بڑی ذاتی نقصان کے بعد زندگی گزارنے کی طاقت کیسے حاصل کی جائے؟,Crisis,,بڑی ذاتی نقصان زندگی گزارنے طاقت حاصل جائے
62e231d4-2f45-49bd-a06e-8ddd97cf628b,نام_81,کنیت_89,GMO,ur,I just decided to follow Jesus,برطانیہ,لاہور,پنجاب,میں عیسائیوں کے درمیان مدد کیسے حاصل کر سکتا ہوں؟,General,,عیسائیوں درمیان مدد حاصل سکتا
6f8b38e9-3c32-43b6-b784-fe1bb6caee0b,نام_49,کنیت_80,GMO,ur,I do not want to follow Jesus,بھارت,کراچی,دبئی کا علاقہ,روزمرہ کی زندگی میں گناہوں سے بچنے کا طریقہ کیا ہے؟,General,,روزمرہ زندگی گناہوں بچنے کا طریقہ
39b256b9-5a45-4cdc-833c-e6c078eaf2b7,نام_23,کنیت_24,GMO,ur,I want to come back to Jesus,برطانیہ,لاہور,سندھ,مستقبل کے خوف پر قابو کیسے پایا جائے؟,General,,مستقبل خوف قابو پایا جائے
3b618708-58d5-4e2d-a875-55b1716de38c,نام_17,کنیت_6,GMO,ur,Christian - grow in my faith,پاکستان,دبئی,انگلینڈ,چرچ اور مسیحی کمیونٹی کے قریب کیسے ہوں؟,General,,چرچ مسیحی کمیونٹی قریب
70662d7e-fbab-4277-aa42-c10dc525bbc0,نام_26,کنیت_4,GMO,ur,Christian - grow in my faith,پاکستان,دبئی,پنجاب,کیا دعا روحانی جنگ میں مدد کرتی ہے؟,Spiritual Warfare,,دعا روحانی جنگ مدد کرتی
562c7beb-559b-4a43-9fdf-b0f472f7308b,نام_92,کنیت_47,GMO,ur,I am not sure about Jesus,پاکستان,لاہور,سندھ,میں کیسے جان سکتا ہوں کہ خدا میری سنتا ہے؟,Spiritual Warfare,,جان سکتا خدا سنتا
3d3c069b-8569-4fff-a86f-7e2e124d2f45,نام_36,کنیت_84,GMO,ur,I want to come back to Jesus,پاکستان,کراچی,پنجاب,میں اپنا ایمان مضبوط کرنا چاہتا ہوں، لیکن میں نہیں جانتا کہ کہاں سے شروع کروں۔,General,,اپنا ایمان مضبوط کرنا چاہتا لیکن جانتا کہاں شروع کروں
9f1edb77-e1d4-47da-8509-e124000a3771,نام_14,کنیت_81,GMO,ur,I am not sure about Jesus,متحدہ عرب امارات,دبئی,سندھ,میں نے اپنی نوکری کھو دی ہے اور نہیں جانتا کہ کیا کرنا ہے۔ خدا کے منصوبے پر کیسے یقین رکھوں؟,Crisis,,اپنی نوکری کھو دی جانتا کرنا خدا منصوبے یقین رکھوں
e6e2219e-a477-40e6-a8d0-09c314274ca0,نام_1,کنیت_95,GMO,ur,I do not want to follow Jesus,برطانیہ,لندن,انگلینڈ,اگر میرا شریک حیات خدا پر ایمان نہیں رکھتا اور میں چاہتا ہوں کہ میرا خاندان مسیحی اقدار کی پیروی کرے تو میں کیا کروں؟,Family and Marriage,,اگر شریک حیات خدا ایمان رکھتا چاہتا خاندان مسیحی اقدار پیروی کرے کروں
c5351220-f975-4a91-a510-b17ead012401,نام_91,کنیت_19,GMO,ur,I just decided to follow Jesus,برطانیہ,لاہور,پنجاب,اگر خدا سب کچھ کر سکتا ہے، تو دنیا میں اتنی تکلیف کیوں ہے؟ میں اس کو سمجھنے کی کوشش کر رہا ہوں۔,Crisis,,اگر خدا سکتا دنیا اتنی تکلیف سمجھنے کوشش
eb9df152-6996-45e0-9b95-ef6a465b4fe6,نام_75,کنیت_72,GMO,ur,I am not sure about Jesus,متحدہ عرب امارات,لاہور,دبئی کا علاقہ,منفی خیالات اور ڈپریشن سے کیسے نمٹا جائے؟ میں خود کو تنہا محسوس کرتا ہوں لیکن خدا کو تلاش کرنا چاہتا ہوں۔,Crisis,,منفی خیالات ڈپریشن نمٹا جائے خود تنہا محسوس کرتا لیکن خدا تلاش کرنا چاہتا
29fe0dfe-3a45-4363-82e0-a150e7e36a4e,نام_86,کنیت_4,GMO,ur,Christian - grow in my faith,پاکستان,لندن,پنجاب,میں ایک عیسائی تھا، لیکن اب مجھے شک ہے۔ مجھے کیسے معلوم ہو کہ خدا اب بھی میرے ساتھ ہے؟,Crisis,,ایک عیسائی لیکن اب مجھے شک مجھے معلوم خدا اب ساتھ
ecb95a9e-f78c-416e-a669-c7467bea8e47,نام_22,کنیت_21,GMO,ur,I do not want to follow Jesus,پاکستان,کراچی,پنجاب,اگر میرا شریک حیات خدا سے دور ہو رہا ہے تو میں اپنی شادی کو کیسے مضبوط کر سکتا ہوں؟,Family and Marriage,,اگر شریک حیات خدا دور اپنی شادی مضبوط سکتا
ca488e2c-dbc5-4dd0-b70f-246395f2d150,نام_68,کنیت_42,GMO,ur,I do not want to follow Jesus,متحدہ عرب امارات,کراچی,انگلینڈ,روحانی حملوں سے کیسے نمٹا جائے اور خود کو محفوظ محسوس کیا جائے؟,Spiritual Warfare,,روحانی حملوں نمٹا جائے خود محفوظ محسوس جائے
78b64bf1-4de4-47cb-9ce2-9d9e29519dfa,نام_33,کنیت_55,GMO,ur,I just decided to follow Jesus,متحدہ عرب امارات,لاہور,دبئی کا علاقہ,میں نے ماضی میں بہت سے گناہ کیے ہیں اور نہیں جانتا کہ خدا مجھے معاف کرے گا یا نہیں۔,Crisis,,ماضی بہت گناہ کیے جانتا خدا مجھے معاف کرے گا یا
5251ac99-e0f8-48e2-9020-83fdce245182,نام_77,کنیت_57,GMO,ur,Christian - grow in my faith,متحدہ عرب امارات,دبئی,پنجاب,اپنی زندگی کو ایمان کے ذریعے کیسے بدلا جائے؟ میں خدا کی راہ پر چلنا چاہتا ہوں لیکن مجھے معلوم نہیں کہ کہاں سے شروع کروں۔,General,,اپنی زندگی ایمان ذریعے بدلا جائے خدا راہ چلنا چاہتا لیکن مجھے معلوم کہاں شروع کروں
1aead23e-69b5-4f22-802a-9669a9e95ba4,نام_69,کنیت_46,GMO,ur,I want to come back to Jesus,برطانیہ,کراچی,انگلینڈ,میں کیسے جان سکتا ہوں کہ خدا واقعی موجود ہے؟,General,,جان سکتا خدا واقعی موجود
4107bb2f-2b66-4d4f-bcab-cd17ab712004,نام_27,کنیت_97,GMO,ur,I am not sure about Jesus,بھارت,لندن,سندھ,اگر میں محسوس کر رہا ہوں کہ میں اپنا ایمان کھو رہا ہوں، تو مجھے کیا کرنا چاہیے؟,General,,اگر محسوس اپنا ایمان کھو مجھے کرنا چاہیے
b90f3426-ad96-4412-9621-fbbb16d9a1f7,نام_64,کنیت_51,GMO,ur,I do not want to follow Jesus,پاکستان,کراچی,دبئی کا علاقہ,جب میں دعا کرتا ہوں اور خدا کی موجودگی محسوس نہیں کرتا تو کیا کرنا چاہیے؟,Spiritual Warfare,,دعا کرتا خدا موجودگی محسوس کرتا کرنا چاہیے
7ab5e970-e54f-417b-9494-59bcfbb25644,نام_47,کنیت_58,GMO,ur,I am not sure about Jesus,پاکستان,کراچی,انگلینڈ,اگر میرا شریک حیات ایمان سے دور ہو رہا ہے تو میں اپنی شادی کو کیسے محفوظ رکھ سکتا ہوں؟,Family and Marriage,,اگر شریک حیات ایمان دور اپنی شادی محفوظ رکھ سکتا
0e1143c3-5c00-4ecf-8a40-03d50bce54fb,نام_26,کنیت_12,GMO,ur,I do not want to follow Jesus,متحدہ عرب امارات,لاہور,انگلینڈ,ماضی کی غلطیوں کے بوجھ سے کیسے نجات حاصل کی جائے؟,Crisis,,ماضی غلطیوں بوجھ نجات حاصل جائے
3c34f1c0-3adc-453d-83e5-9096d4ed91b6,نام_13,کنیت_84,GMO,ur,I am not sure about Jesus,بھارت,کراچی,انگلینڈ,مشکل وقت کے بعد اپنی خوشی اور امید کیسے واپس حاصل کریں؟,Crisis,,مشکل وقت اپنی خوشی امید واپس حاصل
f6a560d1-f7d0-4bea-927b-271fed1d236b,نام_89,کنیت_60,GMO,ur,I am not sure about Jesus,بھارت,لندن,پنجاب,جب ہر چیز غلط لگتی ہے تو خدا پر کیسے بھروسہ کریں؟,Crisis,,چیز غلط لگتی خدا بھروسہ
b01ab2f8-bdf1-4175-9ceb-cd278366c374,نام_66,کنیت_6,GMO,ur,I do not want to follow Jesus,متحدہ عرب امارات,کراچی,پنجاب,اپنے ایمان کی وجہ سے دوسروں کی تنقید کا سامنا کیسے کریں؟,General,,اپنے ایمان وجہ دوسروں تنقید کا سامنا
54eed455-5fd2-4f71-b5c9-5fe037e4fec9,نام_80,کنیت_97,GMO,ur,I just decided to follow Jesus,پاکستان,لاہور,دبئی کا علاقہ,میں اپنے دوست کی مدد کیسے کروں جو شراب نوشی کی لت میں مبتلا ہے؟,Alcoholism and Drug Addiction,,اپنے دوست مدد کروں شراب نوشی لت مبتلا
330d70df-28ec-4c8e-8cf9-438a7efd8d8f,نام_22,کنیت_17,GMO,ur,Christian - grow in my faith,بھارت,کراچی,انگلینڈ,کیا دعا منشیات کی لت سے نجات دلانے میں مدد کر سکتی ہے؟,Alcoholism and Drug Addiction,,دعا منشیات لت نجات دلانے مدد سکتی
40ebf569-5c16-458d-9252-33ab78dece7c,نام_26,کنیت_12,GMO,ur,I am not sure about Jesus,بھارت,لاہور,دبئی کا علاقہ,لت کے چکر سے نکل کر اپنے ایمان کو کیسے مضبوط کیا جائے؟,Alcoholism and Drug Addiction,,لت چکر نکل اپنے ایمان مضبوط جائے
d6ba1654-7160-4b92-b62e-4b89948524a0,نام_88,کنیت_83,GMO,ur,I want to come back to Jesus,پاکستان,لاہور,پنجاب,میں اپنی زندگی کا مقصد تلاش کر رہا ہوں۔ میں کیسے جان سکتا ہوں کہ خدا مجھے رہنمائی دے رہا ہے؟,General,,اپنی زندگی کا مقصد تلاش جان سکتا خدا مجھے رہنمائی دے
398c50c4-d051-4ecd-8295-85a44eb9cea2,نام_52,کنیت_30,GMO,ur,I am not sure about Jesus,متحدہ عرب امارات,کراچی,انگلینڈ,میں کیسے معلوم کر سکتا ہوں کہ خدا کے پاس میرے لیے کوئی منصوبہ ہے؟,General,,معلوم سکتا خدا پاس لیے منصوبہ
9894212a-617c-483f-8df8-077c7b53f5b8,نام_83,کنیت_97,GMO,ur,I am not sure about Jesus,پاکستان,کراچی,پنجاب,غیر یقینی صورتحال میں اندرونی سکون کیسے پایا جائے؟,Crisis,,غیر یقینی صورتحال اندرونی سکون پایا جائے
460f8eab-66f4-459a-b452-f6a3c8d96cea,نام_76,کنیت_54,GMO,ur,Christian - grow in my faith,برطانیہ,کراچی,پنجاب,اگر مجھے لگے کہ خدا میری دعاؤں کا جواب نہیں دے رہا تو میں کیا کروں؟,Spiritual Warfare,,اگر مجھے خدا دعاؤں کا جواب دے کروں
2a36f11d-51a3-40b9-a386-2a09c1f2c007,نام_1,کنیت_87,GMO,ur,I am not sure about Jesus,بھارت,لاہور,سندھ,میں خدا کی محبت کو کیسے محسوس کر سکتا ہوں اور اپنے دل میں سکون کیسے پا سکتا ہوں؟,General,,خدا محبت محسوس سکتا اپنے دل سکون پا سکتا
e81dff55-0f91-4dbc-b941-8116212356db,نام_86,کنیت_17,GMO,ur,I just decided to follow Jesus,پاکستان,لاہور,سندھ,طویل عرصے کے بعد خدا کے قریب کیسے واپس آیا جائے؟,Crisis,,طویل عرصے خدا قریب واپس آیا جائے
b189b322-a61a-491a-9ae0-a8753ee97039,نام_35,کنیت_94,GMO,ur,I am not sure about Jesus,برطانیہ,دبئی,دبئی کا علاقہ,جب زندگی میں سب کچھ بکھر رہا ہو تو خدا پر کیسے یقین رکھا جائے؟,Crisis,,زندگی بکھر خدا یقین رکھا جائے
f9452d0d-9892-4f4a-9e29-3f95796617b7,نام_2,کنیت_96,GMO,ur,I just decided to follow Jesus,پاکستان,دبئی,دبئی کا علاقہ,کسی بڑی ذاتی نقصان کے بعد زندگی گزارنے کی طاقت کیسے حاصل کی جائے؟,Crisis,,بڑی ذاتی نقصان زندگی گزارنے طاقت حاصل جائے
65c27299-5faa-4879-aea6-dae1672e63a5,نام_13,کنیت_28,GMO,ur,I want to come back to Jesus,برطانیہ,کراچی,دبئی کا علاقہ,میں عیسائیوں کے درمیان مدد کیسے حاصل کر سکتا ہوں؟,General,,عیسائیوں درمیان مدد حاصل سکتا
4e7da9fc-27c7-4c9f-b403-a0352dab26e5,نام_82,کنیت_34,GMO,ur,I am not sure about Jesus,بھارت,کراچی,انگلینڈ,روزمرہ کی زندگی میں گناہوں سے بچنے کا طریقہ کیا ہے؟,General,,روزمرہ زندگی گناہوں بچنے کا طریقہ
4120c30d-ef4f-41a7-b420-10b500c43158,نام_32,کنیت_33,GMO,ur,Christian - grow in my faith,برطانیہ,لندن,انگلینڈ,مستقبل کے خوف پر قابو کیسے پایا جائے؟,General,,مستقبل خوف قابو پایا جائے
be7b78f7-4427-4509-82db-e9012636e454,نام_62,کنیت_55,GMO,ur,I do not want to follow Jesus,برطانیہ,لندن,دبئی کا علاقہ,چرچ اور مسیحی کمیونٹی کے قریب کیسے ہوں؟,General,,چرچ مسیحی کمیونٹی قریب
5fe4336b-dee7-4221-81dc-556d601d1ff3,نام_25,کنیت_92,GMO,ur,Christian - grow in my faith,برطانیہ,کراچی,انگلینڈ,کیا دعا روحانی جنگ میں مدد کرتی ہے؟,Spiritual Warfare,,دعا روحانی جنگ مدد کرتی
4b7f0bea-a240-4cf5-a6cc-00a1964ea512,نام_54,کنیت_53,GMO,ur,I just decided to follow Jesus,بھارت,لاہور,انگلینڈ,میں کیسے جان سکتا ہوں کہ خدا میری سنتا ہے؟,Spiritual Warfare,,جان سکتا خدا سنتا
d01e4c7f-08cd-413b-bf87-f6eee66bf5b4,نام_51,کنیت_28,GMO,ur,I am not sure about Jesus,متحدہ عرب امارات,کراچی,دبئی کا علاقہ,میں اپنا ایمان مضبوط کرنا چاہتا ہوں، لیکن میں نہیں جانتا کہ کہاں سے شروع کروں۔,General,,اپنا ایمان مضبوط کرنا چاہتا لیکن جانتا کہاں شروع کروں
91c51ae0-1de8-41f3-afae-980993733e2f,نام_45,کنیت_5,GMO,ur,I just decided to follow Jesus,متحدہ عرب امارات,لندن,دبئی کا علاقہ,میں نے اپنی نوکری کھو دی ہے اور نہیں جانتا کہ کیا کرنا ہے۔ خدا کے منصوبے پر کیسے یقین رکھوں؟,Crisis,,اپنی نوکری کھو دی جانتا کرنا خدا منصوبے یقین رکھوں
b908b024-a9f7-48eb-b7b2-7be7ec804b38,نام_70,کنیت_86,GMO,ur,I want to come back to Jesus,متحدہ عرب امارات,دبئی,دبئی کا علاقہ,اگر میرا شریک حیات خدا پر ایمان نہیں رکھتا اور میں چاہتا ہوں کہ میرا خاندان مسیحی اقدار کی پیروی کرے تو میں کیا کروں؟,Family and Marriage,,اگر شریک حیات خدا ایمان رکھتا چاہتا خاندان مسیحی اقدار پیروی کرے کروں
ad58e96e-2d1f-4c40-8194-3f2a1a421fb0,نام_76,کنیت_17,GMO,ur,I am not sure about Jesus,پاکستان,کراچی,سندھ,اگر خدا سب کچھ کر سکتا ہے، تو دنیا میں اتنی تکلیف کیوں ہے؟ میں اس کو سمجھنے کی کوشش کر رہا ہوں۔,Crisis,,اگر خدا سکتا دنیا اتنی تکلیف سمجھنے کوشش
a198ae24-cb18-420b-b734-2da391793ed0,نام_6,کنیت_89,GMO,ur,Christian - grow in my faith,بھارت,کراچی,انگلینڈ,منفی خیالات اور ڈپریشن سے کیسے نمٹا جائے؟ میں خود کو تنہا محسوس کرتا ہوں لیکن خدا کو تلاش کرنا چاہتا ہوں۔,Crisis,,منفی خیالات ڈپریشن نمٹا جائے خود تنہا محسوس کرتا لیکن خدا تلاش کرنا چاہتا
0234ca8e-ea86-451d-bc9c-1b291afd11c0,نام_1,کنیت_11,GMO,ur,Christian - grow in my faith,متحدہ عرب امارات,کراچی,پنجاب,میں ایک عیسائی تھا، لیکن اب مجھے شک ہے۔ مجھے کیسے معلوم ہو کہ خدا اب بھی میرے ساتھ ہے؟,Crisis,,ایک عیسائی لیکن اب مجھے شک مجھے معلوم خدا اب ساتھ
0fbcff07-84da-4a2f-a07a-0950db3069cd,نام_71,کنیت_64,GMO,ur,I do not want to follow Jesus,پاکستان,لندن,انگلینڈ,اگر میرا شریک حیات خدا سے دور ہو رہا ہے تو میں اپنی شادی کو کیسے مضبوط کر سکتا ہوں؟,Family and Marriage,,اگر شریک حیات خدا دور اپنی شادی مضبوط سکتا
f314fe66-ae31-4c73-87c6-9250ad07cf59,نام_82,کنیت_17,GMO,ur,I am not sure about Jesus,متحدہ عرب امارات,کراچی,دبئی کا علاقہ,روحانی حملوں سے کیسے نمٹا جائے اور خود کو محفوظ محسوس کیا جائے؟,Spiritual Warfare,,روحانی حملوں نمٹا جائے خود محفوظ محسوس جائے
c9d0ee8e-7bdf-4af8-a515-1b4447fa4b6d,نام_40,کنیت_80,GMO,ur,Christian - grow in my faith,متحدہ عرب امارات,دبئی,پنجاب,میں نے ماضی میں بہت سے گناہ کیے ہیں اور نہیں جانتا کہ خدا مجھے معاف کرے گا یا نہیں۔,Crisis,,ماضی بہت گناہ کیے جانتا خدا مجھے معاف کرے گا یا
c89f57de-4db0-404d-a8d7-d7fffdcbb67a,نام_63,کنیت_67,GMO,ur,Christian - grow in my faith,بھارت,دبئی,سندھ,اپنی زندگی کو ایمان کے ذریعے کیسے بدلا جائے؟ میں خدا کی راہ پر چلنا چاہتا ہوں لیکن مجھے معلوم نہیں کہ کہاں سے شروع کروں۔,General,,اپنی زندگی ایمان ذریعے بدلا جائے خدا راہ چلنا چاہتا لیکن مجھے معلوم کہاں شروع کروں
298e6d52-ebb1-4e92-8f36-b15ddc5e56b3,نام_92,کنیت_45,GMO,ur,I want to come back to Jesus,متحدہ عرب امارات,لندن,پنجاب,میں کیسے جان سکتا ہوں کہ خدا واقعی موجود ہے؟,General,,جان سکتا خدا واقعی موجود
e40fbc72-3eb6-4daa-b0d7-4d6fd0d26f61,نام_70,کنیت_83,GMO,ur,I am not sure about Jesus,برطانیہ,لاہور,دبئی کا علاقہ,اگر میں محسوس کر رہا ہوں کہ میں اپنا ایمان کھو رہا ہوں، تو مجھے کیا کرنا چاہیے؟,General,,اگر محسوس اپنا ایمان کھو مجھے کرنا چاہیے
aeb0ab00-0608-40d8-90a5-fbe501a7034c,نام_39,کنیت_96,GMO,ur,I just decided to follow Jesus,برطانیہ,کراچی,دبئی کا علاقہ,جب میں دعا کرتا ہوں اور خدا کی موجودگی محسوس نہیں کرتا تو کیا کرنا چاہیے؟,Spiritual Warfare,,دعا کرتا خدا موجودگی محسوس کرتا کرنا چاہیے
b1a4fd2a-e69c-4333-a4d7-09b49aad3166,نام_10,کنیت_17,GMO,ur,Christian - grow in my faith,پاکستان,لندن,سندھ,اگر میرا شریک حیات ایمان سے دور ہو رہا ہے تو میں اپنی شادی کو کیسے محفوظ رکھ سکتا ہوں؟,Family and Marriage,,اگر شریک حیات ایمان دور اپنی شادی محفوظ رکھ سکتا
8ffa524c-c032-4dc3-9ccc-abb5a4bf7d9c,نام_61,کنیت_29,GMO,ur,I want to come back to Jesus,متحدہ عرب امارات,کراچی,سندھ,ماضی کی غلطیوں کے بوجھ سے کیسے نجات حاصل کی جائے؟,Crisis,,ماضی غلطیوں بوجھ نجات حاصل جائے
a1600914-9c09-42cd-a3f2-a739b43d6817,نام_98,کنیت_85,GMO,ur,I am not sure about Jesus,پاکستان,لندن,سندھ,مشکل وقت کے بعد اپنی خوشی اور امید کیسے واپس حاصل کریں؟,Crisis,,مشکل وقت اپنی خوشی امید واپس حاصل
b89aaaa3-a6ea-4673-b817-8fd70b47b812,نام_21,کنیت_69,GMO,ur,I want to come back to Jesus,پاکستان,دبئی,سندھ,جب ہر چیز غلط لگتی ہے تو خدا پر کیسے بھروسہ کریں؟,Crisis,,چیز غلط لگتی خدا بھروسہ
396f755c-2531-4fd5-99a9-e832ab531253,نام_74,کنیت_37,GMO,ur,I just decided to follow Jesus,متحدہ عرب امارات,دبئی,دبئی کا علاقہ,اپنے ایمان کی وجہ سے دوسروں کی تنقید کا سامنا کیسے کریں؟,General,,اپنے ایمان وجہ دوسروں تنقید کا سامنا
dfaa7b6b-b2bf-4cb9-af00-2b0dc2f21dc0,نام_48,کنیت_89,GMO,ur,I do not want to follow Jesus,برطانیہ,لندن,انگلینڈ,میں اپنے دوست کی مدد کیسے کروں جو شراب نوشی کی لت میں مبتلا ہے؟,Alcoholism and Drug Addiction,,اپنے دوست مدد کروں شراب نوشی لت مبتلا
91437831-edda-440c-aa1e-dd09994384de,نام_30,کنیت_38,GMO,ur,Christian - grow in my faith,بھارت,دبئی,انگلینڈ,کیا دعا منشیات کی لت سے نجات دلانے میں مدد کر سکتی ہے؟,Alcoholism and Drug Addiction,,دعا منشیات لت نجات دلانے مدد سکتی
e0d3acbe-6076-4643-ad78-1a7e6c668b9d,نام_24,کنیت_14,GMO,ur,I want to come back to Jesus,متحدہ عرب امارات,دبئی,دبئی کا علاقہ,لت کے چکر سے نکل کر اپنے ایمان کو کیسے مضبوط کیا جائے؟,Alcoholism and Drug Addiction,,لت چکر نکل اپنے ایمان مضبوط جائے
c731c182-a174-41f5-91bd-17d8f0215114,نام_74,کنیت_99,GMO,ur,I want to come back to Jesus,بھارت,دبئی,انگلینڈ,میں اپنی زندگی کا مقصد تلاش کر رہا ہوں۔ میں کیسے جان سکتا ہوں کہ خدا مجھے رہنمائی دے رہا ہے؟,General,,اپنی زندگی کا مقصد تلاش جان سکتا خدا مجھے رہنمائی دے
fc01d587-4d4c-4e02-95e9-79e204b666a8,نام_72,کنیت_82,GMO,ur,I want to come back to Jesus,برطانیہ,کراچی,دبئی کا علاقہ,میں کیسے معلوم کر سکتا ہوں کہ خدا کے پاس میرے لیے کوئی منصوبہ ہے؟,General,,معلوم سکتا خدا پاس لیے منصوبہ
07fa6929-e92e-4aaa-a5c9-a92fb0eb0b11,نام_86,کنیت_42,GMO,ur,I am not sure about Jesus,متحدہ عرب امارات,لاہور,انگلینڈ,غیر یقینی صورتحال میں اندرونی سکون کیسے پایا جائے؟,Crisis,,غیر یقینی صورتحال اندرونی سکون پایا جائے
