contact_uuid,first_name,last_name,source,language_code,decision,country,region,state,messages,topic,
57d33318-8dad-4f74-bba9-5baf5b1d6c82,Sarah,Jones,Website,en,I do not want to follow Jesus,United States,Ontario,Texas,"I have been using alcohol to numb my pain, but I know it’s not the answer. How do I find healing through God instead?",Alcoholism and Drug Addiction,20
fac69206-6fcb-4f4f-81dc-b2750948f2f0,Nathan,Anderson,Website,en,I just decided to follow Jesus,South Africa,Cape Town,New York,"I have been through detox before, but I always go back. How do I make a lasting change?",Alcoholism and Drug Addiction,
8e008cea-799a-4aa5-ab05-f81e5f75f806,Ryan,Martin,Social Media,en,I want to come back to Jesus,Canada,Sydney,London,I feel like my past defines me. How do I embrace the future that God has for me?,Alcoholism and Drug Addiction,
f2f99a14-b354-4c6f-80eb-ddcd6971f97d,David,Brown,Social Media,en,I just decided to follow Jesus,Australia,Cape Town,Ontario,I feel like I am at war with myself. How do I find peace in God’s promises?,Alcoholism and Drug Addiction,
d90ff358-b4f6-4822-bf73-fd321822d4ee,Ashley,Davis,Social Media,en,I am not sure about Jesus,South Africa,New York,Ontario,"I used to believe in God, but my addiction made me question everything. How do I find my faith again?",Alcoholism and Drug Addiction,
058d007c-1ab2-4118-8266-d6761c1ad0c7,Lauren,Anderson,Referral,en,Christian - grow in my faith,South Africa,Texas,New York,I am afraid of disappointing the people who are helping me through recovery. How do I stay accountable?,Alcoholism and Drug Addiction,
96de0c35-3c6b-4d42-94ae-cabf59dfccbd,Nathan,Martin,Email,en,I just decided to follow Jesus,Australia,Cape Town,New York,I have lost everything because of my addiction. How do I rebuild my life with God’s help?,Alcoholism and Drug Addiction,
cfc0948a-e849-42ac-87ed-6e41b8dbcbe5,Emily,Moore,Email,en,I am not sure about Jesus,Australia,California,Western Cape,"I want to be free from addiction, but I feel like I don’t deserve it. Can God still save me?",Alcoholism and Drug Addiction,
b7e27af4-2ba1-4505-81e2-066108a9e778,David,Brown,Email,en,Christian - grow in my faith,South Africa,London,Texas,I feel so weak in my recovery journey. How do I rely on God’s strength instead of my own?,Alcoholism and Drug Addiction,
6cf164e4-f044-45b6-8ce4-ac2828cb93e8,Samantha,Garcia,Email,en,Christian - grow in my faith,South Africa,California,New South Wales,I have been trying to quit in secret because I am afraid of judgment. How do I ask for help without shame?,Alcoholism and Drug Addiction,
ebb3bda8-9b06-459b-be0a-91c40c188f07,David,Gonzalez,Event,en,I just decided to follow Jesus,South Africa,Texas,New South Wales,I feel like no one understands what I am going through. Does God really see my struggles?,Alcoholism and Drug Addiction,
733e69d0-814c-4a0f-a9aa-63ea3093ea2b,Hannah,Jones,Website,en,I want to come back to Jesus,United States,London,New South Wales,"I have been sober for a while, but I still have cravings. How do I stay strong in my faith?",Alcoholism and Drug Addiction,
366c5e25-104f-4958-9539-6c5a68cf3ed9,Matthew,Jones,Email,en,I do not want to follow Jesus,United States,Texas,London,"I know that God forgives me, but I still feel so guilty. How do I truly accept His grace?",Alcoholism and Drug Addiction,
c6e4d497-e571-478c-afa1-355a7ffd0c70,Sarah,Jackson,Event,en,I am not sure about Jesus,United States,Cape Town,New York,"I want to serve God, but I feel like my past disqualifies me. Can He still use me for something good?",Alcoholism and Drug Addiction,
a689b5cc-01d6-42ee-ad93-38989405cb8f,Ashley,Lopez,Event,en,Christian - grow in my faith,United States,California,Texas,I feel like I have been battling addiction alone for so long. How do I trust that God is really with me?,Alcoholism and Drug Addiction,
069b9de6-dbf8-4eb3-9e0c-9c6d8eb52f61,Ashley,Rodriguez,Event,en,Christian - grow in my faith,South Africa,Texas,New York,I have broken so many promises to my family because of my addiction. How do I rebuild trust with them?,Alcoholism and Drug Addiction,
700e5784-cc5c-4816-aa29-a144c0b5ab18,Madison,Rodriguez,Website,en,I just decided to follow Jesus,United States,Ontario,California,"I have lost my job due to my drinking, and I feel ashamed. How do I start over and believe that I still have a future?",Alcoholism and Drug Addiction,
6c0d65b0-78e1-45d9-920b-8c1ac000be49,Daniel,Rodriguez,Social Media,en,I just decided to follow Jesus,United States,London,Texas,I feel like my addiction has made me unworthy of love. How do I believe that God still has a purpose for me?,Alcoholism and Drug Addiction,
075287d5-614d-4f36-bea7-c8c17037fac2,Daniel,Thomas,Email,en,I want to come back to Jesus,Australia,Cape Town,New York,"I have tried support groups before, but I still struggle. How do I combine faith with practical recovery?",Alcoholism and Drug Addiction,
c675574a-e8cf-470b-8a4d-96b3ff177c55,Lauren,Rodriguez,Social Media,en,I want to come back to Jesus,United States,Cape Town,Texas,I feel like I have lost all self-control. How do I let God take control of my life?,Alcoholism and Drug Addiction,
fbfbc7c9-64a0-414b-961e-d876ae193bc6,Joshua,Jones,Social Media,en,I do not want to follow Jesus,South Africa,Texas,New York,"I lost my child, and the pain is unbearable. How do I trust God’s goodness after such a devastating loss?",Crisis,24
d8933106-8afc-4f5d-be1b-b31127eb87f6,Michael,Martin,Website,en,I am not sure about Jesus,South Africa,New York,London,I feel distant from God and numb in my faith. How do I reconnect with Him?,Crisis,
490b4359-dea8-49ea-a385-0277e956ad13,Andrew,Moore,Event,en,I am not sure about Jesus,United States,New York,Western Cape,"I am afraid of failing, so I never take risks. How can faith help me overcome fear?",Crisis,
e38ad4f8-83cc-43be-955d-ba8ba9f9cf2e,Nathan,Taylor,Website,en,I am not sure about Jesus,United States,Texas,Western Cape,"I want to believe in miracles, but I haven’t seen one in my life. How do I strengthen my faith?",Crisis,
844a7913-0dd2-4be2-bbc9-1ec2acdd8f70,Lauren,Johnson,Referral,en,I want to come back to Jesus,United Kingdom,California,California,"I’ve hurt the people closest to me, and now I feel like I’ve lost everything. Can I rebuild my relationships through faith?",Crisis,
6b4dc993-ed04-41f0-99bb-e7dbc1fe77d7,Sarah,Taylor,Website,en,I want to come back to Jesus,South Africa,New York,California,I feel like a failure as a parent because my child has lost their way. How do I keep praying for them without losing hope?,Crisis,
5481a800-3b39-44b7-bcbf-76f82c6dc403,Lauren,Wilson,Event,en,Christian - grow in my faith,United States,California,New York,"I grew up in a toxic family, and I don’t know how to break the cycle. How does faith help me create a better future?",Crisis,
8f2713c7-093d-423b-82c3-5792af5c3f3e,Daniel,Garcia,Referral,en,I am not sure about Jesus,United Kingdom,Cape Town,New York,"I feel completely exhausted—emotionally, physically, and spiritually. How do I find rest in God?",Crisis,
3b761f0e-e97a-4096-b861-1beb19efa1a8,Nathan,Thomas,Event,en,I want to come back to Jesus,United Kingdom,California,Western Cape,"I am surrounded by negativity, and it’s weighing me down. How do I keep my faith strong in a toxic environment?",Crisis,
0257d78f-b1fc-45f9-a691-28782f5bd3f5,Ashley,Jones,Event,en,I do not want to follow Jesus,South Africa,Cape Town,New York,"I feel like my past defines me, and I will never be free from my mistakes. Can God really give me a new beginning?",Crisis,
27519cda-ea7f-4dc4-87e7-0c482261db6e,Michael,Wilson,Referral,en,I just decided to follow Jesus,United Kingdom,Sydney,California,"I keep falling back into bad habits, even though I want to change. How do I break free from this cycle?",Crisis,
cdc7a91e-cbdf-4b49-9bc4-ef65b5a734e0,Ashley,Garcia,Social Media,en,I want to come back to Jesus,South Africa,London,Western Cape,I feel like I have no control over my emotions. How do I let God bring peace to my heart?,Crisis,
a90b23e8-455a-445f-8e79-a6df383e7f7c,Ryan,Anderson,Website,en,I do not want to follow Jesus,Australia,London,New South Wales,I feel like I don’t belong anywhere. How do I find my place in God’s plan?,Crisis,
9cdd1fd3-4ef2-436e-80f6-57a75372d8ab,Sarah,Miller,Email,en,I just decided to follow Jesus,United Kingdom,New York,Ontario,"I have been struggling with my faith for a long time, and I don’t know how to fix it. Where do I start?",Crisis,
9fe389ad-edd7-4019-9217-bd22fb33897f,Emily,Johnson,Website,en,I do not want to follow Jesus,South Africa,Sydney,California,"I was in a bad accident, and now I struggle with fear every day. How can I trust God with my future?",Crisis,
ea70f405-2a5a-468a-8dc7-da193b1da148,Matthew,Taylor,Social Media,en,I am not sure about Jesus,United States,Ontario,New South Wales,I have lost all motivation to keep going. How do I find purpose again?,Crisis,
bb36eaa5-2033-4663-88d7-e7166710a5d6,Sarah,Smith,Website,en,I want to come back to Jesus,South Africa,Sydney,London,"I lost my job recently, and I feel completely hopeless. I don't know how I will provide for my family. Can God help me through this?",Crisis,
f972b6e3-b04a-4c57-b8df-8d409201e292,Samantha,Garcia,Referral,en,Christian - grow in my faith,Canada,London,London,"I have been struggling with deep depression, and I feel like God has abandoned me. How do I hold onto faith when I feel so alone?",Crisis,
aa7afb54-9975-4c07-82a0-122c636f69ae,Nathan,Johnson,Social Media,en,I want to come back to Jesus,South Africa,California,Western Cape,"I am dealing with extreme anxiety, and I don’t know how to control my thoughts. Does the Bible offer any guidance on overcoming fear?",Crisis,
64255954-9187-4946-8ce9-d866ab112069,Daniel,Jones,Email,en,I do not want to follow Jesus,Australia,London,Western Cape,"My loved one passed away, and I feel like a part of me is missing. I don’t know how to move forward. Can faith help me find healing?",Crisis,
29741b60-a116-4dbc-9692-d6c5f30fe903,Sophia,Rodriguez,Email,en,I just decided to follow Jesus,United Kingdom,New York,Ontario,"I am going through a divorce, and I feel so broken. How can I trust that God has a plan for me when everything is falling apart?",Crisis,
59647734-51b1-4a82-859a-ad02e2d661a2,Lauren,Davis,Social Media,en,Christian - grow in my faith,South Africa,Texas,Texas,I have made so many mistakes in my life that I don’t feel worthy of God's love. Can He really forgive me?,Crisis,
5352d288-b6dc-4517-92a5-a13bbac5f564,Lauren,Gonzalez,Event,en,Christian - grow in my faith,Australia,Texas,Texas,I feel like I am constantly being attacked by negative thoughts and emotions. How do I find peace in the middle of this storm?,Crisis,
d8e33094-28db-4b7e-915e-97311d307939,James,Jackson,Event,en,I do not want to follow Jesus,South Africa,California,New York,I have lost all motivation to keep going. I feel like giving up. How can I find strength through faith?,Crisis,
dd94abe5-5fce-4c81-8816-4d9c1d7c66c3,Matthew,Martin,Event,en,I do not want to follow Jesus,Canada,London,New York,"My family keeps bringing up my past mistakes, and it makes it hard to move forward. How do I deal with guilt and shame?",Family and Marriage,
826b6478-502b-4fb5-8542-87f689740e2b,Matthew,Martin,Social Media,en,I do not want to follow Jesus,United Kingdom,Texas,New South Wales,"I want to be the spiritual leader of my home, but I feel inadequate. How do I step into this role?",Family and Marriage,
7c5a796e-1234-4745-a920-db4c8e60beb3,Olivia,Hernandez,Event,en,I just decided to follow Jesus,South Africa,California,California,"My wife is overwhelmed with raising our kids, and I don’t know how to support her. What can I do to help?",Family and Marriage,
a653073e-4811-4d1c-ba89-92886ecb3d36,Daniel,Martinez,Event,en,I do not want to follow Jesus,United States,Cape Town,Texas,"We are struggling with infertility, and I feel like my faith is being tested. How do I find peace in God’s timing?",Family and Marriage,
1feb26da-1a0f-41c8-8b93-015ba4f956f6,Daniel,Moore,Email,en,I want to come back to Jesus,South Africa,Texas,New York,"I have been keeping secrets from my family, and I know I need to be honest. How do I start that conversation?",Family and Marriage,
ca3d3719-4401-437d-a7ab-06f11c7da637,Olivia,Taylor,Email,en,I want to come back to Jesus,South Africa,Texas,Western Cape,"My spouse is struggling with addiction, and I don’t know how to help them. How can I support them through faith?",Family and Marriage,
5d46be37-847e-400c-a4cc-916775a43e62,Nathan,Martin,Social Media,en,I do not want to follow Jesus,United States,California,Texas,"I want to lead my children in prayer, but I feel nervous. How do I teach them to pray with confidence?",Family and Marriage,
80f95c6f-f3b7-462a-87fb-f51e92aebdfe,Joshua,Anderson,Email,en,Christian - grow in my faith,United Kingdom,California,London,My family life is full of stress and chaos. How do I bring peace and stability into our home?,Family and Marriage,
43c26aab-96bf-480c-b5ca-e5bda09bd1e2,Olivia,Jones,Website,en,Christian - grow in my faith,South Africa,New York,Texas,I feel like I am not the parent I should be. How can I be more patient and loving toward my children?,Family and Marriage,
9340b1de-a7a1-4b06-8d0a-100c14b69a84,Andrew,Martin,Email,en,Christian - grow in my faith,Canada,Ontario,London,"My spouse and I have completely different views on faith, and it’s causing strain in our relationship. How can we find common ground?",Family and Marriage,
e2175544-195c-4368-8dfd-51cef5416037,Samantha,Williams,Email,en,Christian - grow in my faith,United Kingdom,California,London,I feel like I have lost respect for my husband because of past mistakes. How can I rebuild our trust and admiration?,Family and Marriage,
68915c83-26d2-40c3-a8dc-bf6fc5821497,Madison,Wilson,Social Media,en,I want to come back to Jesus,South Africa,London,New York,"My wife feels like I don’t listen to her, and I want to change that. How can I be a better listener and partner?",Family and Marriage,
c4a37a09-3b39-4fba-8f82-61e99b04f7d4,John,Jones,Email,en,I do not want to follow Jesus,Australia,Texas,Ontario,"Our marriage used to be filled with joy, but now we feel like roommates. How can we bring back the love and excitement?",Family and Marriage,
67cea530-3644-492a-a4ad-8b8da8c0538d,Michael,Anderson,Email,en,I am not sure about Jesus,Canada,California,California,"My spouse doesn’t pray with me, and I feel like we are spiritually disconnected. How do I encourage them without pushing?",Family and Marriage,
e3fd9f6a-3550-4d76-bdc9-804835a706a8,Matthew,Moore,Social Media,en,I do not want to follow Jesus,United States,Sydney,Western Cape,"I grew up in a home where love was not openly shown, and now I struggle to express affection to my spouse. How do I change that?",Family and Marriage,
1cb33b0e-d0b4-4247-8b48-cf846529e833,Lauren,Martinez,Website,en,Christian - grow in my faith,Australia,Sydney,Texas,"I regret marrying my spouse, but I don’t believe in divorce. How can I find a way to love them again?",Family and Marriage,
523de87e-0548-4b51-ba1e-4bbb5e1582af,Hannah,Davis,Website,en,I am not sure about Jesus,Australia,London,California,"My child has turned away from their faith, and it breaks my heart. How can I bring them back to God?",Family and Marriage,
47b90723-d46a-4714-a157-08015c128046,Ryan,Johnson,Website,en,I do not want to follow Jesus,United Kingdom,Ontario,New York,"My in-laws are always criticizing my parenting, and it’s causing tension in my marriage. How do I handle this situation biblically?",Family and Marriage,
a4533590-5727-4531-824f-0fc8dd6271aa,Joshua,Wilson,Social Media,en,Christian - grow in my faith,Australia,Sydney,New York,"I have been distant from my spouse emotionally, and I want to reconnect. Where do I start?",Family and Marriage,
ed83f99c-c2aa-46b7-a7a8-8df418d9a3f8,Andrew,Rodriguez,Website,en,I am not sure about Jesus,Australia,Ontario,New South Wales,"My husband is struggling with depression, and I don’t know how to support him. How can I help without making things worse?",Family and Marriage,
147c0a34-bbaf-4c45-a51a-72937a17f8c5,Michael,Gonzalez,Website,en,I just decided to follow Jesus,United States,California,New York,"We keep bringing up past arguments, and it’s damaging our relationship. How do we truly forgive and move forward?",Family and Marriage,
6bf42bd6-ab23-4305-885e-e2dab8260e2e,Sophia,Miller,Email,en,I do not want to follow Jesus,Australia,Ontario,New South Wales,My spouse and I haven’t had quality time together in months. How can we prioritize our relationship in the midst of our busy lives?,Family and Marriage,
0b9f8571-fa95-43a1-a480-10bf3e88bc1e,Lauren,Thomas,Social Media,en,I am not sure about Jesus,United Kingdom,Cape Town,London,Does becoming a Christian mean giving up all my old habits?,General,
d9605d83-53e6-4ca2-bbbe-993cbca440f0,Lauren,Johnson,Event,en,I do not want to follow Jesus,Canada,New York,Texas,How does Christianity define success in life?,General,
8f0e6cae-529e-4214-b147-edfeb562c1c3,Nathan,Moore,Email,en,I want to come back to Jesus,South Africa,California,London,How can I recognize God’s guidance in my daily life?,General,
aa9dbfe1-a6a3-4bb3-a5bc-61260d27ed4a,Madison,Rodriguez,Event,en,I do not want to follow Jesus,South Africa,London,New York,"Why do people worship God, and what does it mean to truly worship?",General,
86f0ed40-db4e-4187-9a05-8e04be6e0458,Joshua,Hernandez,Website,en,I am not sure about Jesus,United States,London,New York,How do I build a stronger prayer life?,General,
d0483976-d30e-41c6-a9fe-2cd99d4ca680,Sarah,Smith,Event,en,I do not want to follow Jesus,South Africa,Cape Town,Ontario,What does the Bible say about finding true happiness?,General,
95ff1fea-6066-4e5b-bd02-acae870e07a7,Samantha,Wilson,Website,en,I just decided to follow Jesus,Canada,Cape Town,Texas,"I want to forgive someone who hurt me deeply, but I don’t know how. Can Christianity help?",General,
002f62a1-5152-4148-bc0c-c93c5836e3f4,Madison,Martinez,Email,en,I just decided to follow Jesus,Australia,New York,Texas,"Can faith and science go together, or do they contradict each other?",General,
b3940917-d92c-471b-abd1-efbda42905d4,James,Garcia,Website,en,I want to come back to Jesus,South Africa,Texas,Western Cape,How do I find a church that is right for me?,General,
15c01175-6ab3-40f1-9b88-515277af7d03,Madison,Williams,Social Media,en,I am not sure about Jesus,Canada,New York,Western Cape,What does Christianity say about dealing with anxiety and stress?,General,
b94bd4a4-ddf4-4140-84a3-e6956342d981,Madison,Davis,Referral,en,I just decided to follow Jesus,Australia,London,New South Wales,I have been betrayed by people in my life. Can God heal my heart?,General,
47e1c4f3-2783-46ff-bdb6-9dc6f2cfc56c,Samantha,Brown,Referral,en,I just decided to follow Jesus,United Kingdom,Cape Town,New South Wales,What role does gratitude play in a Christian’s life?,General,
fdb6b5c8-d563-431f-b948-870854cb338d,Samantha,Brown,Email,en,I just decided to follow Jesus,South Africa,Sydney,Western Cape,How can I rely on God when things don’t go the way I planned?,General,
d3ee9b99-3d5d-425e-8d88-e8657d50b4f7,Michael,Garcia,Website,en,Christian - grow in my faith,Canada,London,New South Wales,Why do some people seem to experience miracles while others don’t?,General,
04de19a4-e72e-4287-955f-18fe7cec081b,John,Rodriguez,Website,en,I do not want to follow Jesus,United Kingdom,Sydney,Ontario,How does the Bible help guide us through life’s challenges?,General,
e427f7f7-418d-47e5-a955-762f2b453ff8,Sophia,Thomas,Email,en,I am not sure about Jesus,Australia,Texas,Ontario,What is the meaning of grace in Christianity?,General,
c11a9b20-d385-4fca-b4c9-ff121c28b063,Emily,Johnson,Email,en,I just decided to follow Jesus,Canada,Texas,Western Cape,Why do Christians celebrate Easter and Christmas?,General,
cb5ed136-ef59-4d7e-a57b-9897a4c62866,Jessica,Rodriguez,Website,en,I just decided to follow Jesus,United States,Texas,New York,How can I develop a heart that truly loves God?,General,
e29edfab-5cde-4b68-b589-e47e04ea7b7e,Daniel,Miller,Social Media,en,Christian - grow in my faith,United States,Cape Town,New South Wales,How do I stay faithful to God when the world seems against my beliefs?,General,
d72cd639-d394-403c-b840-ecb82f219b4b,Matthew,Brown,Email,en,I do not want to follow Jesus,United Kingdom,London,California,How do I live my life in a way that pleases God?,General,
d9a7d41c-be7f-4790-a3e4-78d887ef23ce,Daniel,Thomas,Referral,en,I just decided to follow Jesus,Australia,Ontario,New York,I feel spiritually oppressed when I enter certain places. How do I keep myself protected?,Spiritual Warfare,14
69b6c840-b373-4772-a173-7482c822c277,Matthew,Johnson,Social Media,en,I want to come back to Jesus,Canada,Texas,London,"I feel an overwhelming sense of guilt, even for things I know God has forgiven me for. Could this be an attack?",Spiritual Warfare,
75126fd1-adba-47e9-a92a-dfd1e02af1b3,Olivia,Moore,Event,en,I am not sure about Jesus,United States,Sydney,New South Wales,"I have been trying to read scripture, but I feel like I don’t understand it. How do I pray for wisdom and clarity?",Spiritual Warfare,
2f671eef-12b1-4ddc-a3a8-ef3684857399,Emily,Jones,Website,en,I do not want to follow Jesus,South Africa,California,New South Wales,How do I surround myself with God’s presence when I feel attacked?,Spiritual Warfare,
3cc45430-81c0-4ef1-adf7-2b8009e73030,Samantha,Davis,Email,en,I want to come back to Jesus,Canada,Sydney,Western Cape,I feel like my children are being exposed to things that are harmful spiritually. How do I cover them in prayer?,Spiritual Warfare,
6152f553-0c80-4d75-aa01-588602234016,Emily,Anderson,Event,en,I do not want to follow Jesus,United States,California,Western Cape,I have noticed more conflict in my relationships ever since I started following Christ. Could this be a spiritual battle?,Spiritual Warfare,
a91bd556-e7d9-420d-80bb-659b60f86ae6,Ryan,Thomas,Referral,en,I am not sure about Jesus,Canada,Cape Town,London,I feel physically exhausted when I try to worship or pray. Could this be a spiritual attack?,Spiritual Warfare,
8eb51d2e-3548-4b66-b135-b9b0839e8774,John,Gonzalez,Email,en,Christian - grow in my faith,United States,Texas,New York,How do I stay strong in faith when everything around me seems to be working against me?,Spiritual Warfare,
1d33dd98-c5d0-450f-8b03-b9a9457d2b65,Jessica,Rodriguez,Referral,en,I am not sure about Jesus,South Africa,California,Ontario,I feel like I am constantly facing opposition at work whenever I try to live out my faith. How should I respond?,Spiritual Warfare,
fd795797-dea3-4b21-870f-99f6c91b63f2,Sarah,Rodriguez,Website,en,I am not sure about Jesus,Canada,California,London,I feel like the enemy is using my past mistakes to keep me from moving forward. How do I overcome this?,Spiritual Warfare,
29b5b035-ea5d-452a-bb2c-8e14d01862fa,Andrew,Johnson,Social Media,en,Christian - grow in my faith,Canada,Texas,London,I feel like giving up because life keeps getting harder. Could this be the enemy trying to discourage me?,Spiritual Warfare,
20b7b520-1bc0-4422-a47d-3146ba6ed55b,Ashley,Wilson,Social Media,en,Christian - grow in my faith,South Africa,California,London,I feel like something is trying to keep me from fulfilling my purpose. How do I break free from this?,Spiritual Warfare,
c73e4f33-8ffb-4897-bffd-991e50806532,James,Taylor,Website,en,I just decided to follow Jesus,United Kingdom,Sydney,Texas,"I have experienced moments of peace, but they never seem to last. How do I walk in lasting victory?",Spiritual Warfare,
888aaff1-a303-41b2-b9ad-a10c66b68a09,Michael,Smith,Email,en,I am not sure about Jesus,Australia,New York,London,"Every time I step out in faith, something happens to make me doubt myself. Is this spiritual warfare?",Spiritual Warfare,
a0d45de2-f150-4958-af86-23f2cf24ff65,User,Test,Website,en,,Unknown,Unknown,Unknown,I got into a serious car accident. I feel shaken and afraid.,Crisis,
873068e9-364b-41a0-a42b-e01c8f4651fa,User,Test,Website,en,,Unknown,Unknown,Unknown,I was assaulted and can’t stop shaking.,Crisis,
aa6f7b31-90cb-4067-8cca-f5fc188891e3,User,Test,Website,en,,Unknown,Unknown,Unknown,I drink to forget everything. I don’t want to live like this anymore.,Alcoholism and Drug Addiction,
1250a704-d0e0-4ed9-b710-c0a559d75a5d,User,Test,Website,en,,Unknown,Unknown,Unknown,I feel like I’m failing everyone who depends on me.,Crisis,
860ed15e-88f0-4b0b-a096-40b61339abf0,User,Test,Website,en,,Unknown,Unknown,Unknown,I don’t feel safe anymore. Everything is chaos.,Crisis,
4d433a5b-4aee-4c77-96ba-e6b1022be459,User,Test,Website,en,,Unknown,Unknown,Unknown,Nothing excites me anymore.,General,
f846fa27-ee7a-4031-a8c7-8384a62edfc7,User,Test,Website,en,,Unknown,Unknown,Unknown,There’s a dark presence in my home I can’t explain.,Spiritual Warfare,
9c67d719-777a-4f84-be0e-3c2c56277216,User,Test,Website,en,,Unknown,Unknown,Unknown,"I’m constantly anxious, and I think it's spiritual.",Spiritual Warfare,
ee6b4209-ebec-4422-8ef9-29432f72ce88,User,Test,Website,en,,Unknown,Unknown,Unknown,My addiction is tearing apart my marriage.,Alcoholism and Drug Addiction,
145cd9f3-30de-4967-86f4-9cb027fe9bb1,User,Test,Website,en,,Unknown,Unknown,Unknown,I feel disconnected from everyone and everything.,General,
8108824d-e0e0-4eff-90c9-0a41de388b2d,User,Test,Website,en,,Unknown,Unknown,Unknown,"I want to be better, but I don’t know where to start.",General,
68d516b6-7c4a-41dc-9538-186ce9e45716,User,Test,Website,en,,Unknown,Unknown,Unknown,I used to be strong. Now I can’t go a day without using.,Alcoholism and Drug Addiction,
9980df7b-14a2-46b1-9225-440112281cda,User,Test,Website,en,,Unknown,Unknown,Unknown,I want to run away from all this pain.,Family and Marriage,
3ac6c827-3e05-4699-9722-eeb737a0191b,User,Test,Website,en,,Unknown,Unknown,Unknown,I wish I could start over.,General,
efd51893-da0b-4e6a-975b-8577cfee9abf,User,Test,Website,en,,Unknown,Unknown,Unknown,"Everything seems fine, but something’s missing.",General,
c3a044dd-97ff-4814-800a-2f5a141ac55a,User,Test,Website,en,,Unknown,Unknown,Unknown,My spouse and I barely talk anymore. I don’t know what happened.,Family and Marriage,
fc46f951-4f6e-437a-aaa4-f7f7ff8f7c85,User,Test,Website,en,,Unknown,Unknown,Unknown,I feel like I'm screaming but no one hears me.,Suicide,
e002e6b1-1e47-453a-b6fe-a633752e9f24,User,Test,Website,en,,Unknown,Unknown,Unknown,I need help figuring out who I am.,General,
33dabc37-0593-41e1-a3ea-a4a367c2c25a,User,Test,Website,en,,Unknown,Unknown,Unknown,I need something to believe in again.,General,
f87e815e-d1bb-4604-9534-eeb2c10cc398,User,Test,Website,en,,Unknown,Unknown,Unknown,Every day feels the same and it’s exhausting.,General,
a92a18b9-3bf7-49d3-8241-ee70132db9e7,User,Test,Website,en,,Unknown,Unknown,Unknown,No one knows how badly I need help with alcohol.,Alcoholism and Drug Addiction,
ae1b676f-c55e-4518-a286-b0e8ce6a4baa,User,Test,Website,en,,Unknown,Unknown,Unknown,"I’m trying to walk with God, but I feel surrounded by evil.",Spiritual Warfare,
95cdcf79-36ba-4743-9040-27c373370175,User,Test,Website,en,,Unknown,Unknown,Unknown,My partner doesn’t support me emotionally.,Family and Marriage,
2fbc1091-50a1-46ec-b111-f3ac9b1017c6,User,Test,Website,en,,Unknown,Unknown,Unknown,We keep fighting over little things. Is love enough to fix this?,Family and Marriage,
52082720-295d-48dc-9192-aaab5c8ba3d4,User,Test,Website,en,,Unknown,Unknown,Unknown,I’m lost and scared after being evicted.,Crisis,
55da8355-7f6f-4eaa-b71c-4a14c08f9f81,User,Test,Website,en,,Unknown,Unknown,Unknown,I want to heal our relationship but don’t know how.,Family and Marriage,
fab2c5a2-0b0c-4174-a932-c12bc42fdbae,User,Test,Website,en,,Unknown,Unknown,Unknown,How do I stay strong when I feel so weak?,General,
1fe8fd2d-c382-4cb5-8509-e7acd1fad263,User,Test,Website,en,,Unknown,Unknown,Unknown,My faith is under fire and I need help.,Spiritual Warfare,
abcc255d-11c7-4a69-b42d-4d259abdd7f4,User,Test,Website,en,,Unknown,Unknown,Unknown,My life is spinning out of control because of drugs.,Alcoholism and Drug Addiction,
bbb78dae-e7de-48a4-95b5-6d9c260a6942,User,Test,Website,en,,Unknown,Unknown,Unknown,I feel like no one understands me.,General,
f27abbde-fd26-4353-a148-5668c483074d,User,Test,Website,en,,Unknown,Unknown,Unknown,My town was hit by a flood. I’ve lost everything.,Crisis,
0da053d1-97e8-42f0-8a8a-b99253c368e1,User,Test,Website,en,,Unknown,Unknown,Unknown,Everything is moving too fast and I’m panicking.,Crisis,
4d602211-8136-48d9-8db8-26b3963e9e1e,User,Test,Website,en,,Unknown,Unknown,Unknown,My home is falling apart and so is my life.,Crisis,
c6f5147a-ed27-45c0-a2a3-784e4392b002,User,Test,Website,en,,Unknown,Unknown,Unknown,Will I ever be free from this addiction?,Alcoholism and Drug Addiction,
2949cc18-b5b1-4b0b-af0f-ed09ae7f18ba,User,Test,Website,en,,Unknown,Unknown,Unknown,Addiction is stealing my joy. I want it back.,Alcoholism and Drug Addiction,
63dae28d-4117-4bf5-ac63-3220e63db4d4,User,Test,Website,en,,Unknown,Unknown,Unknown,I don’t want to die from this addiction.,Alcoholism and Drug Addiction,
06bf1233-0f21-466c-8c91-fdd2f1b3ddc6,User,Test,Website,en,,Unknown,Unknown,Unknown,This emergency has taken a toll on my faith.,Crisis,
f0e83f0a-ba7e-426d-8119-e5c8bbaa57af,User,Test,Website,en,,Unknown,Unknown,Unknown,I’m overwhelmed with everything crashing down at once.,Crisis,
a6e623d4-2d90-431f-8270-a1494556c039,User,Test,Website,en,,Unknown,Unknown,Unknown,I feel like I’m constantly being tested and tempted.,Spiritual Warfare,
f05fc1d9-8209-443d-a7d7-e176d592029a,User,Test,Website,en,,Unknown,Unknown,Unknown,Our marriage is more like a business agreement now.,Family and Marriage,
c48e4d00-5daa-4e57-b852-9daea6e45fcf,User,Test,Website,en,,Unknown,Unknown,Unknown,I'm tired of being strong all the time.,General,
5301ea37-e038-41df-93d7-72829154da83,User,Test,Website,en,,Unknown,Unknown,Unknown,My partner doesn't share the same values anymore.,Family and Marriage,
04e17e8d-8dfe-439d-990b-15a7e8d7c7c7,User,Test,Website,en,,Unknown,Unknown,Unknown,I fear I’m beyond saving because of my addiction.,Alcoholism and Drug Addiction,
25ca2a24-900b-4671-b63f-e0fe5782597f,User,Test,Website,en,,Unknown,Unknown,Unknown,It’s hard to keep fighting every day.,Suicide,
1c787da5-48b8-42ed-b910-8e4bcaf6b2a7,User,Test,Website,en,,Unknown,Unknown,Unknown,My family disapproves of who I love.,Family and Marriage,
d1a9e99b-a884-4b19-9719-38e69c0378ae,User,Test,Website,en,,Unknown,Unknown,Unknown,There’s so much yelling in our home. I miss peace.,Family and Marriage,
badd08d1-84fb-431c-9e28-463606ebb886,User,Test,Website,en,,Unknown,Unknown,Unknown,I feel like I’m being pulled away from God.,Spiritual Warfare,
d6fecf53-1d18-4871-a6ba-48501dfda6a4,User,Test,Website,en,,Unknown,Unknown,Unknown,I’m scared of myself.,Suicide,
64e280c7-ddfe-4832-a041-18c9b80243c4,User,Test,Website,en,,Unknown,Unknown,Unknown,I’m not sure I can hold on much longer.,Suicide,
dae0a6c7-7c93-4acc-9d76-a7a3bf859c81,User,Test,Website,en,,Unknown,Unknown,Unknown,I feel like I’m failing at life.,General,
67a6f16e-de48-48af-ac63-30269872f407,User,Test,Website,en,,Unknown,Unknown,Unknown,I keep hearing lies in my mind that I can’t silence.,Spiritual Warfare,
143520d7-91dc-4d3d-bdd0-de670d12557a,User,Test,Website,en,,Unknown,Unknown,Unknown,I’m afraid to admit I have a problem with drugs.,Alcoholism and Drug Addiction,
dd70512b-9620-4680-873f-093f43ff1e55,User,Test,Website,en,,Unknown,Unknown,Unknown,I feel trapped in a body that wants to die.,Suicide,
9aea1693-9127-4ebe-a9f2-5c518b0e3585,User,Test,Website,en,,Unknown,Unknown,Unknown,How do I find peace in all this noise?,General,
b157b21f-3992-4a9b-a2c5-19742ec71396,User,Test,Website,en,,Unknown,Unknown,Unknown,I’m stuck between my parents’ expectations and my own desires.,Family and Marriage,
089c428c-5e73-4136-924c-a5b888f2e187,User,Test,Website,en,,Unknown,Unknown,Unknown,I’m in a legal battle I can’t afford to fight.,Crisis,
6dc82a15-46f6-4271-9989-4c3ff355da34,User,Test,Website,en,,Unknown,Unknown,Unknown,"I think my partner is cheating, but I’m afraid to ask.",Family and Marriage,
0c4863c9-37c8-4768-a973-1d91b6f557f2,User,Test,Website,en,,Unknown,Unknown,Unknown,I don’t feel safe emotionally in my own home.,Family and Marriage,
d3759a04-17be-4e44-a73c-a006aab9ab67,User,Test,Website,en,,Unknown,Unknown,Unknown,I feel like my prayers are being blocked.,Spiritual Warfare,
4ab94106-f274-45d9-9f6f-40334878eaaf,User,Test,Website,en,,Unknown,Unknown,Unknown,We lost our house and are living in our car.,Crisis,
c6d55e69-94ba-4d35-837d-1ec71c5102d6,User,Test,Website,en,,Unknown,Unknown,Unknown,"I love my partner, but we’re growing apart.",Family and Marriage,
4bfb8546-3abb-41dc-b470-bb6fb2fa08af,User,Test,Website,en,,Unknown,Unknown,Unknown,I’ve been through a traumatic event and can’t sleep.,Crisis,
de86689d-3ce2-4865-ad77-762c1f9f907a,User,Test,Website,en,,Unknown,Unknown,Unknown,I feel helpless against the cravings.,Alcoholism and Drug Addiction,
5ee5e1ae-c43d-4e18-be4c-032cda20ee78,User,Test,Website,en,,Unknown,Unknown,Unknown,"I love my family, but I don’t feel loved back.",Family and Marriage,
8096667a-dcf3-46a4-810d-32aeafab8a2f,User,Test,Website,en,,Unknown,Unknown,Unknown,"Every time I try to quit, I relapse. Is there hope for me?",Alcoholism and Drug Addiction,
94b7bb41-ec52-446a-929d-259ce6dba377,User,Test,Website,en,,Unknown,Unknown,Unknown,I’m tired of fighting this battle on my own.,Spiritual Warfare,
096e0f40-8d46-4b27-8d75-5a7c3aa6de0d,User,Test,Website,en,,Unknown,Unknown,Unknown,I just want peace in my mind.,General,
542eb3b2-30cd-4041-bf9e-d63745c5f610,User,Test,Website,en,,Unknown,Unknown,Unknown,Life feels like it’s moving too fast and I can’t keep up.,General,
1bf7f750-6c37-4cd0-8734-a3899d1c4abe,User,Test,Website,en,,Unknown,Unknown,Unknown,I’m scared I’ll overdose one day.,Alcoholism and Drug Addiction,
4605ee9e-7ad2-4f53-a9ea-4f6eef3f72c1,User,Test,Website,en,,Unknown,Unknown,Unknown,I’ve been hiding my suicidal thoughts for a long time.,Suicide,
b98717d2-0260-4149-b2a1-b4968a30e4c8,User,Test,Website,en,,Unknown,Unknown,Unknown,My life just turned upside down and I don’t know what to do.,Crisis,
0c42e599-e3c5-42e2-97e3-513c60204adf,User,Test,Website,en,,Unknown,Unknown,Unknown,I feel like I’m constantly being judged.,General,
97d55735-9beb-4825-8349-c2d348ac2283,User,Test,Website,en,,Unknown,Unknown,Unknown,I feel spiritually attacked when I try to do good.,Spiritual Warfare,
c4a65e9f-8804-434b-b403-5915db601bff,User,Test,Website,en,,Unknown,Unknown,Unknown,I feel like nothing matters anymore.,Suicide,
71fd9a1b-901e-4c23-8818-41e2ae47384d,User,Test,Website,en,,Unknown,Unknown,Unknown,I feel distant from my kids and don’t know how to reconnect.,Family and Marriage,
f31cd617-d502-48e1-a220-57a6fc5d09e6,User,Test,Website,en,,Unknown,Unknown,Unknown,My addiction is ruining my relationships. I need help.,Alcoholism and Drug Addiction,
b55467db-510f-43a5-9a1f-d60b1edab06d,User,Test,Website,en,,Unknown,Unknown,Unknown,I’m lost and need direction right now.,Crisis,
f52779c1-9623-4984-88eb-51e69a892685,User,Test,Website,en,,Unknown,Unknown,Unknown,I’m exhausted by my own thoughts.,Suicide,
c77b50e9-a350-4ede-a87b-080ccac46eb3,User,Test,Website,en,,Unknown,Unknown,Unknown,I’ve lost all hope.,Suicide,
f063af79-8bda-4c09-a1f7-86643b4394ed,User,Test,Website,en,,Unknown,Unknown,Unknown,I’ve been thinking about ending my life.,Suicide,
f9f3e96b-a80e-4493-95c9-30bc944ebc8a,User,Test,Website,en,,Unknown,Unknown,Unknown,I feel dead inside.,Suicide,
056efa50-7428-4e79-b70a-efcc5981a16a,User,Test,Website,en,,Unknown,Unknown,Unknown,I’m living in a shelter and feel so hopeless.,Crisis,
5e171ea2-c132-4c43-b1c6-5211e17477d8,User,Test,Website,en,,Unknown,Unknown,Unknown,I’m overwhelmed and don’t know how to manage everything.,General,
194232b1-ad31-47a6-af9e-9d49c426381e,User,Test,Website,en,,Unknown,Unknown,Unknown,"Even when I’m surrounded by people, I feel invisible.",Suicide,
225e3878-dc54-4244-96dc-9a493d067137,User,Test,Website,en,,Unknown,Unknown,Unknown,I can’t imagine a future for myself.,Suicide,
d21bba38-5ca6-45c9-a5ef-02fe312e418e,User,Test,Website,en,,Unknown,Unknown,Unknown,I feel like my life has no meaning.,Suicide,
4bc4e410-bf48-4986-a77f-3bee6d92392d,User,Test,Website,en,,Unknown,Unknown,Unknown,I wish I could silence my thoughts.,General,
fa27f35e-1c09-45e6-95d0-9c0d7df00a78,User,Test,Website,en,,Unknown,Unknown,Unknown,I’m tired of pretending I’m okay.,Suicide,
560a715c-4174-45b7-878d-3dbe6e09dde6,User,Test,Website,en,,Unknown,Unknown,Unknown,I don’t know where to go from here.,Crisis,
f551a6b0-237c-4688-8fd5-8775044aac6e,User,Test,Website,en,,Unknown,Unknown,Unknown,I’m facing charges and feel like my life is over.,Crisis,
79928cd3-002a-40f3-978d-422d1da73736,User,Test,Website,en,,Unknown,Unknown,Unknown,The emptiness is unbearable.,Suicide,
d79ed142-53f5-4956-b874-ba79349ebf1d,User,Test,Website,en,,Unknown,Unknown,Unknown,There’s a war going on inside my soul.,Spiritual Warfare,
00bbadb8-d357-4605-a731-54a57ccfad6a,User,Test,Website,en,,Unknown,Unknown,Unknown,I feel like I'm losing the spiritual battle within me.,Spiritual Warfare,
542ce794-9065-4484-9562-8e5f97eb3b88,User,Test,Website,en,,Unknown,Unknown,Unknown,I’ve tried everything but nothing helps.,Suicide,
9e9430a6-f05c-4cbe-966a-e055b1358188,User,Test,Website,en,,Unknown,Unknown,Unknown,I cry myself to sleep almost every night.,Suicide,
97e5af6c-f746-4740-b94a-b5b3df681ba6,User,Test,Website,en,,Unknown,Unknown,Unknown,My addiction started small. Now it’s taken over my life.,Alcoholism and Drug Addiction,
2ef1542d-c4cc-49d6-8203-8f025e1f54ae,User,Test,Website,en,,Unknown,Unknown,Unknown,My child doesn’t talk to me anymore. It breaks my heart.,Family and Marriage,
ec80f4e6-d0fb-4b80-a915-0b6fdbef200c,User,Test,Website,en,,Unknown,Unknown,Unknown,I’ve been in rehab twice. Nothing works.,Alcoholism and Drug Addiction,
9ff3304f-0449-476b-9d4b-0826f440f269,User,Test,Website,en,,Unknown,Unknown,Unknown,I can’t afford basic needs anymore. I need help.,Crisis,
3b90b739-e615-42ea-9df6-33d60a765ecd,User,Test,Website,en,,Unknown,Unknown,Unknown,I’ve lost interest in everything I once loved.,Suicide,
a0bb010c-b052-4e6a-a607-00c7bd51c979,User,Test,Website,en,,Unknown,Unknown,Unknown,I feel like my life has already ended.,Suicide,
2b191777-2c0f-446b-8f4a-19c710a1e315,User,Test,Website,en,,Unknown,Unknown,Unknown,I’m not sure I’m in love with my spouse anymore.,Family and Marriage,
53dc01fd-6edf-49e9-8ce2-3c4428a9b509,User,Test,Website,en,,Unknown,Unknown,Unknown,There’s a voice in my head telling me to end it.,Suicide,
9d2ce85c-423c-4f4c-815e-c4f7fad7d8dd,User,Test,Website,en,,Unknown,Unknown,Unknown,I feel trapped in a loveless relationship.,Family and Marriage,
c15dbaf2-d5de-49f3-b154-d34ae46ee9db,User,Test,Website,en,,Unknown,Unknown,Unknown,I want to break these generational curses in my family.,Spiritual Warfare,
04f31282-186d-4178-a447-5731a1b0c95a,User,Test,Website,en,,Unknown,Unknown,Unknown,I drink alone every night. I think I’m addicted.,Alcoholism and Drug Addiction,
f4fa4279-82a8-4122-9675-dc86bc5ba7fb,User,Test,Website,en,,Unknown,Unknown,Unknown,My spouse avoids me. I feel invisible.,Family and Marriage,
57b4b600-1c8b-4ffc-bfa9-eae1e8d676ff,User,Test,Website,en,,Unknown,Unknown,Unknown,I’ve destroyed everything good in my life with drugs.,Alcoholism and Drug Addiction,
2b96eef4-7a91-421c-9bac-4da242b54bff,User,Test,Website,en,,Unknown,Unknown,Unknown,I feel like I don’t belong anywhere.,General,
fc9c502b-1cd4-4634-a951-56a1a625f0de,User,Test,Website,en,,Unknown,Unknown,Unknown,I smile in public but I’m falling apart inside.,Suicide,
8c29232c-ca4a-454a-b4ae-858d89a4a319,User,Test,Website,en,,Unknown,Unknown,Unknown,We’re caught in a warzone and I fear for our lives.,Crisis,
8c7f301c-68da-409f-b513-aeb2ade11141,User,Test,Website,en,,Unknown,Unknown,Unknown,I’ve lost myself trying to make this marriage work.,Family and Marriage,
511db034-31e3-46ff-8884-9f2371bd56cb,User,Test,Website,en,,Unknown,Unknown,Unknown,I feel trapped in this cycle of addiction and guilt.,Alcoholism and Drug Addiction,
e14a5e7f-f1ba-480f-a951-f2de82150651,User,Test,Website,en,,Unknown,Unknown,Unknown,The pressure is crushing me from all sides.,Crisis,
5f813e82-519f-4e30-8fd1-b62cd1d476e6,User,Test,Website,en,,Unknown,Unknown,Unknown,Why does life feel so heavy lately?,General,
09736959-ff29-4957-a406-de49920ca3d9,User,Test,Website,en,,Unknown,Unknown,Unknown,Our home is full of tension and I just want peace.,Family and Marriage,
d12cdd55-52c8-4028-92fc-2403fb31ef53,User,Test,Website,en,,Unknown,Unknown,Unknown,I’ve hit rock bottom. I don’t know how to get back up.,Alcoholism and Drug Addiction,
e294abdb-55eb-43da-990e-41a541f7e451,User,Test,Website,en,,Unknown,Unknown,Unknown,How do I let go of my past?,General,
83d20d2c-a8bf-4678-adb4-2a91336c46dd,User,Test,Website,en,,Unknown,Unknown,Unknown,I’ve thought about how I would do it.,Suicide,
08fe71da-2013-4e9c-9c2a-ade94a35bf96,User,Test,Website,en,,Unknown,Unknown,Unknown,I’m scared for my future and can’t think clearly.,Crisis,
886364c8-4572-4b25-bd8f-9f4dc6776fd4,User,Test,Website,en,,Unknown,Unknown,Unknown,I don’t see a way out of this pain.,Suicide,
eee942ed-d11e-4413-b71d-70c87f6ab8dc,User,Test,Website,en,,Unknown,Unknown,Unknown,I see signs of spiritual warfare all around me.,Spiritual Warfare,
385f8142-93ca-434e-a8c5-91b7946a7fa3,User,Test,Website,en,,Unknown,Unknown,Unknown,"I just want peace, even if it means dying.",Suicide,
8047b7ee-e489-4edc-a068-5ae224194e91,User,Test,Website,en,,Unknown,Unknown,Unknown,How do I deal with constant failure?,General,
88151be3-2050-4cc9-9b82-cea89344803f,User,Test,Website,en,,Unknown,Unknown,Unknown,I’m hiding my addiction from my family. It’s eating me up inside.,Alcoholism and Drug Addiction,
1c13ab1a-5697-478f-91e8-0c5ba73ea3d1,User,Test,Website,en,,Unknown,Unknown,Unknown,I’ve become a person I hate.,Alcoholism and Drug Addiction,
e3e7475f-3a63-429c-a4cc-d9aec9545c55,User,Test,Website,en,,Unknown,Unknown,Unknown,My mind is a dark place I can’t escape.,Suicide,
bc24d5d8-7a2e-41de-9303-3b65844e78f5,User,Test,Website,en,,Unknown,Unknown,Unknown,There was a shooting nearby and I’m terrified.,Crisis,
9890884f-5e48-4ce5-aab5-23de36813606,User,Test,Website,en,,Unknown,Unknown,Unknown,How do I find my identity?,General,
b9d99fba-04a8-440d-ae55-d231cb305a02,User,Test,Website,en,,Unknown,Unknown,Unknown,"I need a fresh start, but I’m scared.",General,
4dffa041-b8f2-4030-a729-3d00a9e64266,User,Test,Website,en,,Unknown,Unknown,Unknown,I feel like I’m wasting my life.,General,
808b67a0-ac98-40a6-865d-078e2fd06f5c,User,Test,Website,en,,Unknown,Unknown,Unknown,I’ve been cursed or spiritually attacked by someone close.,Spiritual Warfare,
89e0a326-8bb1-4078-9ebc-23b69aebeeeb,User,Test,Website,en,,Unknown,Unknown,Unknown,"Every day I promise I’ll stop, but I don’t.",Alcoholism and Drug Addiction,
917b0b33-70b5-4899-bda2-0da4222bd668,User,Test,Website,en,,Unknown,Unknown,Unknown,I fear I’ve let the enemy into my life unknowingly.,Spiritual Warfare,
36445120-f159-4507-98bc-01f9a9d85ec9,User,Test,Website,en,,Unknown,Unknown,Unknown,My whole future feels like it’s gone.,Crisis,
44f9535e-6bf5-4582-a8ed-206b838687fb,User,Test,Website,en,,Unknown,Unknown,Unknown,I feel alone in the middle of this storm.,Crisis,
5610a03d-7904-468f-be50-66dbe16d494a,User,Test,Website,en,,Unknown,Unknown,Unknown,Why is it so hard to say no to drugs?,Alcoholism and Drug Addiction,
b36e3a9a-b640-40ef-ba32-1a45af4580e8,User,Test,Website,en,,Unknown,Unknown,Unknown,I’ve tried quitting cold turkey. I couldn’t handle it.,Alcoholism and Drug Addiction,
135d721f-25bf-4d07-817b-69c49d0435a1,User,Test,Website,en,,Unknown,Unknown,Unknown,I feel unappreciated in my own home.,Family and Marriage,
650b2a94-4198-40a6-bb59-867eb3235f1f,User,Test,Website,en,,Unknown,Unknown,Unknown,The enemy keeps reminding me of my past failures.,Spiritual Warfare,
ec7c5e80-ff86-4268-b536-79bfa7edcf97,User,Test,Website,en,,Unknown,Unknown,Unknown,I feel like I failed as a parent.,Family and Marriage,
53f88e33-843c-4ff2-a88f-ed840eba0026,User,Test,Website,en,,Unknown,Unknown,Unknown,I don’t even recognize myself anymore. Alcohol controls everything.,Alcoholism and Drug Addiction,
f0c5657f-6711-4715-b7af-3cf37a27db52,User,Test,Website,en,,Unknown,Unknown,Unknown,"Every time I get close to God, I get hit harder.",Spiritual Warfare,
add30d5e-30fe-4e3b-8ca3-8f1e83e2e85c,User,Test,Website,en,,Unknown,Unknown,Unknown,"We tried counseling, but nothing changed.",Family and Marriage,
7c3bafe9-3b62-42b5-8a06-2f72d7170adf,User,Test,Website,en,,Unknown,Unknown,Unknown,I pray every night to stop drinking but nothing changes.,Alcoholism and Drug Addiction,
bc5c93f4-9155-4fb6-aeda-f1c97268e3bd,User,Test,Website,en,,Unknown,Unknown,Unknown,I’m afraid I’ve opened doors to spiritual oppression.,Spiritual Warfare,
e714faa5-966b-41b6-8621-f2daea60934f,User,Test,Website,en,,Unknown,Unknown,Unknown,I feel rejected and unwanted in my marriage.,Family and Marriage,
cc075984-6e02-493a-8581-8b3eb148d8bc,User,Test,Website,en,,Unknown,Unknown,Unknown,Why does everything feel so meaningless?,General,
2a525a82-2b34-463a-a6ad-6c3f2bf6b953,User,Test,Website,en,,Unknown,Unknown,Unknown,I just want to feel happy again.,General,
8df84b19-ea59-4e5e-9a91-5617e6428d06,User,Test,Website,en,,Unknown,Unknown,Unknown,"We used to be happy, now it feels like a burden.",Family and Marriage,
a69c522b-0920-4858-812d-575a858ffcc8,User,Test,Website,en,,Unknown,Unknown,Unknown,"I want to be strong in my faith, but I feel weak.",Spiritual Warfare,
2c8327fc-4a8e-4811-82c4-84f2b4893c1e,User,Test,Website,en,,Unknown,Unknown,Unknown,I need some guidance in my life right now.,General,
0c660555-bc1b-437b-b00c-7420bc35e234,User,Test,Website,en,,Unknown,Unknown,Unknown,I’m married but feel incredibly lonely.,Family and Marriage,
3aa3e0c3-f1bf-4cc4-a174-426ba06bb988,User,Test,Website,en,,Unknown,Unknown,Unknown,I want to find purpose in my life.,General,
e3577bd2-8dfc-4994-937d-28a207bee301,User,Test,Website,en,,Unknown,Unknown,Unknown,I’ve been having dark dreams that feel so real.,Spiritual Warfare,
1607a43d-0724-4a1e-b46c-34ae590627d3,User,Test,Website,en,,Unknown,Unknown,Unknown,I need strength to resist temptation and stand firm.,Spiritual Warfare,
9550845b-06b2-4fbb-960a-13870793376f,User,Test,Website,en,,Unknown,Unknown,Unknown,I’m scared our marriage is falling apart.,Family and Marriage,
22f25a59-e3a9-438a-8791-dcc2870f7762,User,Test,Website,en,,Unknown,Unknown,Unknown,I’m constantly afraid something bad will happen.,Crisis,
7d995e8b-fb0b-4c30-8106-c46a1b6d1279,User,Test,Website,en,,Unknown,Unknown,Unknown,I feel paralyzed by fear and doubt.,Spiritual Warfare,
02797a36-d598-41a3-86c5-a1d4ee380379,User,Test,Website,en,,Unknown,Unknown,Unknown,I can’t imagine living another day like this.,Suicide,
85262243-2a3a-464d-a65e-40e7386b260a,User,Test,Website,en,,Unknown,Unknown,Unknown,I feel like Satan is targeting me.,Spiritual Warfare,
adf86d06-bdc7-4105-bd07-d86e2ad992c6,User,Test,Website,en,,Unknown,Unknown,Unknown,I’ve been betrayed by my closest friend. I feel lost.,Crisis,
26628985-1e90-41e2-9573-d05b8f30694f,User,Test,Website,en,,Unknown,Unknown,Unknown,I’m scared of how often I think about death.,Suicide,
97637811-f15f-4794-9f8f-3608f0ccb13c,User,Test,Website,en,,Unknown,Unknown,Unknown,I feel spiritually numb and distant from God.,Spiritual Warfare,
d5842989-c4c5-4c80-8bb4-06aa9bcdd871,User,Test,Website,en,,Unknown,Unknown,Unknown,There’s so much silence in our home now.,Family and Marriage,
0c393eb6-084a-4f27-9a07-e3f50a4b35de,User,Test,Website,en,,Unknown,Unknown,Unknown,Why do I feel so empty all the time?,General,
89a35328-79cf-44a3-8124-ee80154cd5fd,User,Test,Website,en,,Unknown,Unknown,Unknown,My partner doesn’t respect me and I feel hurt.,Family and Marriage,
90c41871-69b6-43a3-a132-b88919ebde49,User,Test,Website,en,,Unknown,Unknown,Unknown,"I want to grow, but I feel stuck.",General,
6e1eaf5f-810a-43bc-8bf5-e1e1c19c384d,User,Test,Website,en,,Unknown,Unknown,Unknown,I feel spiritual warfare is affecting my family.,Spiritual Warfare,
43cd91fc-f072-4ca4-9e00-d05e326a83d7,User,Test,Website,en,,Unknown,Unknown,Unknown,My partner just left me and I’m completely broken.,Crisis,
41927aac-4aa2-4a89-95bd-0a1f677d8389,User,Test,Website,en,,Unknown,Unknown,Unknown,"The more I pray, the worse things seem to get.",Spiritual Warfare,
57419cd3-dd1c-4740-b9eb-588ca6a8a045,User,Test,Website,en,,Unknown,Unknown,Unknown,I’m tired of pretending everything’s fine.,General,
0116f680-c16c-4d8e-ab69-7147a877a18b,User,Test,Website,en,,Unknown,Unknown,Unknown,I just want to be enough for once.,General,
c5d5f42b-0a39-41c9-8b36-b85154404e0f,User,Test,Website,en,,Unknown,Unknown,Unknown,I think I’m being spiritually attacked through my dreams.,Spiritual Warfare,
1deb1bb9-523d-4b71-8b39-96320442b603,User,Test,Website,en,,Unknown,Unknown,Unknown,I just got laid off and I don’t know how I’ll pay rent.,Crisis,
a5c86036-f21e-4c6e-814b-8691abb2544f,User,Test,Website,en,,Unknown,Unknown,Unknown,I wish someone would just notice how much I’m hurting.,Suicide,
1d751d50-e367-4e0a-8157-c85c8adcd743,User,Test,Website,en,,Unknown,Unknown,Unknown,How do I fight back against spiritual oppression?,Spiritual Warfare,
d614f6b1-d06c-44f0-8de1-11697d9ab923,User,Test,Website,en,,Unknown,Unknown,Unknown,I feel like I’m just going through the motions.,General,
b3271437-6083-4608-a66a-aeb8770e924f,User,Test,Website,en,,Unknown,Unknown,Unknown,I’m just so tired of living.,Suicide,
7a135e9e-9790-4b5b-8e4e-e04bd9c4a176,User,Test,Website,en,,Unknown,Unknown,Unknown,"I’m trying to stay faithful, but the attacks keep coming.",Spiritual Warfare,
44ab15b0-f204-49ad-bebc-e71a0d27db0d,User,Test,Website,en,,Unknown,Unknown,Unknown,My marriage is on the edge and I feel helpless.,Family and Marriage,
8e31c8df-782c-45da-918d-ebdddc057eb1,User,Test,Website,en,,Unknown,Unknown,Unknown,I’m stuck in a country far from home. I feel abandoned.,Crisis,
788e60cf-1a6e-4c21-9b4c-529b31f61aec,User,Test,Website,en,,Unknown,Unknown,Unknown,I feel surrounded by negativity and evil influences.,Spiritual Warfare,
17794a25-0cb3-4d3f-95bf-1e8e307eb992,User,Test,Website,en,,Unknown,Unknown,Unknown,My parents favor my siblings and it hurts.,Family and Marriage,
88f0eda7-f6f6-4d65-81de-c0826ce7ad57,User,Test,Website,en,,Unknown,Unknown,Unknown,Is recovery really possible for me?,Alcoholism and Drug Addiction,
6b01513a-2493-4020-b16d-afa54b907035,User,Test,Website,en,,Unknown,Unknown,Unknown,My parents fight all the time. It’s affecting me badly.,Family and Marriage,
3267232a-b171-424d-b5ea-1ce26e4eb482,User,Test,Website,en,,Unknown,Unknown,Unknown,My spouse and I don’t see eye to eye on parenting.,Family and Marriage,
1dc075f0-812a-41af-bf93-12a15de420de,User,Test,Website,en,,Unknown,Unknown,Unknown,Why does the enemy always seem stronger than me?,Spiritual Warfare,
1d43944a-7d23-49b5-bb18-0035744476fa,User,Test,Website,en,,Unknown,Unknown,Unknown,"Drugs numbed my pain, but now they’ve become the pain.",Alcoholism and Drug Addiction,
2ecdb86f-59d7-487a-8c27-1dc6e2d148a9,User,Test,Website,en,,Unknown,Unknown,Unknown,I just need someone to talk to today.,General,
1db36da5-d3b5-40ce-b499-b16a1803d4e6,User,Test,Website,en,,Unknown,Unknown,Unknown,My family is falling apart. I don’t know what to do.,Family and Marriage,
aaff82fe-f16d-4856-8e6b-e5f6e4e7282b,User,Test,Website,en,,Unknown,Unknown,Unknown,I’ve been robbed and feel violated.,Crisis,
4a158135-1d33-43b2-acb5-b1fcac8b44d8,User,Test,Website,en,,Unknown,Unknown,Unknown,Drugs have taken over my life. I want to stop but don’t know how.,Alcoholism and Drug Addiction,
e4abba85-4440-4337-8cd5-d142d3f4a57a,User,Test,Website,en,,Unknown,Unknown,Unknown,I’m afraid I’ll act on my thoughts one day.,Suicide,
72d35252-94f7-415d-aff5-d7e477fab13d,User,Test,Website,en,,Unknown,Unknown,Unknown,We’re staying together just for appearances.,Family and Marriage,
f41c4ecc-4140-447a-a726-bb29a9aa1b4f,User,Test,Website,en,,Unknown,Unknown,Unknown,I’m questioning the purpose of it all.,General,
f0487e90-0f91-495e-b53b-74c6e7d62050,User,Test,Website,en,,Unknown,Unknown,Unknown,We can’t afford my child's medication anymore.,Crisis,
cda9137c-957c-4680-9530-e285a5cad298,User,Test,Website,en,,Unknown,Unknown,Unknown,I want to feel like I matter.,General,
effec661-e7ce-4e1b-b951-f64f74ae9e4f,User,Test,Website,en,,Unknown,Unknown,Unknown,I feel something dark when I’m alone at night.,Spiritual Warfare,
f2b3998c-ae38-412b-85f6-e4edbe4fe8e2,User,Test,Website,en,,Unknown,Unknown,Unknown,Why do I feel so out of place?,General,
e8a9f35b-b7ac-4088-8094-d8e36afcac95,User,Test,Website,en,,Unknown,Unknown,Unknown,I feel like I'm losing control of everything in my life.,Crisis,
8f5eed97-3a44-47e2-87c3-1522e05fd4f3,User,Test,Website,en,,Unknown,Unknown,Unknown,Can God forgive someone with my addiction?,Alcoholism and Drug Addiction,
e7dc2687-b818-48e3-8532-172cdb2af6dd,User,Test,Website,en,,Unknown,Unknown,Unknown,"Everyone sees me as happy, but I’m battling addiction in secret.",Alcoholism and Drug Addiction,
be909f36-fe03-49fc-a9ca-a3db65895ead,User,Test,Website,en,,Unknown,Unknown,Unknown,Everything I believed in is falling apart.,Crisis,
e3301221-5783-44c2-b59d-94ffa808fe79,User,Test,Website,en,,Unknown,Unknown,Unknown,My partner refuses to talk about our issues.,Family and Marriage,
ebff7bc6-b903-4533-a162-f31c4ec28a9e,User,Test,Website,en,,Unknown,Unknown,Unknown,"I want the pain to stop, no matter what it takes.",Suicide,
b736ea39-48c3-4feb-934b-bcc0e28623c0,User,Test,Website,en,,Unknown,Unknown,Unknown,I feel ashamed of my addiction and too scared to ask for help.,Alcoholism and Drug Addiction,
b7c048ce-3d3f-431c-a2d5-c75e0a58eb75,User,Test,Website,en,,Unknown,Unknown,Unknown,My business failed. I feel like a failure too.,Crisis,
b8c92194-cafc-4e4f-967b-4f338b13ee9c,User,Test,Website,en,,Unknown,Unknown,Unknown,Sometimes I think it’s the only escape I have.,Suicide,
71785929-26b8-458c-9a79-3104835c62a5,User,Test,Website,en,,Unknown,Unknown,Unknown,My in-laws make our marriage miserable.,Family and Marriage,
6eaea3bf-b8a1-4fe9-ac9c-e0ac367ef8cf,User,Test,Website,en,,Unknown,Unknown,Unknown,I’m trying so hard and it’s still not enough.,General,
a0b3ae0f-2045-4501-99d7-0e8738cf0fd9,User,Test,Website,en,,Unknown,Unknown,Unknown,How do I start the journey to recovery?,Alcoholism and Drug Addiction,
2038fbe1-deec-4af2-bf07-8d4931529fbf,User,Test,Website,en,,Unknown,Unknown,Unknown,My parents never listen. I feel invisible.,Family and Marriage,
3b43231e-112c-4def-8f8f-4d2451c7bad9,User,Test,Website,en,,Unknown,Unknown,Unknown,"I try to pray, but I feel blocked.",Spiritual Warfare,
8196a222-5f86-44c0-a99c-281e73c24431,User,Test,Website,en,,Unknown,Unknown,Unknown,I feel like I'm under constant attack spiritually.,Spiritual Warfare,
66140e2a-1a76-4498-9f7b-2c8b8e8a3be9,User,Test,Website,en,,Unknown,Unknown,Unknown,I wish someone understood how hard this is.,Alcoholism and Drug Addiction,
340d4329-ea88-43d8-a3e8-abbbcc4707c1,User,Test,Website,en,,Unknown,Unknown,Unknown,Nothing brings me joy anymore.,Suicide,
439dfdaa-1438-4028-a6dd-7b02741acad4,User,Test,Website,en,,Unknown,Unknown,Unknown,I miss the love we used to have.,Family and Marriage,
704b33e1-fe2e-415c-90d5-a879a5a74161,User,Test,Website,en,,Unknown,Unknown,Unknown,I’ve lost jobs and friends because of my drinking. I feel worthless.,Alcoholism and Drug Addiction,
57b91967-7e66-4b27-9199-a84991c82eee,User,Test,Website,en,,Unknown,Unknown,Unknown,I’m torn between staying for the kids or leaving for my peace.,Family and Marriage,
e7cd9dd2-0d66-482b-a5f7-a8d822b05aaf,User,Test,Website,en,,Unknown,Unknown,Unknown,There’s a heaviness in my spirit I can’t shake.,Spiritual Warfare,
90f56c54-8a7a-4840-ba08-b908514e16a1,User,Test,Website,en,,Unknown,Unknown,Unknown,I’ve written a goodbye letter but haven’t sent it.,Suicide,
19b562a5-db91-46ad-9c14-3c3c9f9d0dfa,User,Test,Website,en,,Unknown,Unknown,Unknown,I can’t stop crying. Everything is too much right now.,Crisis,
5db41b5a-a22c-4224-9f76-e5e2ae1a53fc,User,Test,Website,en,,Unknown,Unknown,Unknown,"I want to put on the armor of God, but I don’t know how.",Spiritual Warfare,
d4eb0964-d97c-420d-8b16-4c492339eb82,User,Test,Website,en,,Unknown,Unknown,Unknown,I need help fighting spiritual darkness in my life.,Spiritual Warfare,
d1818829-8c40-453d-b646-541649867a4a,User,Test,Website,en,,Unknown,Unknown,Unknown,I need a reason to stop drinking.,Alcoholism and Drug Addiction,
ed676aca-158d-4d2a-9d46-5cc15ff4be1e,User,Test,Website,en,,Unknown,Unknown,Unknown,Our communication is broken and I don’t know how to fix it.,Family and Marriage,
71ca4605-2f66-4721-9e33-c3c032bcfffd,User,Test,Website,en,,Unknown,Unknown,Unknown,I’m tired of lying to my family about my addiction.,Alcoholism and Drug Addiction,
ffb995d4-110e-4f32-8092-1833d98710cc,User,Test,Website,en,,Unknown,Unknown,Unknown,I’ve been battling demonic thoughts and I’m scared.,Spiritual Warfare,
73708310-5152-4ade-a4fe-65d773dc885a,User,Test,Website,en,,Unknown,Unknown,Unknown,I’m just not motivated anymore. What’s wrong with me?,General,
4e4bb8d7-2eae-44ce-a4f8-e871dba140b2,User,Test,Website,en,,Unknown,Unknown,Unknown,No one would miss me if I was gone.,Suicide,
02713757-0e5b-4189-a673-fdcbb01a8184,User,Test,Website,en,,Unknown,Unknown,Unknown,"I don’t want to die, but I don’t want to live either.",Suicide,
2961dba1-92bf-4f84-8165-bacdd4ca364e,User,Test,Website,en,,Unknown,Unknown,Unknown,I’ve been close to ending it more than once.,Suicide,
c18234fe-0441-4100-bf56-d969e58b6ff9,User,Test,Website,en,,Unknown,Unknown,Unknown,I just got diagnosed with something serious. I’m scared.,Crisis,
242d3555-b3bb-4b1d-a680-bc0be4fb8378,User,Test,Website,en,,Unknown,Unknown,Unknown,I’ve isolated myself from everyone. I just don’t care anymore.,Suicide,
916f8e0c-c718-4550-882b-ac0826b4b0cb,User,Test,Website,en,,Unknown,Unknown,Unknown,I don’t know how to raise my kids right.,Family and Marriage,
9c8f5756-29c4-414d-a1da-d4a8513a7e78,User,Test,Website,en,,Unknown,Unknown,Unknown,I’m weary from fighting the same spiritual battles.,Spiritual Warfare,
f20f12ab-44fc-43d8-be84-747bce560849,User,Test,Website,en,,Unknown,Unknown,Unknown,Why does being alive feel so hard sometimes?,General,
82d1aac5-15db-4580-ac66-086e743f4de0,User,Test,Website,en,,Unknown,Unknown,Unknown,I feel lost in the crowd.,General,
0274cc90-0fe4-45b5-b55e-87ef8baeb6c6,User,Test,Website,en,,Unknown,Unknown,Unknown,The darkness keeps getting worse.,Suicide,
0345ee4e-8ac2-4c7b-a750-9852b84c2f62,User,Test,Website,en,,Unknown,Unknown,Unknown,"Everyone expects me to have it together, but I don’t.",General,
e52c4660-1fc8-44d5-80d0-f3f6f1bb60ec,User,Test,Website,en,,Unknown,Unknown,Unknown,My health took a turn for the worse. I feel helpless.,Crisis,
b85f7231-8b94-495b-b9ac-07353126f3ce,User,Test,Website,en,,Unknown,Unknown,Unknown,I lost everything in a fire. I’m devastated.,Crisis,
31d60662-059b-4dd8-8cfc-c9dc28d0a87c,User,Test,Website,en,,Unknown,Unknown,Unknown,There’s a spiritual battle in my mind every day.,Spiritual Warfare,
97a7cae8-f4a1-45f4-8c6a-e9b9dcdbee97,User,Test,Website,en,,Unknown,Unknown,Unknown,I’m battling thoughts that aren’t from God.,Spiritual Warfare,
b214119f-8920-4db2-9988-ae6789c24c29,User,Test,Website,en,,Unknown,Unknown,Unknown,I can’t seem to break free from drinking. I feel stuck.,Alcoholism and Drug Addiction,
82dedba5-1bb1-426c-8fd5-91b79f49265b,User,Test,Website,en,,Unknown,Unknown,Unknown,I'm stuck in the same routine and it's draining.,General,
0efed6ee-a6ca-46ee-8ad0-4b5af430e2da,User,Test,Website,en,,Unknown,Unknown,Unknown,I’m carrying all the emotional weight in this relationship.,Family and Marriage,
c2845169-3de5-49f2-afed-5e8755b16a82,User,Test,Website,en,,Unknown,Unknown,Unknown,I feel like everyone would be better off without me.,Suicide,
7f3691e0-1b0c-4c52-ae33-4b1d3eae23ca,User,Test,Website,en,,Unknown,Unknown,Unknown,We have no food and I’m scared for my kids.,Crisis,
7bec84bb-517e-437a-a6c5-24c9722e7a9c,User,Test,Website,en,,Unknown,Unknown,Unknown,My family doesn’t understand me. I feel so alone at home.,Family and Marriage,
6ea3a4a4-c425-419c-a7df-4a731e14330c,User,Test,Website,en,,Unknown,Unknown,Unknown,I’m embarrassed to be seen at an AA meeting.,Alcoholism and Drug Addiction,
d618fd3d-6509-4e01-9260-23298f09a17d,User,Test,Website,en,,Unknown,Unknown,Unknown,I want to be clean for my children.,Alcoholism and Drug Addiction,
d0493278-6ee4-4b6f-88d7-b79e41a28f79,User,Test,Website,en,,Unknown,Unknown,Unknown,No one sees how much pain I’m in.,Suicide,
7e71e1ad-f2e6-4770-abda-bfeb839dc3fa,User,Test,Website,en,,Unknown,Unknown,Unknown,The stress is making me physically sick.,Crisis,
c1022705-f442-4afd-aead-1d02d5dad738,User,Test,Website,en,,Unknown,Unknown,Unknown,My kids don’t deserve a parent like this.,Alcoholism and Drug Addiction,
d17f79b4-98b3-4d0a-8b52-04928a4793e2,User,Test,Website,en,,Unknown,Unknown,Unknown,This crisis came out of nowhere and shattered everything.,Crisis,
8fa24c29-6c0b-4503-9ae9-6c4cae50c534,User,Test,Website,en,,Unknown,Unknown,Unknown,I’ve lost count of how many times I’ve relapsed.,Alcoholism and Drug Addiction,
43cb0e48-c57b-4676-8891-5eafa2e250a9,User,Test,Website,en,,Unknown,Unknown,Unknown,I’m facing a lawsuit and don’t know where to turn.,Crisis,
d2d8f9a7-4c36-411a-97aa-6474e95735bb,User,Test,Website,en,,Unknown,Unknown,Unknown,I feel like I’m drowning in problems with no way out.,Crisis,
5789f95b-864a-44ee-a704-82e982b0fcba,User,Test,Website,en,,Unknown,Unknown,Unknown,Is there a way back for someone like me?,Alcoholism and Drug Addiction,
3b41192d-b03b-41f3-96af-2b9e6cccc96c,User,Test,Website,en,,Unknown,Unknown,Unknown,"I want to forgive my partner, but I can’t forget.",Family and Marriage,
ccf219bc-a019-4b93-abd4-c37c5d54e16b,User,Test,Website,en,,Unknown,Unknown,Unknown,My friends left when I started using. I feel so alone.,Alcoholism and Drug Addiction,
ae667277-9e44-4164-bc05-db026391d038,User,Test,Website,en,,Unknown,Unknown,Unknown,The pain is too much and I can’t take it.,Suicide,
4e2923b2-bd9e-4f88-b15e-1660d087901d,User,Test,Website,en,,Unknown,Unknown,Unknown,I’m tired of always putting others first.,General,
d0b8b93f-ddc8-4461-b493-572656ef57a3,User,Test,Website,en,,Unknown,Unknown,Unknown,"Every time I read the Bible, I get distracted or discouraged.",Spiritual Warfare,
d11b676f-1a8c-4062-8f2e-0ee73ec84bbe,User,Test,Website,en,,Unknown,Unknown,Unknown,Sometimes I just want to disappear.,General,
34133ade-79c0-48a9-8d05-94d041ac195f,User,Test,Website,en,,Unknown,Unknown,Unknown,There’s fighting in my neighborhood and I’m scared to leave the house.,Crisis,
6a6c7a84-836d-4861-a9cd-23ece24d26d9,User,Test,Website,en,,Unknown,Unknown,Unknown,I hear voices that make me question my faith.,Spiritual Warfare,
639992c1-c6df-4c8c-a79e-fb0136c685f7,User,Test,Website,en,,Unknown,Unknown,Unknown,I keep falling into the same temptations again and again.,Spiritual Warfare,
5eda3e9c-46e8-44f2-b2e4-124b54e596a8,User,Test,Website,en,,Unknown,Unknown,Unknown,I don’t want to live anymore.,Suicide,
0fbcf29b-ec22-4d5b-84c6-cb5c9fc5baac,User,Test,Website,en,,Unknown,Unknown,Unknown,I'm tired of pretending I'm okay when I'm not.,General,
b7587d3c-cf43-4717-877d-2baec808339a,User,Test,Website,en,,Unknown,Unknown,Unknown,"Every time I fast or pray more, chaos breaks out.",Spiritual Warfare,
df07f25a-bd63-4bcc-9c2b-fa86b084f7bc,User,Test,Website,en,,Unknown,Unknown,Unknown,Sometimes I wish I wouldn’t wake up.,Suicide,
0f78616c-6976-4a16-8035-e564c57a2df5,User,Test,Website,en,,Unknown,Unknown,Unknown,I don’t know how to ask for help.,Suicide,
110ae38d-4734-4326-8cc1-c82315492c6a,User,Test,Website,en,,Unknown,Unknown,Unknown,"I know the truth, but I keep believing lies.",Spiritual Warfare,
8487de96-4fa3-4465-848b-a9007a9705ed,User,Test,Website,en,,Unknown,Unknown,Unknown,I just found out my spouse cheated. I’m heartbroken.,Crisis,
8d5310ac-d269-462b-bc13-b0eefdd2a018,User,Test,Website,en,,Unknown,Unknown,Unknown,I don’t have anyone to talk to during this crisis.,Crisis,
921418ce-4d35-423d-9e1c-9a3425c9316d,User,Test,Website,en,,Unknown,Unknown,Unknown,I need help but I don’t want to be a burden.,Suicide,
02c3dd7c-ef32-4b26-83c0-3b583200f0b3,User,Test,Website,en,,Unknown,Unknown,Unknown,I keep comparing myself to everyone else.,General,
b75cc5ef-f4e3-43df-92a8-90d411f0d1db,User,Test,Website,en,,Unknown,Unknown,Unknown,I can’t stop overthinking everything.,General,
6e3cd619-8355-487f-873b-af606161180e,User,Test,Website,en,,Unknown,Unknown,Unknown,I’m constantly walking on eggshells at home.,Family and Marriage,
cda27ca0-7e09-40a2-b29e-e26b6b908054,User,Test,Website,en,,Unknown,Unknown,Unknown,It feels like a dark cloud follows me everywhere.,Spiritual Warfare,
f12d6b5b-ec42-4564-9eb7-4dc304bb6b27,User,Test,Website,en,,Unknown,Unknown,Unknown,I feel like giving up on my marriage. Nothing works.,Family and Marriage,
31c04c38-4563-44ab-945c-4fb4849635a0,User,Test,Website,en,,Unknown,Unknown,Unknown,I want to believe I can change. I just don’t know how.,Alcoholism and Drug Addiction,
7a1e7ff8-1aa5-4e34-ac59-e46eec981ab4,User,Test,Website,en,,Unknown,Unknown,Unknown,This situation has made me question everything.,Crisis,
178566dc-284f-4703-85ca-0aa75ff66fd9,User,Test,Website,en,,Unknown,Unknown,Unknown,I’ve never felt this hopeless in my life.,Crisis,
ad5f32b6-feb7-4510-8ca4-99de7a9de6c7,User,Test,Website,en,,Unknown,Unknown,Unknown,My peace is being stolen by dark forces.,Spiritual Warfare,
e027b1fc-4ffa-4a2c-bbc8-23cf5ad08797,User,Test,Website,en,,Unknown,Unknown,Unknown,Why did I let drugs become my escape?,Alcoholism and Drug Addiction,
da3ac0c6-1cb3-4c01-a608-097554c76d64,User,Test,Website,en,,Unknown,Unknown,Unknown,I’ve hidden my addiction for years. I need to talk.,Alcoholism and Drug Addiction,
82d2fb7f-0e38-4ad2-a789-2d1f7003bbf2,User,Test,Website,en,,Unknown,Unknown,Unknown,We can’t agree on anything anymore.,Family and Marriage,
0853bf5b-ca6e-4e44-a208-2e8b19258b0a,User,Test,Website,en,,Unknown,Unknown,Unknown,The thought of ending it is the only relief I feel.,Suicide,
b3a320ad-313e-4347-a7f4-e989c779e6ce,User,Test,Website,en,,Unknown,Unknown,Unknown,How do I find strength to overcome drug abuse?,Alcoholism and Drug Addiction,
4abd7eb0-44ee-4970-8159-0501a2872c2a,User,Test,Website,en,,Unknown,Unknown,Unknown,I want to get clean but I’m scared of withdrawal.,Alcoholism and Drug Addiction,
4b0c98b1-74e5-490f-afe2-0d5d5e6b232f,User,Test,Website,en,,Unknown,Unknown,Unknown,"I want to rebuild our relationship, but I’m exhausted.",Family and Marriage,
1fbcfadb-cd87-40b8-9d04-1b4d2e84ddfe,User,Test,Website,en,,Unknown,Unknown,Unknown,Why do I feel spiritually drained all the time?,Spiritual Warfare,
8bedcf71-9b0b-4f80-8cf4-3d7335906568,User,Test,Website,en,,Unknown,Unknown,Unknown,I feel like a burden to everyone around me.,Suicide,
3d90475d-7d0e-4723-948a-a260b00b0b0f,User,Test,Website,en,,Unknown,Unknown,Unknown,My family is falling apart and I can’t fix it.,Crisis,
eb8b4e3f-30ef-4b02-bce2-00429432810e,User,Test,Website,en,,Unknown,Unknown,Unknown,I feel completely alone in this world.,Suicide,
eb8b4e3f-30ef-4b02-bce2-00429432810e,User,Test,Website,en,,Unknown,Unknown,Unknown,I don’t even know what I enjoy anymore.,General,
eb8b4e3f-30ef-4b02-bce2-00429432810e,User,Test,Website,en,,Unknown,Unknown,Unknown,Distractions overwhelm me unexplainably.,Spiritual Warfare,
2c7b0988-b1b5-46bc-8305-72202b340ee8,User,Test,Website,en,,Unknown,Unknown,Unknown,"A sudden accident left me in chaos, and I need support right now.",Crisis,
2c7b0988-b1b5-46bc-8305-72202b340ee9,User,Test,Website,en,,Unknown,Unknown,Unknown,"My partner wants another child, but I’m not ready, creating unresolved tension.",Family and Marriage,
2c7b0988-b1b5-46bc-8305-72202b340ee10,User,Test,Website,en,,Unknown,Unknown,Unknown,"I’m worried my binge drinking is affecting my job, but I can't stop.",Alcoholism and Drug Addiction,
2c7b0988-b1b5-46bc-8305-72202b340ee11,User,Test,Website,en,,Unknown,Unknown,Unknown,"When my cravings hit, I feel powerless to do anything but give in.",Alcoholism and Drug Addiction,
2c7b0988-b1b5-46bc-8305-72202b340ee12,User,Test,Website,en,,Unknown,Unknown,Unknown,"When I try to worship, an overwhelming dread grips my heart, stopping me.",Spiritual Warfare,
2c7b0988-b1b5-46bc-8305-72202b340ee13,User,Test,Website,en,,Unknown,Unknown,Unknown,"I have no energy to keep battling these dark thoughts, and I'm scared.",Suicide,
2c7b0988-b1b5-46bc-8305-72202b340ee14,User,Test,Website,en,,Unknown,Unknown,Unknown,"I want to save our relationship, but my spouse has already given up.",Family and Marriage,
2c7b0988-b1b5-46bc-8305-72202b340ee15,User,Test,Website,en,,Unknown,Unknown,Unknown,"I'm feeling a bit lost in life, unsure of what steps to take next.",General,
2c7b0988-b1b5-46bc-8305-72202b340ee16,User,Test,Website,en,,Unknown,Unknown,Unknown,I lost my support system just as my life entered a state of emergency.,Crisis,
2c7b0988-b1b5-46bc-8305-72202b340ee17,User,Test,Website,en,,Unknown,Unknown,Unknown,"I notice negative patterns repeating in my family history, possibly a generational curse.",Spiritual Warfare,
2c7b0988-b1b5-46bc-8305-72202b340ee18,User,Test,Website,en,,Unknown,Unknown,Unknown,I feel an urgent need to reinvent myself but don’t know where to begin.,General,
2c7b0988-b1b5-46bc-8305-72202b340ee19,User,Test,Website,en,,Unknown,Unknown,Unknown,"In-laws interfere constantly in our marriage, causing strain and resentment.",Family and Marriage,
2c7b0988-b1b5-46bc-8305-72202b340ee20,User,Test,Website,en,,Unknown,Unknown,Unknown,"I feel lonely in this marriage, even though we share the same home.",Family and Marriage,
2c7b0988-b1b5-46bc-8305-72202b340ee21,User,Test,Website,en,,Unknown,Unknown,Unknown,I want to set new boundaries but don’t know how to assert myself effectively.,General,
2c7b0988-b1b5-46bc-8305-72202b340ee22,User,Test,Website,en,,Unknown,Unknown,Unknown,"A close friend attempted something drastic, and I’m struggling to cope with the aftermath.",Crisis,
2c7b0988-b1b5-46bc-8305-72202b340ee23,User,Test,Website,en,,Unknown,Unknown,Unknown,I'm considering separation because we can’t solve our long-standing trust issues.,Family and Marriage,
2c7b0988-b1b5-46bc-8305-72202b340ee24,User,Test,Website,en,,Unknown,Unknown,Unknown,I worry that admitting my drug problem will ruin my reputation forever.,Alcoholism and Drug Addiction,
2c7b0988-b1b5-46bc-8305-72202b340ee25,User,Test,Website,en,,Unknown,Unknown,Unknown,"I have trouble expressing my emotions, which leads to confusion and missed opportunities.",General,
2c7b0988-b1b5-46bc-8305-72202b340ee26,User,Test,Website,en,,Unknown,Unknown,Unknown,"I don’t expect anyone to understand, but I need to tell somebody how I feel.",Suicide,
2c7b0988-b1b5-46bc-8305-72202b340ee27,User,Test,Website,en,,Unknown,Unknown,Unknown,I feel shame every time I look at my empty bottles in the morning.,Alcoholism and Drug Addiction,
2c7b0988-b1b5-46bc-8305-72202b340ee28,User,Test,Website,en,,Unknown,Unknown,Unknown,I fear my addiction has progressed beyond any hope of recovery or redemption.,Alcoholism and Drug Addiction,
2c7b0988-b1b5-46bc-8305-72202b340ee29,User,Test,Website,en,,Unknown,Unknown,Unknown,I worry I won't have the courage to seek help before it’s too late.,Suicide,
2c7b0988-b1b5-46bc-8305-72202b340ee30,User,Test,Website,en,,Unknown,Unknown,Unknown,I just discovered a significant betrayal and feel my world is in disarray.,Crisis,
2c7b0988-b1b5-46bc-8305-72202b340ee31,User,Test,Website,en,,Unknown,Unknown,Unknown,"I want to break this cycle of addiction, but fear and shame hold me back.",Alcoholism and Drug Addiction,
2c7b0988-b1b5-46bc-8305-72202b340ee32,User,Test,Website,en,,Unknown,Unknown,Unknown,"I started drinking socially, but now I can’t go a day without alcohol.",Alcoholism and Drug Addiction,
2c7b0988-b1b5-46bc-8305-72202b340ee33,User,Test,Website,en,,Unknown,Unknown,Unknown,"I’m writing a note in my head every day, imagining how people will react.",Suicide,
2c7b0988-b1b5-46bc-8305-72202b340ee34,User,Test,Website,en,,Unknown,Unknown,Unknown,I isolate myself to hide my addiction from everyone close to me.,Alcoholism and Drug Addiction,
2c7b0988-b1b5-46bc-8305-72202b340ee35,User,Test,Website,en,,Unknown,Unknown,Unknown,My kids are acting out because they sense the tension in our marriage.,Family and Marriage,
2c7b0988-b1b5-46bc-8305-72202b340ee36,User,Test,Website,en,,Unknown,Unknown,Unknown,"These dark thoughts are growing stronger, and I don't know how to stop them.",Suicide,
2c7b0988-b1b5-46bc-8305-72202b340ee37,User,Test,Website,en,,Unknown,Unknown,Unknown,"My life seems stagnant, and I wonder if I'll ever find my purpose.",General,
2c7b0988-b1b5-46bc-8305-72202b340ee38,User,Test,Website,en,,Unknown,Unknown,Unknown,"I can’t remember the last time I enjoyed a day sober, which worries me.",Alcoholism and Drug Addiction,
2c7b0988-b1b5-46bc-8305-72202b340ee39,User,Test,Website,en,,Unknown,Unknown,Unknown,"I’m facing unexplainable oppression that feels deeply spiritual, and I'm scared.",Spiritual Warfare,
2c7b0988-b1b5-46bc-8305-72202b340ee40,User,Test,Website,en,,Unknown,Unknown,Unknown,"I’m exhausted trying to feel better, and giving up looks like a relief.",Suicide,
2c7b0988-b1b5-46bc-8305-72202b340ee41,User,Test,Website,en,,Unknown,Unknown,Unknown,I just lost my job and feel paralyzed by the uncertainty of what's next.,Crisis,
2c7b0988-b1b5-46bc-8305-72202b340ee42,User,Test,Website,en,,Unknown,Unknown,Unknown,I keep imagining different methods and can’t stop these terrible visions in my head.,Suicide,
2c7b0988-b1b5-46bc-8305-72202b340ee43,User,Test,Website,en,,Unknown,Unknown,Unknown,"I just got evicted and have nowhere else to go, feeling scared and alone.",Crisis,
2c7b0988-b1b5-46bc-8305-72202b340ee44,User,Test,Website,en,,Unknown,Unknown,Unknown,"A traumatic event from last week keeps replaying in my mind, causing sleepless nights.",Crisis,
2c7b0988-b1b5-46bc-8305-72202b340ee45,User,Test,Website,en,,Unknown,Unknown,Unknown,"My home was destroyed, and I don’t know where to turn for shelter.",Crisis,
2c7b0988-b1b5-46bc-8305-72202b340ee46,User,Test,Website,en,,Unknown,Unknown,Unknown,I've realized I don’t handle criticism well and want to change that.,General,
2c7b0988-b1b5-46bc-8305-72202b340ee47,User,Test,Website,en,,Unknown,Unknown,Unknown,Our arguments in front of the kids are leaving them upset and confused.,Family and Marriage,
2c7b0988-b1b5-46bc-8305-72202b340ee48,User,Test,Website,en,,Unknown,Unknown,Unknown,I’m exploring new perspectives on life and seeking someone to bounce ideas off.,General,
2c7b0988-b1b5-46bc-8305-72202b340ee49,User,Test,Website,en,,Unknown,Unknown,Unknown,I'm reaching out because I’m at rock bottom and see no light ahead.,Suicide,
2c7b0988-b1b5-46bc-8305-72202b340ee50,User,Test,Website,en,,Unknown,Unknown,Unknown,"I’m convinced there's a spiritual war going on, and I need guidance to fight.",Spiritual Warfare,
2c7b0988-b1b5-46bc-8305-72202b340ee51,User,Test,Website,en,,Unknown,Unknown,Unknown,"I’m lonely even though I have people around, and I can’t explain why.",General,
2c7b0988-b1b5-46bc-8305-72202b340ee52,User,Test,Website,en,,Unknown,Unknown,Unknown,"I’m curious about exploring mindfulness, but I don't know how to begin.",General,
2c7b0988-b1b5-46bc-8305-72202b340ee53,User,Test,Website,en,,Unknown,Unknown,Unknown,"Multiple crises are hitting me at once, and I’m desperate for any form of help.",Crisis,
2c7b0988-b1b5-46bc-8305-72202b340ee54,User,Test,Website,en,,Unknown,Unknown,Unknown,I need advice on maintaining a healthy co-parenting relationship after our divorce.,Family and Marriage,
2c7b0988-b1b5-46bc-8305-72202b340ee55,User,Test,Website,en,,Unknown,Unknown,Unknown,I feel like I'm drowning in responsibilities that I can't handle alone.,Crisis,
2c7b0988-b1b5-46bc-8305-72202b340ee56,User,Test,Website,en,,Unknown,Unknown,Unknown,"I keep comparing myself to others, feeling inferior and discouraged about my progress.",General,
2c7b0988-b1b5-46bc-8305-72202b340ee57,User,Test,Website,en,,Unknown,Unknown,Unknown,I’m battling self-harming urges alongside suicidal thoughts and feel completely alone.,Suicide,
2c7b0988-b1b5-46bc-8305-72202b340ee58,User,Test,Website,en,,Unknown,Unknown,Unknown,"We never have time for each other, and our marriage feels stagnant.",Family and Marriage,
2c7b0988-b1b5-46bc-8305-72202b340ee59,User,Test,Website,en,,Unknown,Unknown,Unknown,"An unexplainable depression weighs on my mind, making me think it’s a demonic attack.",Spiritual Warfare,
2c7b0988-b1b5-46bc-8305-72202b340ee60,User,Test,Website,en,,Unknown,Unknown,Unknown,"Everything I built is collapsing around me, leaving me numb and terrified.",Crisis,
2c7b0988-b1b5-46bc-8305-72202b340ee61,User,Test,Website,en,,Unknown,Unknown,Unknown,"The emptiness is crushing me, making every breath a burden I’d rather not bear.",Suicide,
2c7b0988-b1b5-46bc-8305-72202b340ee62,User,Test,Website,en,,Unknown,Unknown,Unknown,I’m considering a major move but hesitate due to uncertainty and doubt.,General,
2c7b0988-b1b5-46bc-8305-72202b340ee63,User,Test,Website,en,,Unknown,Unknown,Unknown,My sibling and I have drifted apart after a major disagreement.,Family and Marriage,
2c7b0988-b1b5-46bc-8305-72202b340ee64,User,Test,Website,en,,Unknown,Unknown,Unknown,"I want to stop feeling everything, and death seems like my only option.",Suicide,
2c7b0988-b1b5-46bc-8305-72202b340ee65,User,Test,Website,en,,Unknown,Unknown,Unknown,"An unexpected pregnancy is causing severe conflict, and I feel completely unprepared.",Crisis,
2c7b0988-b1b5-46bc-8305-72202b340ee66,User,Test,Website,en,,Unknown,Unknown,Unknown,"I want to find my passion, but everything I try leaves me unexcited.",General,
2c7b0988-b1b5-46bc-8305-72202b340ee67,User,Test,Website,en,,Unknown,Unknown,Unknown,"I’ve accomplished my goals, yet I still feel empty and unfulfilled inside.",General,
2c7b0988-b1b5-46bc-8305-72202b340ee68,User,Test,Website,en,,Unknown,Unknown,Unknown,"My spouse and I argue daily, and our home environment is filled with tension.",Family and Marriage,
2c7b0988-b1b5-46bc-8305-72202b340ee69,User,Test,Website,en,,Unknown,Unknown,Unknown,"Lately, I’ve been restless and can’t pinpoint what’s really bothering me.",General,
2c7b0988-b1b5-46bc-8305-72202b340ee70,User,Test,Website,en,,Unknown,Unknown,Unknown,"Whenever I open my heart to the light, darkness seems to intensify around me.",Spiritual Warfare,
2c7b0988-b1b5-46bc-8305-72202b340ee71,User,Test,Website,en,,Unknown,Unknown,Unknown,"Unexplainable fears consume me when I attempt to pray, hinting at deeper battles.",Spiritual Warfare,
2c7b0988-b1b5-46bc-8305-72202b340ee72,User,Test,Website,en,,Unknown,Unknown,Unknown,"Every phone call brings new bad news, and I'm reaching a breaking point.",Crisis,
2c7b0988-b1b5-46bc-8305-72202b340ee73,User,Test,Website,en,,Unknown,Unknown,Unknown,"The guilt from my addiction feels overwhelming, and I need someone to talk to.",Alcoholism and Drug Addiction,
2c7b0988-b1b5-46bc-8305-72202b340ee74,User,Test,Website,en,,Unknown,Unknown,Unknown,"I feel disconnected from my partner, and I worry our marriage is crumbling.",Family and Marriage,
2c7b0988-b1b5-46bc-8305-72202b340ee75,User,Test,Website,en,,Unknown,Unknown,Unknown,I want to improve my overall well-being but can’t maintain healthy habits.,General,
2c7b0988-b1b5-46bc-8305-72202b340ee76,User,Test,Website,en,,Unknown,Unknown,Unknown,"People around me are turning hostile for no reason, which feels spiritually motivated.",Spiritual Warfare,
2c7b0988-b1b5-46bc-8305-72202b340ee77,User,Test,Website,en,,Unknown,Unknown,Unknown,"I’m on the verge of losing my home, and everything seems hopeless.",Crisis,
2c7b0988-b1b5-46bc-8305-72202b340ee78,User,Test,Website,en,,Unknown,Unknown,Unknown,I want to find meaning in small things but keep getting lost in big worries.,General,
2c7b0988-b1b5-46bc-8305-72202b340ee79,User,Test,Website,en,,Unknown,Unknown,Unknown,"I feel trapped in an endless cycle of pain, with no will to carry on.",Suicide,
2c7b0988-b1b5-46bc-8305-72202b340ee80,User,Test,Website,en,,Unknown,Unknown,Unknown,I feel drained every time I try to deepen my faith or pray.,Spiritual Warfare,
2c7b0988-b1b5-46bc-8305-72202b340ee81,User,Test,Website,en,,Unknown,Unknown,Unknown,"I’m convinced no one will miss me, which makes the decision feel easier.",Suicide,
2c7b0988-b1b5-46bc-8305-72202b340ee82,User,Test,Website,en,,Unknown,Unknown,Unknown,I’m overwhelmed by guilt and believe the world is better off without me.,Suicide,
2c7b0988-b1b5-46bc-8305-72202b340ee83,User,Test,Website,en,,Unknown,Unknown,Unknown,"My partner refuses to compromise on major life decisions, leaving me frustrated.",Family and Marriage,
2c7b0988-b1b5-46bc-8305-72202b340ee84,User,Test,Website,en,,Unknown,Unknown,Unknown,"I keep procrastinating important tasks, and it’s beginning to harm my self-esteem.",General,
2c7b0988-b1b5-46bc-8305-72202b340ee85,User,Test,Website,en,,Unknown,Unknown,Unknown,I’m going through a transitional phase and need guidance to navigate it successfully.,General,
2c7b0988-b1b5-46bc-8305-72202b340ee86,User,Test,Website,en,,Unknown,Unknown,Unknown,I’m disappointed in myself for letting alcohol control my life so completely.,Alcoholism and Drug Addiction,
2c7b0988-b1b5-46bc-8305-72202b340ee87,User,Test,Website,en,,Unknown,Unknown,Unknown,"My attempts at rehab haven’t worked, and I’m discouraged about finding a lasting solution.",Alcoholism and Drug Addiction,
2c7b0988-b1b5-46bc-8305-72202b340ee88,User,Test,Website,en,,Unknown,Unknown,Unknown,I need advice on how to handle life’s daily ups and downs better.,General,
2c7b0988-b1b5-46bc-8305-72202b340ee89,User,Test,Website,en,,Unknown,Unknown,Unknown,"Extended relatives gossip about our marital problems, and it’s adding more stress.",Family and Marriage,
2c7b0988-b1b5-46bc-8305-72202b340ee90,User,Test,Website,en,,Unknown,Unknown,Unknown,"We disagree on how to manage our finances, and it's causing constant friction.",Family and Marriage,
2c7b0988-b1b5-46bc-8305-72202b340ee91,User,Test,Website,en,,Unknown,Unknown,Unknown,"I don't trust anyone enough to share my suicidal plans, but here I am.",Suicide,
2c7b0988-b1b5-46bc-8305-72202b340ee92,User,Test,Website,en,,Unknown,Unknown,Unknown,"I overthink every decision, leaving me paralyzed in moments that require quick action.",General,
2c7b0988-b1b5-46bc-8305-72202b340ee93,User,Test,Website,en,,Unknown,Unknown,Unknown,I'm bombarded by doubts and fears whenever I open my heart in prayer.,Spiritual Warfare,
2c7b0988-b1b5-46bc-8305-72202b340ee94,User,Test,Website,en,,Unknown,Unknown,Unknown,"I’m struggling to balance my career and marriage, and tensions are building at home.",Family and Marriage,
2c7b0988-b1b5-46bc-8305-72202b340ee95,User,Test,Website,en,,Unknown,Unknown,Unknown,"Alcohol has become my daily escape, but I realize it's hurting my health.",Alcoholism and Drug Addiction,
2c7b0988-b1b5-46bc-8305-72202b340ee96,User,Test,Website,en,,Unknown,Unknown,Unknown,"A serious car crash has left me rattled, and I can’t think straight.",Crisis,
2c7b0988-b1b5-46bc-8305-72202b340ee97,User,Test,Website,en,,Unknown,Unknown,Unknown,"No one seems to notice I’m breaking inside, and I’m done pretending otherwise.",Suicide,
2c7b0988-b1b5-46bc-8305-72202b340ee98,User,Test,Website,en,,Unknown,Unknown,Unknown,"Life seems overwhelming right now, and I need someone to talk to.",General,
2c7b0988-b1b5-46bc-8305-72202b340ee99,User,Test,Website,en,,Unknown,Unknown,Unknown,"I’m staying only for the children, but deep down I’m unhappy and lonely.",Family and Marriage,
2c7b0988-b1b5-46bc-8305-72202b340ee100,User,Test,Website,en,,Unknown,Unknown,Unknown,I’m writing this because I'm desperately hoping someone will understand my despair.,Suicide,
2c7b0988-b1b5-46bc-8305-72202b340ee101,User,Test,Website,en,,Unknown,Unknown,Unknown,"Every attempt at talking ends in blame, and I’m exhausted by the cycle.",Family and Marriage,
2c7b0988-b1b5-46bc-8305-72202b340ee102,User,Test,Website,en,,Unknown,Unknown,Unknown,"I can’t envision a future for myself, making me think this is the end.",Suicide,
2c7b0988-b1b5-46bc-8305-72202b340ee103,User,Test,Website,en,,Unknown,Unknown,Unknown,There’s so much chaos in my life that I can’t find a moment of peace.,Crisis,
2c7b0988-b1b5-46bc-8305-72202b340ee104,User,Test,Website,en,,Unknown,Unknown,Unknown,An eerie sense of being watched or followed keeps me on edge daily.,Spiritual Warfare,
2c7b0988-b1b5-46bc-8305-72202b340ee105,User,Test,Website,en,,Unknown,Unknown,Unknown,I’m searching for ways to reduce stress and find calm in my everyday life.,General,
2c7b0988-b1b5-46bc-8305-72202b340ee106,User,Test,Website,en,,Unknown,Unknown,Unknown,My addiction has made me lose trust in myself and the people around me.,Alcoholism and Drug Addiction,
2c7b0988-b1b5-46bc-8305-72202b340ee107,User,Test,Website,en,,Unknown,Unknown,Unknown,I fear this presence could harm my loved ones if I don’t act soon.,Spiritual Warfare,
2c7b0988-b1b5-46bc-8305-72202b340ee108,User,Test,Website,en,,Unknown,Unknown,Unknown,"I sense an entity influencing my thoughts, making me consider harmful ideas.",Spiritual Warfare,
2c7b0988-b1b5-46bc-8305-72202b340ee109,User,Test,Website,en,,Unknown,Unknown,Unknown,"I’m locked in a legal battle, and the stress is more than I can handle.",Crisis,
2c7b0988-b1b5-46bc-8305-72202b340ee110,User,Test,Website,en,,Unknown,Unknown,Unknown,"Time slips away so fast, and I’m anxious about wasting my potential.",General,
2c7b0988-b1b5-46bc-8305-72202b340ee111,User,Test,Website,en,,Unknown,Unknown,Unknown,"I feel dead inside already, so ending it for real doesn't seem like much more.",Suicide,
2c7b0988-b1b5-46bc-8305-72202b340ee112,User,Test,Website,en,,Unknown,Unknown,Unknown,"Life has become unbearable, and I'm thinking about ending it all.",Suicide,
2c7b0988-b1b5-46bc-8305-72202b340ee113,User,Test,Website,en,,Unknown,Unknown,Unknown,"I’m sensing dark energy around me, pushing me to give up on everything.",Spiritual Warfare,
2c7b0988-b1b5-46bc-8305-72202b340ee114,User,Test,Website,en,,Unknown,Unknown,Unknown,There’s a nagging feeling that I'm not living up to my true potential.,General,
2c7b0988-b1b5-46bc-8305-72202b340ee115,User,Test,Website,en,,Unknown,Unknown,Unknown,"My partner was arrested, leaving me in crisis mode without resources or guidance.",Crisis,
2c7b0988-b1b5-46bc-8305-72202b340ee116,User,Test,Website,en,,Unknown,Unknown,Unknown,I’m ready to try new approaches for self-improvement but need some guidance first.,General,
2c7b0988-b1b5-46bc-8305-72202b340ee117,User,Test,Website,en,,Unknown,Unknown,Unknown,"I’m caught between my parents’ expectations and my spouse’s needs, feeling torn apart.",Family and Marriage,
2c7b0988-b1b5-46bc-8305-72202b340ee118,User,Test,Website,en,,Unknown,Unknown,Unknown,"I discovered a medical emergency in my family, and I’m overwhelmed by fear.",Crisis,
2c7b0988-b1b5-46bc-8305-72202b340ee119,User,Test,Website,en,,Unknown,Unknown,Unknown,"An unexpected lawsuit threatens my livelihood, and I'm worried about losing everything.",Crisis,
2c7b0988-b1b5-46bc-8305-72202b340ee120,User,Test,Website,en,,Unknown,Unknown,Unknown,"A serious health issue was diagnosed, and now I'm completely overwhelmed with anxiety.",Crisis,
2c7b0988-b1b5-46bc-8305-72202b340ee121,User,Test,Website,en,,Unknown,Unknown,Unknown,I've pushed everyone away and now I’m left with nowhere to turn.,Suicide,
2c7b0988-b1b5-46bc-8305-72202b340ee122,User,Test,Website,en,,Unknown,Unknown,Unknown,I can’t focus on anything because my thoughts keep racing from one disaster to another.,Crisis,
2c7b0988-b1b5-46bc-8305-72202b340ee123,User,Test,Website,en,,Unknown,Unknown,Unknown,"I’m under immense pressure from work and family, and it’s pushing me to the edge.",Crisis,
2c7b0988-b1b5-46bc-8305-72202b340ee124,User,Test,Website,en,,Unknown,Unknown,Unknown,The sudden death of a close friend is tearing me apart emotionally.,Crisis,
2c7b0988-b1b5-46bc-8305-72202b340ee125,User,Test,Website,en,,Unknown,Unknown,Unknown,"I feel stuck in the aftermath of a natural disaster, unsure how to recover.",Crisis,
2c7b0988-b1b5-46bc-8305-72202b340ee126,User,Test,Website,en,,Unknown,Unknown,Unknown,"I'm trying to wean off pills, but withdrawal symptoms make me relapse quickly.",Alcoholism and Drug Addiction,
2c7b0988-b1b5-46bc-8305-72202b340ee127,User,Test,Website,en,,Unknown,Unknown,Unknown,I have goals but lack the motivation to actively pursue them.,General,
2c7b0988-b1b5-46bc-8305-72202b340ee128,User,Test,Website,en,,Unknown,Unknown,Unknown,"People around me are thriving, and I feel left behind and overlooked.",General,
2c7b0988-b1b5-46bc-8305-72202b340ee129,User,Test,Website,en,,Unknown,Unknown,Unknown,"Unresolved issues from the past keep resurfacing, and I’m ready to address them.",General,
2c7b0988-b1b5-46bc-8305-72202b340ee130,User,Test,Website,en,,Unknown,Unknown,Unknown,I witnessed a violent incident and can’t stop shaking from the trauma.,Crisis,
2c7b0988-b1b5-46bc-8305-72202b340ee131,User,Test,Website,en,,Unknown,Unknown,Unknown,"Strange coincidences happen when I seek spiritual cleansing, causing me to doubt myself.",Spiritual Warfare,
2c7b0988-b1b5-46bc-8305-72202b340ee132,User,Test,Website,en,,Unknown,Unknown,Unknown,I need guidance on battling unseen forces that appear determined to break me.,Spiritual Warfare,
2c7b0988-b1b5-46bc-8305-72202b340ee133,User,Test,Website,en,,Unknown,Unknown,Unknown,"I want more emotional support from my partner, but they keep shutting me out.",Family and Marriage,
2c7b0988-b1b5-46bc-8305-72202b340ee134,User,Test,Website,en,,Unknown,Unknown,Unknown,I feel completely worthless and can’t handle this pain any longer.,Suicide,
2c7b0988-b1b5-46bc-8305-72202b340ee135,User,Test,Website,en,,Unknown,Unknown,Unknown,"I’ve lost all hope, and the idea of dying seems strangely comforting.",Suicide,
2c7b0988-b1b5-46bc-8305-72202b340ee136,User,Test,Website,en,,Unknown,Unknown,Unknown,"Nothing seems particularly wrong, yet I’m not genuinely happy either.",General,
2c7b0988-b1b5-46bc-8305-72202b340ee137,User,Test,Website,en,,Unknown,Unknown,Unknown,I’m at a point where I believe death is the only escape from my torment.,Suicide,
2c7b0988-b1b5-46bc-8305-72202b340ee138,User,Test,Website,en,,Unknown,Unknown,Unknown,"My friend’s drug habit is destroying his life, and I’m not sure how to help.",Alcoholism and Drug Addiction,
2c7b0988-b1b5-46bc-8305-72202b340ee139,User,Test,Website,en,,Unknown,Unknown,Unknown,"My substance abuse is causing financial trouble, and I'm desperate for a solution.",Alcoholism and Drug Addiction,
2c7b0988-b1b5-46bc-8305-72202b340ee140,User,Test,Website,en,,Unknown,Unknown,Unknown,"Our marriage feels like it's running on autopilot, and intimacy is nonexistent.",Family and Marriage,
2c7b0988-b1b5-46bc-8305-72202b340ee141,User,Test,Website,en,,Unknown,Unknown,Unknown,"I want to say goodbye, but I'm not sure if anyone will care.",Suicide,
2c7b0988-b1b5-46bc-8305-72202b340ee142,User,Test,Website,en,,Unknown,Unknown,Unknown,I’m close to giving up because I don't feel loved or needed anymore.,Suicide,
2c7b0988-b1b5-46bc-8305-72202b340ee143,User,Test,Website,en,,Unknown,Unknown,Unknown,I lie to my family about my drug use because I’m afraid of their reaction.,Alcoholism and Drug Addiction,
2c7b0988-b1b5-46bc-8305-72202b340ee144,User,Test,Website,en,,Unknown,Unknown,Unknown,I’m terrified about an upcoming court case that could drastically change my life.,Crisis,
2c7b0988-b1b5-46bc-8305-72202b340ee145,User,Test,Website,en,,Unknown,Unknown,Unknown,"Every day feels heavier, and I think it might be time to let go.",Suicide,
2c7b0988-b1b5-46bc-8305-72202b340ee146,User,Test,Website,en,,Unknown,Unknown,Unknown,I’m struggling to find balance between work and personal goals.,General,
2c7b0988-b1b5-46bc-8305-72202b340ee147,User,Test,Website,en,,Unknown,Unknown,Unknown,"Dark shadows move at the corner of my vision, intensifying my fear.",Spiritual Warfare,
2c7b0988-b1b5-46bc-8305-72202b340ee148,User,Test,Website,en,,Unknown,Unknown,Unknown,"I've been silently planning my death for weeks, convinced no one would even notice.",Suicide,
2c7b0988-b1b5-46bc-8305-72202b340ee149,User,Test,Website,en,,Unknown,Unknown,Unknown,I worry I lack direction and keep changing my mind about crucial life decisions.,General,
2c7b0988-b1b5-46bc-8305-72202b340ee150,User,Test,Website,en,,Unknown,Unknown,Unknown,I can’t see a reason to live anymore and need someone to talk to.,Suicide,
2c7b0988-b1b5-46bc-8305-72202b340ee151,User,Test,Website,en,,Unknown,Unknown,Unknown,I'm scared by how often I imagine not waking up tomorrow.,Suicide,
2c7b0988-b1b5-46bc-8305-72202b340ee152,User,Test,Website,en,,Unknown,Unknown,Unknown,"I feel unmotivated and disconnected, trying to understand why things seem pointless.",General,
2c7b0988-b1b5-46bc-8305-72202b340ee153,User,Test,Website,en,,Unknown,Unknown,Unknown,"The withdrawals scare me more than anything, and that keeps me stuck in addiction.",Alcoholism and Drug Addiction,
2c7b0988-b1b5-46bc-8305-72202b340ee154,User,Test,Website,en,,Unknown,Unknown,Unknown,"All my dreams are gone, and I see no meaningful future for myself.",Suicide,
2c7b0988-b1b5-46bc-8305-72202b340ee155,User,Test,Website,en,,Unknown,Unknown,Unknown,"Sometimes I wish I could just quit cold turkey, but I'm too scared.",Alcoholism and Drug Addiction,
2c7b0988-b1b5-46bc-8305-72202b340ee156,User,Test,Website,en,,Unknown,Unknown,Unknown,"We have completely different values, and it's affecting every decision we make.",Family and Marriage,
2c7b0988-b1b5-46bc-8305-72202b340ee157,User,Test,Website,en,,Unknown,Unknown,Unknown,"I want help, but I’m afraid of being judged for my addiction struggles.",Alcoholism and Drug Addiction,
2c7b0988-b1b5-46bc-8305-72202b340ee158,User,Test,Website,en,,Unknown,Unknown,Unknown,"I wake up shaking without a drink, and I hate that I need it.",Alcoholism and Drug Addiction,
2c7b0988-b1b5-46bc-8305-72202b340ee159,User,Test,Website,en,,Unknown,Unknown,Unknown,I’m thinking of ending things quietly to avoid burdening people with my troubles.,Suicide,
2c7b0988-b1b5-46bc-8305-72202b340ee160,User,Test,Website,en,,Unknown,Unknown,Unknown,"Life changes are happening too fast, and I'm struggling to adapt.",General,
2c7b0988-b1b5-46bc-8305-72202b340ee161,User,Test,Website,en,,Unknown,Unknown,Unknown,"I’ve stolen money to buy drugs, and guilt is eating me up inside.",Alcoholism and Drug Addiction,
2c7b0988-b1b5-46bc-8305-72202b340ee162,User,Test,Website,en,,Unknown,Unknown,Unknown,"We’ve stopped talking about our future together, and it scares me.",Family and Marriage,
2c7b0988-b1b5-46bc-8305-72202b340ee163,User,Test,Website,en,,Unknown,Unknown,Unknown,"I don’t feel valued in this marriage, and it’s making me question my future.",Family and Marriage,
2c7b0988-b1b5-46bc-8305-72202b340ee164,User,Test,Website,en,,Unknown,Unknown,Unknown,I’m tired of pretending everything is fine when our relationship is actually crumbling.,Family and Marriage,
2c7b0988-b1b5-46bc-8305-72202b340ee165,User,Test,Website,en,,Unknown,Unknown,Unknown,"Everything feels urgent, and I have no idea which disaster to handle first.",Crisis,
2c7b0988-b1b5-46bc-8305-72202b340ee166,User,Test,Website,en,,Unknown,Unknown,Unknown,"My partner’s family never accepts me, and I’m tired of trying to fit in.",Family and Marriage,
2c7b0988-b1b5-46bc-8305-72202b340ee167,User,Test,Website,en,,Unknown,Unknown,Unknown,"My partner and I can’t agree on parenting methods, leading to endless conflicts.",Family and Marriage,
2c7b0988-b1b5-46bc-8305-72202b340ee168,User,Test,Website,en,,Unknown,Unknown,Unknown,"I keep denying I have a problem with prescription pills, but it’s getting worse.",Alcoholism and Drug Addiction,
2c7b0988-b1b5-46bc-8305-72202b340ee169,User,Test,Website,en,,Unknown,Unknown,Unknown,"My whole life feels like it's crumbling, and I don't know who to trust.",Crisis,
2c7b0988-b1b5-46bc-8305-72202b340ee170,User,Test,Website,en,,Unknown,Unknown,Unknown,Family reunions are stressful because everyone fights about old grievances.,Family and Marriage,
2c7b0988-b1b5-46bc-8305-72202b340ee171,User,Test,Website,en,,Unknown,Unknown,Unknown,"I lost my job due to my substance use, and I fear losing my family next.",Alcoholism and Drug Addiction,
2c7b0988-b1b5-46bc-8305-72202b340ee172,User,Test,Website,en,,Unknown,Unknown,Unknown,"I keep feeling compelled to act out in anger, which isn't like me.",Spiritual Warfare,
2c7b0988-b1b5-46bc-8305-72202b340ee173,User,Test,Website,en,,Unknown,Unknown,Unknown,"I’m stuck in a job I dislike, searching for something more meaningful.",General,
2c7b0988-b1b5-46bc-8305-72202b340ee174,User,Test,Website,en,,Unknown,Unknown,Unknown,I wish I had a mentor or someone to guide me in life decisions.,General,
2c7b0988-b1b5-46bc-8305-72202b340ee175,User,Test,Website,en,,Unknown,Unknown,Unknown,"I suspect an evil presence in my home, disrupting my peace and well-being.",Spiritual Warfare,
2c7b0988-b1b5-46bc-8305-72202b340ee176,User,Test,Website,en,,Unknown,Unknown,Unknown,"I’m in a financial crisis with mounting debt, unsure how to keep going.",Crisis,
2c7b0988-b1b5-46bc-8305-72202b340ee177,User,Test,Website,en,,Unknown,Unknown,Unknown,I hear discouraging voices in my head whenever I try to pray or meditate.,Spiritual Warfare,
2c7b0988-b1b5-46bc-8305-72202b340ee178,User,Test,Website,en,,Unknown,Unknown,Unknown,"Everything is spiraling out of control, and I'm scared about the future.",Crisis,
2c7b0988-b1b5-46bc-8305-72202b340ee179,User,Test,Website,en,,Unknown,Unknown,Unknown,I’m juggling multiple priorities and feel close to burning out completely.,General,
2c7b0988-b1b5-46bc-8305-72202b340ee180,User,Test,Website,en,,Unknown,Unknown,Unknown,I sense invisible resistance whenever I take steps toward spiritual practices or rituals.,Spiritual Warfare,
2c7b0988-b1b5-46bc-8305-72202b340ee181,User,Test,Website,en,,Unknown,Unknown,Unknown,My dependency on alcohol has led me to neglect important responsibilities at home.,Alcoholism and Drug Addiction,
2c7b0988-b1b5-46bc-8305-72202b340ee182,User,Test,Website,en,,Unknown,Unknown,Unknown,"I fear my children are noticing my alcohol abuse, and it makes me feel awful.",Alcoholism and Drug Addiction,
2c7b0988-b1b5-46bc-8305-72202b340ee183,User,Test,Website,en,,Unknown,Unknown,Unknown,I’m scared by how calm I feel about the idea of taking my life.,Suicide,
2c7b0988-b1b5-46bc-8305-72202b340ee184,User,Test,Website,en,,Unknown,Unknown,Unknown,I’m numb to everything except this desire to escape life permanently.,Suicide,
2c7b0988-b1b5-46bc-8305-72202b340ee185,User,Test,Website,en,,Unknown,Unknown,Unknown,"I never thought I'd become dependent on alcohol, but now I can’t function without it.",Alcoholism and Drug Addiction,
2c7b0988-b1b5-46bc-8305-72202b340ee186,User,Test,Website,en,,Unknown,Unknown,Unknown,"I am struggling with intense temptations, more than I can handle alone.",Spiritual Warfare,
2c7b0988-b1b5-46bc-8305-72202b340ee187,User,Test,Website,en,,Unknown,Unknown,Unknown,"I’m worried my attempts to stay alive are wearing thin, and I might give in.",Suicide,
2c7b0988-b1b5-46bc-8305-72202b340ee188,User,Test,Website,en,,Unknown,Unknown,Unknown,"My self-confidence has dipped lately, and I’m looking for ways to rebuild it.",General,
2c7b0988-b1b5-46bc-8305-72202b340ee189,User,Test,Website,en,,Unknown,Unknown,Unknown,"I feel overshadowed by my partner’s family, and it’s crushing my self-esteem.",Family and Marriage,
2c7b0988-b1b5-46bc-8305-72202b340ee190,User,Test,Website,en,,Unknown,Unknown,Unknown,We can't seem to resolve minor disagreements before they escalate into big arguments.,Family and Marriage,
2c7b0988-b1b5-46bc-8305-72202b340ee191,User,Test,Website,en,,Unknown,Unknown,Unknown,"My business collapsed overnight, leaving me anxious and uncertain about how to rebuild.",Crisis,
2c7b0988-b1b5-46bc-8305-72202b340ee192,User,Test,Website,en,,Unknown,Unknown,Unknown,Thinking about death brings me a strange sense of relief from this anguish.,Suicide,
2c7b0988-b1b5-46bc-8305-72202b340ee193,User,Test,Website,en,,Unknown,Unknown,Unknown,I’ve reached a critical breaking point and fear making rash decisions.,Crisis,
2c7b0988-b1b5-46bc-8305-72202b340ee194,User,Test,Website,en,,Unknown,Unknown,Unknown,"I’ve found inappropriate messages on my partner’s phone, leaving me devastated.",Family and Marriage,
2c7b0988-b1b5-46bc-8305-72202b340ee195,User,Test,Website,en,,Unknown,Unknown,Unknown,I need help breaking old habits and creating a healthier lifestyle overall.,General,
2c7b0988-b1b5-46bc-8305-72202b340ee196,User,Test,Website,en,,Unknown,Unknown,Unknown,My mind keeps telling me there's no point in continuing this miserable fight.,Suicide,
2c7b0988-b1b5-46bc-8305-72202b340ee197,User,Test,Website,en,,Unknown,Unknown,Unknown,Unexplainable chills and fear strike me when I read sacred texts aloud.,Spiritual Warfare,
2c7b0988-b1b5-46bc-8305-72202b340ee198,User,Test,Website,en,,Unknown,Unknown,Unknown,I'm dealing with overwhelming grief after losing a loved one unexpectedly.,Crisis,
2c7b0988-b1b5-46bc-8305-72202b340ee199,User,Test,Website,en,,Unknown,Unknown,Unknown,"My spiritual journey has become frightening, and I feel a malicious presence nearby.",Spiritual Warfare,
2c7b0988-b1b5-46bc-8305-72202b340ee200,User,Test,Website,en,,Unknown,Unknown,Unknown,I’m worried that constant financial struggles are damaging our relationship’s foundation.,Family and Marriage,
2c7b0988-b1b5-46bc-8305-72202b340ee201,User,Test,Website,en,,Unknown,Unknown,Unknown,"I keep blaming others for my substance use, but I know it’s on me.",Alcoholism and Drug Addiction,
2c7b0988-b1b5-46bc-8305-72202b340ee202,User,Test,Website,en,,Unknown,Unknown,Unknown,I’m worried about the long-term damage this lifestyle is causing my body.,Alcoholism and Drug Addiction,
2c7b0988-b1b5-46bc-8305-72202b340ee203,User,Test,Website,en,,Unknown,Unknown,Unknown,"My partner lost their job, and the financial strain is testing our commitment.",Family and Marriage,
2c7b0988-b1b5-46bc-8305-72202b340ee204,User,Test,Website,en,,Unknown,Unknown,Unknown,"I’ve been lying to my sponsor, pretending I’m sober when I’m not.",Alcoholism and Drug Addiction,
2c7b0988-b1b5-46bc-8305-72202b340ee205,User,Test,Website,en,,Unknown,Unknown,Unknown,"My family confronted me about my addiction, and now I’m terrified they’ll abandon me.",Alcoholism and Drug Addiction,
2c7b0988-b1b5-46bc-8305-72202b340ee206,User,Test,Website,en,,Unknown,Unknown,Unknown,"I can't control my urge to use substances, and it’s scaring me.",Alcoholism and Drug Addiction,
2c7b0988-b1b5-46bc-8305-72202b340ee207,User,Test,Website,en,,Unknown,Unknown,Unknown,"My mental state is deteriorating under massive pressure, and I need immediate help.",Crisis,
2c7b0988-b1b5-46bc-8305-72202b340ee208,User,Test,Website,en,,Unknown,Unknown,Unknown,I long for liberation from this dark force that keeps me restless at night.,Spiritual Warfare,
2c7b0988-b1b5-46bc-8305-72202b340ee209,User,Test,Website,en,,Unknown,Unknown,Unknown,"Even with therapy, I struggle to resist drugs when I'm anxious or depressed.",Alcoholism and Drug Addiction,
2c7b0988-b1b5-46bc-8305-72202b340ee210,User,Test,Website,en,,Unknown,Unknown,Unknown,"I’ve made mistakes I can’t fix, and ending my life seems like the only solution.",Suicide,
2c7b0988-b1b5-46bc-8305-72202b340ee211,User,Test,Website,en,,Unknown,Unknown,Unknown,I worry about disappointing my family by not following the path they chose.,General,
2c7b0988-b1b5-46bc-8305-72202b340ee212,User,Test,Website,en,,Unknown,Unknown,Unknown,I can’t remember what it's like to have fun without being under the influence.,Alcoholism and Drug Addiction,
2c7b0988-b1b5-46bc-8305-72202b340ee213,User,Test,Website,en,,Unknown,Unknown,Unknown,My spouse’s anger issues lead to heated fights that frighten our children.,Family and Marriage,
2c7b0988-b1b5-46bc-8305-72202b340ee214,User,Test,Website,en,,Unknown,Unknown,Unknown,I just need someone to listen because I feel invisible and unheard.,General,
2c7b0988-b1b5-46bc-8305-72202b340ee215,User,Test,Website,en,,Unknown,Unknown,Unknown,"My partner refuses counseling, and I’m unsure how to mend our broken bond.",Family and Marriage,
2c7b0988-b1b5-46bc-8305-72202b340ee216,User,Test,Website,en,,Unknown,Unknown,Unknown,I’m ashamed of my suicidal thoughts but can’t keep them to myself anymore.,Suicide,
2c7b0988-b1b5-46bc-8305-72202b340ee217,User,Test,Website,en,,Unknown,Unknown,Unknown,I’m constantly planning how to end my life because nothing else works.,Suicide,
2c7b0988-b1b5-46bc-8305-72202b340ee218,User,Test,Website,en,,Unknown,Unknown,Unknown,I feel that I'm in danger but have nobody to rely on for immediate help.,Crisis,
2c7b0988-b1b5-46bc-8305-72202b340ee219,User,Test,Website,en,,Unknown,Unknown,Unknown,I’m concerned my child's behavior issues are tearing the family dynamic apart.,Family and Marriage,
2c7b0988-b1b5-46bc-8305-72202b340ee220,User,Test,Website,en,,Unknown,Unknown,Unknown,"I used to have big dreams, but my drug habit shattered all my ambitions.",Alcoholism and Drug Addiction,
2c7b0988-b1b5-46bc-8305-72202b340ee221,User,Test,Website,en,,Unknown,Unknown,Unknown,"I want to believe there’s hope for recovery, but I keep failing and feel trapped.",Alcoholism and Drug Addiction,
2c7b0988-b1b5-46bc-8305-72202b340ee222,User,Test,Website,en,,Unknown,Unknown,Unknown,"Our blended family struggles to get along, causing daily conflicts and misunderstandings.",Family and Marriage,
2c7b0988-b1b5-46bc-8305-72202b340ee223,User,Test,Website,en,,Unknown,Unknown,Unknown,I feel my spouse doesn’t respect my boundaries or opinions anymore.,Family and Marriage,
2c7b0988-b1b5-46bc-8305-72202b340ee224,User,Test,Website,en,,Unknown,Unknown,Unknown,Daily life feels like a constant struggle against evil forces I can't perceive.,Spiritual Warfare,
2c7b0988-b1b5-46bc-8305-72202b340ee225,User,Test,Website,en,,Unknown,Unknown,Unknown,"Family gatherings always end in shouting matches, and I dread attending them.",Family and Marriage,